,T,Age,Sex,yo1,yo1CF,y1,y1CF,yo2,yo2CF,y2,y2CF,yo3,yo3CF,y3,y3CF
416,1,1,1,115,-105,124.83131843934453,-99.70612684485496,160,130,156.71732132691128,141.0042053167067,160,-60,167.102577260082,-67.93107601078094
488,1,1,1,115,-105,115.27499133989744,-105.5464829557134,160,130,164.27164218896573,127.44018894576845,160,-60,163.10815053594214,-61.33916684915177
358,-1,1,1,-105,115,-95.10827200340759,108.92303396829944,130,160,125.86645510289831,151.95283910428526,-60,160,-70.39610286645578,147.9392780714226
451,1,1,-1,-85,75,-79.42039098835052,75.46553166252805,-40,-70,-30.3437732301567,-75.53586124890474,150,-70,146.62331263695208,-75.02485958316156
13,-1,1,-1,75,-85,70.70501316662603,-87.44534287009529,-70,-40,-64.74005078256008,-42.77157378993134,-70,150,-73.69994704909993,158.33077499741557
499,1,1,-1,-85,75,-78.7572819950826,75.01564581864704,-40,-70,-42.48962751455551,-70.2487845704926,150,-70,139.62590342375108,-68.20978325275333
453,1,1,-1,-85,75,-70.96791007491977,75.31820621636975,-40,-70,-39.05072249849458,-76.44143416603879,150,-70,155.10786374675484,-64.8757420563909
19,-1,1,-1,75,-85,71.8095974518812,-84.28778950464688,-70,-40,-72.03029130257234,-31.55366267443045,-70,150,-71.95170397214852,155.48393650143788
115,-1,1,-1,75,-85,71.94735817249989,-78.86144147104987,-70,-40,-72.05003194718837,-50.70554764647475,-70,150,-69.10192086770131,151.82369646713275
367,-1,1,-1,75,-85,72.85410563409637,-82.70405028288681,-70,-40,-62.18396503521897,-35.1317173277911,-70,150,-70.34873888252675,150.64612469728496
402,1,1,1,115,-105,116.21916528799912,-97.05785686542293,160,130,166.82867527134619,129.46676385257948,160,-60,159.9677527111573,-54.18911862574335
18,-1,1,1,-105,115,-94.84734880434868,113.4443296563216,130,160,133.82809457602318,153.82702310996348,-60,160,-68.84633969726174,157.59320147653904
207,-1,1,-1,75,-85,71.45907322065733,-85.73733640464978,-70,-40,-62.34530562674489,-35.61435619574784,-70,150,-72.13054220092356,156.90300296204478
304,-1,1,1,-105,115,-113.38516002581359,109.1469607841719,130,160,139.53629935465653,163.52254327038347,-60,160,-60.31524575994065,159.7114088857182
417,1,1,-1,-85,75,-83.36997060171281,83.0841273193411,-40,-70,-38.62016823371492,-75.59290205630022,150,-70,153.55807518839094,-70.7953541445762
368,-1,1,1,-105,115,-96.31084155370786,124.58957196221532,130,160,134.80957520440646,164.94818372101955,-60,160,-58.65829343053463,157.61736962357406
157,-1,1,-1,75,-85,72.1805063736514,-98.5572362339535,-70,-40,-65.84951997949945,-37.22744081446268,-70,150,-79.40757103972527,148.59023524946423
134,-1,1,1,-105,115,-101.06485123499458,120.40460290878322,130,160,129.8808499307749,162.1459532628765,-60,160,-60.49537020236983,161.73178395242678
326,-1,1,1,-105,115,-105.86875626215169,116.73277750535875,130,160,135.42184555394107,159.83606305398158,-60,160,-65.7044646805817,165.47251682808246
496,1,1,1,115,-105,119.24563499413573,-106.24524780491521,160,130,162.91377959791743,130.00258368834528,160,-60,165.41478278127408,-64.04447133587794
221,-1,1,-1,75,-85,82.48541222982517,-87.4332358726381,-70,-40,-75.29251276062116,-30.047500361461836,-70,150,-67.83379537672752,154.61637357029696
419,1,1,-1,-85,75,-88.81728460433784,76.08048709326764,-40,-70,-38.41747294609606,-64.40634641625371,150,-70,151.40317679991094,-71.25328256881426
66,-1,1,1,-105,115,-103.52892234499281,115.46689293357139,130,160,134.53748295556312,156.13693223942872,-60,160,-61.85551918629963,161.43949972419915
247,-1,1,-1,75,-85,70.16485188789332,-81.31145619150757,-70,-40,-75.71165342825537,-45.18879549495516,-70,150,-64.96733135995737,145.2255657435641
275,-1,1,-1,75,-85,78.02970992489841,-89.14891187843115,-70,-40,-70.77966588938479,-37.3531171435169,-70,150,-76.17625984022,144.21138776418695
332,-1,1,1,-105,115,-108.59709825281803,113.68102517068561,130,160,125.46648486328482,162.91716557277613,-60,160,-56.54328379993911,155.89404713096138
71,-1,1,-1,75,-85,71.4861343375319,-85.64945591125178,-70,-40,-61.488209156958256,-34.74448448924635,-70,150,-73.88323157608788,155.55617386704475
242,-1,1,1,-105,115,-112.66012851278249,110.2726547959187,130,160,129.74987322516304,161.42122074697133,-60,160,-64.62987904762883,170.8308310319663
256,-1,1,1,-105,115,-101.515792407589,116.7552080659351,130,160,129.60206122131407,157.03157135848315,-60,160,-56.41663898628152,154.00864086276732
353,-1,1,-1,75,-85,81.93020354186812,-85.34479382865663,-70,-40,-76.13798178546604,-51.98094143412975,-70,150,-70.0956587653341,152.18110233816864
59,-1,1,-1,75,-85,81.95865524968804,-82.6190249891821,-70,-40,-65.54775201066889,-42.09158972827808,-70,150,-73.76509482440567,152.70948170073416
171,-1,1,-1,75,-85,78.27707754493146,-91.29022008484547,-70,-40,-68.15810449339192,-38.886507159229616,-70,150,-74.00081134651926,150.27948754020184
199,-1,1,-1,75,-85,76.39778929804991,-86.51212171823369,-70,-40,-68.88222962412992,-42.53894595515615,-70,150,-68.45874917192862,148.05227999675373
16,-1,1,1,-105,115,-108.07450926293852,113.70337277974538,130,160,128.15268851933146,157.95498418804382,-60,160,-51.910436982631815,158.51742549862863
491,1,1,-1,-85,75,-87.09656954045673,74.12315939051574,-40,-70,-48.33806284932598,-68.34745113816177,150,-70,149.92169812199003,-66.1585748587576
132,-1,1,1,-105,115,-106.16028887908824,106.86853109503213,130,160,127.96145638533119,153.83215180928178,-60,160,-62.94716422338087,158.25806635888725
482,1,1,1,115,-105,114.92697183318619,-106.08088563527569,160,130,158.37095639565462,121.74914803138051,160,-60,152.42407923479502,-61.511064758441975
346,-1,1,1,-105,115,-103.9464868351919,111.42200425914406,130,160,140.11092148531216,162.90282376560836,-60,160,-65.97221845850815,148.8166827975866
24,-1,1,1,-105,115,-103.66245167212473,116.88278016806727,130,160,128.83306790625636,162.31021071809016,-60,160,-53.64411950187544,159.4330030885818
228,-1,1,1,-105,115,-100.89765148187419,113.80538838670827,130,160,125.24278248703739,162.1048214436547,-60,160,-67.83354395294745,153.6999009647278
362,-1,1,1,-105,115,-106.86826817117239,113.08791252275752,130,160,132.53590395367436,164.84433294720154,-60,160,-60.774626307001675,158.13013748459736
152,-1,1,1,-105,115,-107.29319098199343,120.61168174478166,130,160,131.05169126921592,163.87743646244024,-60,160,-62.53664041458528,150.6726337044513
48,-1,1,1,-105,115,-101.59369627468777,118.89006136477266,130,160,127.61048503628328,165.7624731695001,-60,160,-63.65250132038477,155.12926881316042
97,-1,1,-1,75,-85,73.07398063170221,-86.88385635060148,-70,-40,-74.79664874763088,-37.052617153669736,-70,150,-65.25671144403732,149.344826839414
288,-1,1,1,-105,115,-100.22088932043232,111.19319692848394,130,160,125.98528567964199,163.69259671333197,-60,160,-61.90230610656991,158.97732238108455
294,-1,1,1,-105,115,-99.0689699504593,114.54026691319783,130,160,130.35942650385323,162.23577868359055,-60,160,-62.30580054083667,162.38966230279033
170,-1,1,1,-105,115,-108.43023783145797,113.74527969880349,130,160,127.32081060617733,164.52353232455786,-60,160,-66.5144148818748,154.3863311681371
154,-1,1,1,-105,115,-104.5494442499633,113.94836617852044,130,160,126.03042792830529,157.4201390592499,-60,160,-63.876840715999336,158.24634212692382
330,-1,1,1,-105,115,-107.92308773960758,115.59093158943851,130,160,129.89781112001833,150.45445384031564,-60,160,-64.14033572279604,150.98473237106214
315,-1,1,-1,75,-85,75.71931863699746,-82.69723229275161,-70,-40,-73.84444600089003,-37.59290301471856,-70,150,-70.36331668565114,151.89049742158358
161,-1,1,-1,75,-85,66.43703291371693,-88.20931133450463,-70,-40,-61.08685483943159,-43.2757560512823,-70,150,-79.98213380195436,138.3116533682357
223,-1,1,-1,75,-85,76.01035597740194,-87.99808580726007,-70,-40,-65.62108989089974,-37.73717295221251,-70,150,-67.94675873840141,150.37115231840042
335,-1,1,-1,75,-85,71.21500746346676,-89.46588081265809,-70,-40,-66.7204594625533,-41.22253368608897,-70,150,-62.38710063915133,149.48269279798342
295,-1,1,-1,75,-85,75.42431818696552,-85.82037240388601,-70,-40,-78.00756191851794,-52.87461026356361,-70,150,-73.25898908058622,152.06504887953187
116,-1,1,1,-105,115,-112.62854625884346,108.11661770375774,130,160,128.92852269971138,163.003848372101,-60,160,-62.01758249564363,161.81510925489226
89,-1,1,-1,75,-85,84.06089549189335,-83.12153664432903,-70,-40,-72.0291981032594,-32.24968782075584,-70,150,-64.32785350110302,143.73790171424272
268,-1,1,1,-105,115,-101.42084426366193,110.19811808398734,130,160,130.2103045950582,166.13338864293706,-60,160,-58.31813183560524,163.38800923082331
219,-1,1,-1,75,-85,81.67455069538971,-77.65913037724404,-70,-40,-68.34257547843984,-55.94755193318952,-70,150,-64.38787557006907,149.46500778538254
481,1,1,-1,-85,75,-78.63937758195542,72.96468631636004,-40,-70,-42.68932867051443,-66.67330256384618,150,-70,139.03030521519105,-65.53739307639395
84,-1,1,1,-105,115,-109.8872875657247,114.90139752632969,130,160,124.11443271840113,155.35297561877513,-60,160,-62.58857067531247,162.6724182114717
310,-1,1,1,-105,115,-96.27942457410963,120.56823519817324,130,160,138.19584053051946,163.48905814729534,-60,160,-61.09223885853105,156.10339865083608
343,-1,1,-1,75,-85,72.52492200937758,-81.3488177978003,-70,-40,-74.02626803193503,-39.29802828586,-70,150,-77.27265826625606,146.04187824362765
220,-1,1,1,-105,115,-113.3982370300181,119.96953840905503,130,160,132.36021692075263,161.5457868997797,-60,160,-60.35609070060535,158.23891290507
104,-1,1,1,-105,115,-110.93096715772957,114.75383478058934,130,160,127.07353704194863,162.04841297524092,-60,160,-58.24677833272552,157.52851571905697
363,-1,1,-1,75,-85,74.15760083751127,-85.87535986023595,-70,-40,-79.72695161827772,-31.145767522799925,-70,150,-64.13430686976659,145.1352409636697
447,1,1,-1,-85,75,-83.33087092512969,82.37651333945242,-40,-70,-39.49916392903056,-70.52639767458633,150,-70,155.2333891971547,-75.19209837959644
390,-1,1,1,-105,115,-94.15961257713258,109.8995136023972,130,160,128.5136758976565,159.4999525587473,-60,160,-57.409466019465086,155.09743319980998
433,1,1,-1,-85,75,-80.38115882267576,76.54606157256417,-40,-70,-43.779832150045976,-69.10764039170584,150,-70,154.06359279566433,-62.63741650705366
307,-1,1,-1,75,-85,73.91228457124454,-79.13863272930536,-70,-40,-67.38467968804666,-42.44091100989798,-70,150,-70.35551304264645,157.45503630032485
176,-1,1,1,-105,115,-102.96028182329097,116.10845674719232,130,160,131.06904293272436,162.0898402078898,-60,160,-52.36487134655369,168.22611340293028
403,1,1,-1,-85,75,-80.22270719680189,64.42432289159424,-40,-70,-32.169536418831164,-72.96330785624384,150,-70,147.89493329675693,-65.98618185084561
133,-1,1,-1,75,-85,81.41846455626936,-90.67089165147365,-70,-40,-71.19546344570672,-37.07610106583178,-70,150,-71.89644749172854,145.72381084410443
109,-1,1,-1,75,-85,72.9297454214862,-94.29158441702475,-70,-40,-57.80904215326348,-44.42272542230029,-70,150,-75.13775651071275,154.2671364696983
137,-1,1,-1,75,-85,79.14055626848956,-87.25857110580884,-70,-40,-70.50282218024971,-37.44481072450512,-70,150,-67.33159437930428,146.9468158774819
460,1,1,1,115,-105,105.83857063736497,-112.00449449806983,160,130,160.58239423463152,132.16031195155986,160,-60,159.82921548551587,-55.42157616992214
473,1,1,-1,-85,75,-81.85270167912363,78.63889636489598,-40,-70,-43.747692395917284,-76.99325322064618,150,-70,148.37477721117665,-65.80713502599696
293,-1,1,-1,75,-85,76.38488360908403,-73.4881332214857,-70,-40,-70.45013678118173,-37.8955865671616,-70,150,-70.51394674611326,154.35254578478822
414,1,1,1,115,-105,120.43747815251672,-106.91266144792942,160,130,154.16229460850096,128.57244303429056,160,-60,160.67058028474406,-61.78517659552999
413,1,1,-1,-85,75,-82.0729810007407,74.93186288791972,-40,-70,-39.27804874819012,-65.47249858465737,150,-70,146.40126635696905,-64.46831279445973
342,-1,1,1,-105,115,-106.82664316511053,118.5236334852267,130,160,121.0499235304878,165.63781719010643,-60,160,-51.649426699328714,163.08072446838185
193,-1,1,-1,75,-85,75.38043836025413,-79.87042399014852,-70,-40,-62.79977658196044,-45.98669090073087,-70,150,-76.54889039721675,149.14199618164255
233,-1,1,-1,75,-85,71.24437726980845,-82.3296972347268,-70,-40,-69.38079122686337,-39.67531657847015,-70,150,-69.97851271126211,148.76885650040552
98,-1,1,1,-105,115,-102.72194378525269,119.32677016510252,130,160,135.63773956532282,154.28754435427928,-60,160,-66.05638077032326,150.98391544379453
198,-1,1,1,-105,115,-105.58759520881586,110.27816821329898,130,160,139.97505019796358,162.41578540705203,-60,160,-63.31674246886926,160.71679939697628
365,-1,1,-1,75,-85,76.9199623322457,-81.54066814477238,-70,-40,-76.9472397155387,-43.58047906194464,-70,150,-77.43120370923532,155.7284830282607
364,-1,1,1,-105,115,-100.9820397441783,122.35992943323976,130,160,131.82303501964395,154.97096069990812,-60,160,-64.36640038632419,157.52037099073252
246,-1,1,1,-105,115,-111.50915614279381,115.63206664066188,130,160,128.86696855662208,157.25307623064464,-60,160,-60.7248208396265,160.77607822998286
474,1,1,1,115,-105,115.49890386306893,-98.06189927846954,160,130,158.05405865849684,128.42631334438167,160,-60,150.81577604538595,-55.936049176726506
469,1,1,-1,-85,75,-84.36498582713433,68.32530167148116,-40,-70,-46.336879447727604,-65.76331936714834,150,-70,138.45313415181081,-67.57387823535801
399,-1,1,-1,75,-85,77.61062837467055,-88.16399247105579,-70,-40,-70.35496748711348,-38.554345131153724,-70,150,-74.45273780852847,153.6191028868887
216,-1,1,1,-105,115,-105.39401977063578,119.2190980138415,130,160,140.45121413918923,165.9354403912278,-60,160,-63.70264008764432,155.8528685409488
299,-1,1,-1,75,-85,76.56671279568259,-87.06863647710075,-70,-40,-67.64345934540485,-42.43903350284297,-70,150,-72.0762485998793,155.42942877165447
14,-1,1,1,-105,115,-112.7501981948043,114.0586926641751,130,160,128.51846728601345,161.3268529934544,-60,160,-63.95252228059502,163.60255925861364
85,-1,1,-1,75,-85,73.33905112085381,-90.58012507616876,-70,-40,-72.86453782578063,-42.1601857159695,-70,150,-68.43011686055812,137.20996664144457
72,-1,1,1,-105,115,-102.46864671935423,111.31765795176278,130,160,119.24812766403107,152.80245654495556,-60,160,-57.82620885028684,162.77027484478108
292,-1,1,1,-105,115,-102.79588583855733,110.66964164024095,130,160,123.49503592166447,158.25347330733504,-60,160,-59.42796202583373,156.30065700408014
86,-1,1,1,-105,115,-112.14778845906145,117.45400627927881,130,160,124.8454208953416,163.62857211766845,-60,160,-54.13000599860156,154.94066459376447
319,-1,1,-1,75,-85,75.99373904909801,-84.96007967928308,-70,-40,-65.56401353344316,-43.57433955670884,-70,150,-71.3061828452954,153.95776566476744
210,-1,1,1,-105,115,-110.16230792682063,116.82432925539095,130,160,136.2568216888872,164.36367916234482,-60,160,-58.21303536878893,162.5484425052595
61,-1,1,-1,75,-85,65.68178166583847,-86.611569547227,-70,-40,-70.86533038165054,-45.20830992442623,-70,150,-71.25536776757329,157.16952244358185
320,-1,1,1,-105,115,-105.21471214619068,118.08479425365822,130,160,129.47984717441759,156.41964911753863,-60,160,-58.22590256701584,165.51279591018152
287,-1,1,-1,75,-85,68.39204140889738,-93.02281577560403,-70,-40,-72.6007588150449,-38.26935638380816,-70,150,-73.53220475755289,149.45047527317658
321,-1,1,-1,75,-85,80.27688352955298,-90.5662531077573,-70,-40,-72.99995551022053,-38.34600309977697,-70,150,-61.27605409029269,156.52620776477008
401,1,1,-1,-85,75,-90.80747735734977,77.41539832958661,-40,-70,-43.387858754942776,-71.29205027480528,150,-70,148.2484753530351,-58.259458428843736
487,1,1,-1,-85,75,-90.15685757718924,78.52863622350708,-40,-70,-41.71170539920158,-72.4250889753248,150,-70,152.51378209923644,-68.98613740591817
32,-1,1,1,-105,115,-108.1718589714989,120.38486659865167,130,160,122.27993215648947,157.07010110040002,-60,160,-59.579873388794745,153.03757243774007
467,1,1,-1,-85,75,-89.38300297624396,73.89571940033095,-40,-70,-35.349931696923775,-63.76199127487045,150,-70,145.65380326235714,-82.00592903928963
67,-1,1,-1,75,-85,66.27110399872038,-82.73394532535761,-70,-40,-73.33196172734716,-45.46288052569709,-70,150,-72.93018917411538,149.741083364843
180,-1,1,1,-105,115,-103.23236998915893,109.46068087802442,130,160,130.137133758666,161.25067382578447,-60,160,-60.123782058942226,161.1242192878864
249,-1,1,-1,75,-85,70.95461526418373,-88.40613594634432,-70,-40,-67.59503830585736,-29.873332290274178,-70,150,-70.88371540594369,154.1568931404481
45,-1,1,-1,75,-85,68.15000402274158,-87.71071906206083,-70,-40,-68.31408525587092,-38.58065809038314,-70,150,-76.01281392961064,150.25332296988154
388,-1,1,1,-105,115,-112.22039050974848,112.66118666768705,130,160,136.68540158001437,161.03437937856347,-60,160,-57.39074247538016,160.04362822139592
400,1,1,1,115,-105,121.68682406182904,-102.27171176179691,160,130,160.14547751545845,125.7844716035498,160,-60,158.28889185435264,-53.27343329838744
344,-1,1,1,-105,115,-110.04210708319924,118.99677268358332,130,160,127.74277963059816,157.10361630299502,-60,160,-52.762983290647455,162.58095721187573
146,-1,1,1,-105,115,-101.73899387750453,112.49894518694438,130,160,130.50587336777218,162.13021365182826,-60,160,-63.176511391052074,158.72997773445982
495,1,1,-1,-85,75,-90.80889536063778,72.83660598177943,-40,-70,-43.11428158654183,-66.11678081971834,150,-70,154.3862698663504,-64.81845300947593
5,-1,1,-1,75,-85,77.98305852848466,-96.15520796914858,-70,-40,-67.83066267294306,-46.426782213749455,-70,150,-70.48846981253196,145.01018720529765
177,-1,1,-1,75,-85,73.31438556740686,-82.03363376384934,-70,-40,-73.64979185208657,-44.30152015649855,-70,150,-66.98685406167252,140.1321103363952
386,-1,1,1,-105,115,-107.25567592115553,120.24854397188446,130,160,132.09370829503925,159.99693344739,-60,160,-48.098300189778755,157.04384716054494
398,-1,1,1,-105,115,-102.47355149648108,117.00406072644509,130,160,137.29964502004228,153.7128938735314,-60,160,-53.176293427947954,160.39085306409123
120,-1,1,1,-105,115,-106.60773766870817,114.89437605787474,130,160,131.76486449639108,165.53135060450495,-60,160,-62.666812117040664,164.3833131806412
334,-1,1,1,-105,115,-110.38979657645577,113.77739998548304,130,160,125.17948423705968,168.32472424173656,-60,160,-63.48376146293187,160.33504707411987
267,-1,1,-1,75,-85,83.85132393961732,-75.84477795371916,-70,-40,-70.95583568359456,-46.97847765153473,-70,150,-65.51864331956524,149.30334317093104
329,-1,1,-1,75,-85,78.61510513744585,-89.75346199594136,-70,-40,-68.49160175786861,-44.27679562160784,-70,150,-64.63383097510089,156.181070473075
60,-1,1,1,-105,115,-116.65048252863312,112.19608254338438,130,160,130.65012282308857,161.38802006000554,-60,160,-50.45319911353051,162.98832515022858
383,-1,1,-1,75,-85,75.53952984404746,-80.25490440692566,-70,-40,-71.88866797973776,-41.69719209079685,-70,150,-63.441159870386116,153.63678153654564
375,-1,1,-1,75,-85,72.1471401807855,-90.24743277673947,-70,-40,-73.5264875382305,-40.00686810112692,-70,150,-74.90749816805246,156.12362046343003
478,1,1,1,115,-105,126.09304290309181,-93.58148757956602,160,130,161.59596584242246,124.15086558491842,160,-60,155.2415477076303,-56.09688937623297
472,1,1,1,115,-105,119.3396013319604,-101.21978119951656,160,130,153.81162325336308,133.04117404498632,160,-60,161.61897334057386,-61.045611581176004
6,-1,1,1,-105,115,-107.66174439135379,110.11836383113747,130,160,133.11362973358203,161.19080393527182,-60,160,-55.76982883566131,154.9889125273365
9,-1,1,-1,75,-85,72.81236327328912,-90.19861730905073,-70,-40,-59.086415400629704,-38.32127348239724,-70,150,-78.42345013748454,148.57257918358187
4,-1,1,1,-105,115,-106.95404702237417,101.1229789644348,130,160,135.9874133199411,160.60503294258612,-60,160,-55.782816585144005,156.25896382007272
273,-1,1,-1,75,-85,66.2892334904454,-87.31200645714272,-70,-40,-68.40109684433897,-39.50711332163041,-70,150,-72.3711723550946,152.59659342500882
458,1,1,1,115,-105,110.16486004423484,-104.61976187574308,160,130,157.24251219351729,126.22496911449204,160,-60,144.22202133571602,-57.57141115538701
354,-1,1,1,-105,115,-105.78063501897704,107.80911923953856,130,160,131.02015774274344,158.64802835822945,-60,160,-58.34192153761121,144.75567178693763
286,-1,1,1,-105,115,-117.96821318684745,120.14148330657973,130,160,127.51512012477423,166.4302744051375,-60,160,-70.31066058233374,155.32549470837236
117,-1,1,-1,75,-85,70.67505706783341,-82.52297083896683,-70,-40,-66.3746444080619,-36.648274104222196,-70,150,-73.8617578417666,150.18652466071464
8,-1,1,1,-105,115,-92.91789767423774,110.70399784313739,130,160,128.6542288355774,164.1302240171684,-60,160,-60.13565671111656,165.82701002581726
172,-1,1,1,-105,115,-110.35779016930141,116.05185655715286,130,160,122.0203076647607,158.92303930984198,-60,160,-67.18300694139494,165.76901236493737
39,-1,1,-1,75,-85,80.14342993516188,-88.78000041464799,-70,-40,-69.82138576935662,-30.683373019087753,-70,150,-77.11767497145269,139.05754704482337
90,-1,1,1,-105,115,-105.32698658238061,117.9302421420632,130,160,126.76195991700203,157.53621729757344,-60,160,-58.947631408450846,157.562857050892
484,1,1,1,115,-105,115.26714062433204,-105.61881870142783,160,130,157.1348769233832,138.70623977762557,160,-60,160.94040428804576,-57.194137177149415
369,-1,1,-1,75,-85,70.88461099105511,-81.1268310381587,-70,-40,-67.16888958227283,-36.17924776151227,-70,150,-63.73357070837555,142.57336989438687
396,-1,1,1,-105,115,-104.44204545108991,110.59703555469605,130,160,131.3195719460941,153.09641345574556,-60,160,-50.49717295222814,162.03842415373418
425,1,1,-1,-85,75,-82.51163004661085,69.85931439777943,-40,-70,-51.02175657613753,-64.28468037229489,150,-70,146.88353980313204,-79.41555032441369
427,1,1,-1,-85,75,-88.2606136662542,79.24314464065594,-40,-70,-41.367936027970345,-77.37651668608609,150,-70,150.38118207535385,-78.8508164546408
444,1,1,1,115,-105,112.43091549049859,-104.64408888066646,160,130,161.09884000867928,125.04484433793209,160,-60,159.7016767510302,-64.32630691399997
327,-1,1,-1,75,-85,73.84285856352508,-86.5833893277925,-70,-40,-72.51726282937699,-36.941163755227905,-70,150,-61.64164525645717,150.30162560936483
337,-1,1,-1,75,-85,77.87449637038183,-95.13331111208964,-70,-40,-73.51463730330309,-37.051072151252015,-70,150,-62.17368880620512,150.51563021787774
379,-1,1,-1,75,-85,71.52791671118645,-92.8750550157742,-70,-40,-71.60666868747707,-39.72019891899735,-70,150,-68.9946165263054,152.9560771625015
11,-1,1,-1,75,-85,72.72747237024758,-80.81889806144986,-70,-40,-71.35682181212185,-27.81783421373281,-70,150,-73.61649490273491,148.30800334354697
345,-1,1,-1,75,-85,75.55700034883436,-83.90568988109592,-70,-40,-69.22142773487977,-47.30749071590609,-70,150,-75.25001104585891,151.22039625164908
118,-1,1,1,-105,115,-98.86270356023061,121.64482364726855,130,160,137.93033376460866,165.16851907451888,-60,160,-53.67319897455544,160.7487928063012
22,-1,1,1,-105,115,-105.91178668364437,126.4700609725095,130,160,133.04226597229467,165.7144155480016,-60,160,-56.98429046971189,156.7634481985594
410,1,1,1,115,-105,120.55932980679312,-101.46490106578216,160,130,155.05787573923735,124.12889865789751,160,-60,160.34684169710334,-60.09225694414324
300,-1,1,1,-105,115,-108.66654383933331,109.09832700376467,130,160,131.33302158190568,158.71124800286202,-60,160,-61.50830038772337,159.15881278478142
493,1,1,-1,-85,75,-91.43208965944889,68.41360246472378,-40,-70,-39.95054543011022,-79.59849864368576,150,-70,148.60102111411803,-70.033631618253
341,-1,1,-1,75,-85,80.0317070150344,-90.98379486233524,-70,-40,-80.71871740632024,-37.35354853578764,-70,150,-72.51597555447844,143.61304846864704
209,-1,1,-1,75,-85,73.74850907608057,-82.73329125502987,-70,-40,-67.56467326124123,-38.14837087791421,-70,150,-76.02206303594595,151.58534923775295
432,1,1,1,115,-105,110.62387069010742,-114.53113493690208,160,130,161.37979485848405,128.8404668987626,160,-60,164.3472795096819,-62.463618853504975
135,-1,1,-1,75,-85,77.86843806739547,-87.10601794932636,-70,-40,-79.33556112628779,-27.7562537240768,-70,150,-59.47681698519984,147.16044872930084
265,-1,1,-1,75,-85,73.78168552356354,-90.79774622294852,-70,-40,-62.44958038110851,-41.353557602841065,-70,150,-68.42705829605379,139.1999425303136
373,-1,1,-1,75,-85,72.15834528931597,-93.28947458336634,-70,-40,-76.00950723717602,-42.914871657004724,-70,150,-66.88654215711676,139.31453094288642
155,-1,1,-1,75,-85,76.64554971876707,-87.34675347718404,-70,-40,-72.95851435902824,-36.68623256004304,-70,150,-65.04090614625846,139.67218613176524
455,1,1,-1,-85,75,-84.99711164270424,77.05952964135393,-40,-70,-36.46669555717836,-68.25549304555446,150,-70,152.82700518472927,-70.36952454022452
436,1,1,1,115,-105,105.70434028908954,-109.39833780398057,160,130,155.58202977803816,119.01046759926355,160,-60,160.94146303875422,-58.79801972611614
103,-1,1,-1,75,-85,82.71563003626726,-73.74691209410355,-70,-40,-68.86605226927541,-36.60192692431886,-70,150,-70.19620917950245,148.22964757190567
229,-1,1,-1,75,-85,72.70576977361213,-85.54126760346338,-70,-40,-69.17412779612084,-45.49199982516475,-70,150,-73.20444027009289,149.20229787982223
112,-1,1,1,-105,115,-97.596163855483,115.36033202330586,130,160,126.32095902985513,162.38373485562968,-60,160,-62.367204860537406,164.09819108508125
420,1,1,1,115,-105,113.96939372339534,-104.92072949053996,160,130,153.7419967010262,135.4848803393498,160,-60,162.3719412983454,-55.45673241554137
261,-1,1,-1,75,-85,82.14332818447798,-79.1341329741221,-70,-40,-58.38621416721061,-42.57914458979786,-70,150,-72.70753601879105,151.4619462165883
136,-1,1,1,-105,115,-98.5938059576138,115.77498011946587,130,160,126.34638738193408,157.45669810778472,-60,160,-61.56257630115001,161.87131022839398
240,-1,1,1,-105,115,-99.7851082579885,116.77963408033683,130,160,131.2453564821152,157.44747860361431,-60,160,-55.03171033960367,165.36593135406244
263,-1,1,-1,75,-85,85.38528875805144,-86.49441712650527,-70,-40,-64.27169625627076,-45.68330015214351,-70,150,-75.11795484960298,153.37566654346716
439,1,1,-1,-85,75,-82.18233753347202,77.8366377129932,-40,-70,-35.389392244884625,-70.59696532956558,150,-70,153.40257548933283,-71.37325172750887
243,-1,1,-1,75,-85,80.71370819539032,-86.64998872914796,-70,-40,-70.81938820151665,-33.58996800113232,-70,150,-68.00206796634525,147.18240549702892
361,-1,1,-1,75,-85,72.29676806822019,-91.95865173428065,-70,-40,-66.80612204130496,-44.576432378685766,-70,150,-77.6884907279755,147.6152646863029
174,-1,1,1,-105,115,-97.84953132631891,117.72122161286559,130,160,124.8709169247137,162.46242463332408,-60,160,-65.29083046564126,158.4635641704963
313,-1,1,-1,75,-85,82.49077977688768,-79.09636265422121,-70,-40,-71.98952350152925,-37.25449627599926,-70,150,-62.66175456646748,149.1503339067899
63,-1,1,-1,75,-85,69.63641311259038,-80.09720777541835,-70,-40,-73.25450033903746,-37.15342575812599,-70,150,-78.95680828851874,153.99704552614097
10,-1,1,1,-105,115,-110.08394375621826,111.21654257235262,130,160,140.67097189273034,159.39888295982098,-60,160,-51.42308199964607,157.34377519099655
173,-1,1,-1,75,-85,75.33544145230536,-76.05454182159122,-70,-40,-78.18642138924345,-39.218114891212636,-70,150,-70.13690304664372,154.11266098223493
237,-1,1,-1,75,-85,76.41754084104359,-85.37046479931074,-70,-40,-70.56415400360832,-42.342224396862825,-70,150,-60.86568265002022,148.5262869055219
231,-1,1,-1,75,-85,70.62926154191598,-88.12755158761273,-70,-40,-64.51144908486408,-34.260226446057715,-70,150,-62.17644939818223,151.0099327499235
282,-1,1,1,-105,115,-104.52513173117913,121.29496082647579,130,160,129.98322701613324,158.92595568444835,-60,160,-59.094743591971316,162.76463863108887
291,-1,1,-1,75,-85,77.58086548216845,-81.83978602474556,-70,-40,-72.94306140975858,-35.99796125043104,-70,150,-74.52751602717167,154.04295300640783
276,-1,1,1,-105,115,-116.428793700146,114.2411374498373,130,160,123.3920067321164,161.29069561053336,-60,160,-58.546242333574284,152.2150309015487
121,-1,1,-1,75,-85,76.72182089500775,-85.07845473110146,-70,-40,-70.65846578884434,-37.369652618520576,-70,150,-76.48948648959052,137.87885306350242
164,-1,1,1,-105,115,-99.05549029438363,106.30897012462205,130,160,129.30889009528534,167.05472256056154,-60,160,-52.18385269545941,169.91226589358996
57,-1,1,-1,75,-85,77.57302992393998,-84.02472527958008,-70,-40,-71.8939739847994,-35.182548621921924,-70,150,-70.87740931033558,144.04841509169685
406,1,1,1,115,-105,125.22488661595216,-101.86239526100312,160,130,154.88961113145476,134.42695133113838,160,-60,151.27174021717315,-54.04364705002789
34,-1,1,1,-105,115,-97.19096179199317,112.58621493873558,130,160,130.79895636988013,151.0286404645428,-60,160,-63.091982779812135,158.12664349340838
309,-1,1,-1,75,-85,82.63971779540637,-79.41634786588759,-70,-40,-75.93051529880873,-42.85779214973059,-70,150,-72.70924097120506,151.0561872757377
322,-1,1,1,-105,115,-105.58064819747213,112.58816319612161,130,160,125.9947089455443,164.10279179816223,-60,160,-64.08757156341989,164.46297944424126
238,-1,1,1,-105,115,-103.98280065088588,115.72094947033266,130,160,125.4763057037686,158.2572780016636,-60,160,-47.175783296456714,170.1096405634436
190,-1,1,1,-105,115,-104.73240622241721,119.47349412521855,130,160,126.38670089280538,164.52789232971855,-60,160,-56.94383888901356,163.70755952486908
279,-1,1,-1,75,-85,75.57334482566571,-79.65881571479342,-70,-40,-64.56778300631339,-36.28864038396324,-70,150,-72.89330674607677,149.16626961568343
224,-1,1,1,-105,115,-97.89171382257129,114.79925618823253,130,160,125.94112363526247,160.67840457121255,-60,160,-62.45294124556421,157.15769695934753
446,1,1,1,115,-105,112.4840627616814,-113.63889672583957,160,130,153.85984077800452,126.28055886675467,160,-60,166.62430113393788,-64.0134642867538
144,-1,1,1,-105,115,-108.19203624428964,112.36602352254873,130,160,127.52646769016252,166.16833575480615,-60,160,-63.233471019408434,155.13754765071934
428,1,1,1,115,-105,110.55280360186417,-106.73824774717086,160,130,151.37985605695124,133.11692651621132,160,-60,160.9913620809718,-56.20196279199571
68,-1,1,1,-105,115,-107.56122909371607,113.59750209401136,130,160,127.91589228603179,170.03442386914378,-60,160,-58.73198949819551,158.66266511373453
328,-1,1,1,-105,115,-104.96373762296166,113.32668723957403,130,160,135.9508250304599,153.46810577784387,-60,160,-54.92218136887235,160.60583002159152
94,-1,1,1,-105,115,-111.49532302732317,107.56943520786615,130,160,133.9127257678704,162.30355194413053,-60,160,-60.41400048100745,164.49607139614764
107,-1,1,-1,75,-85,70.08299783654155,-77.75534128645144,-70,-40,-71.83796591733545,-31.269360100602345,-70,150,-69.28477665900479,156.05659186239595
422,1,1,1,115,-105,106.06634079750928,-103.8073199307355,160,130,158.09182972359508,130.57109210462025,160,-60,159.10598023978167,-59.36185498000231
53,-1,1,-1,75,-85,70.95756129945738,-84.93745266532493,-70,-40,-71.83544471573269,-53.44575456896665,-70,150,-64.12003382473762,151.21814843440615
147,-1,1,-1,75,-85,74.9574166476173,-87.59532340355521,-70,-40,-68.50911127345981,-37.56224950336716,-70,150,-75.47722480475693,148.01591289547986
248,-1,1,1,-105,115,-110.25163525615558,107.72539499329666,130,160,127.46871646976088,166.8453700530951,-60,160,-65.24383716067042,158.67619709528122
138,-1,1,1,-105,115,-113.15195431660041,114.5800412991471,130,160,122.48666188962132,160.0492326955908,-60,160,-63.85210563914694,162.83980380015905
314,-1,1,1,-105,115,-105.48308628852925,112.89157271665967,130,160,121.3841968487148,158.57026959497176,-60,160,-68.87041524394559,153.50100269477826
91,-1,1,-1,75,-85,80.1205260576032,-87.07318873983165,-70,-40,-72.11217455480244,-37.199992546435546,-70,150,-83.55658455939613,147.62565009968452
404,1,1,1,115,-105,114.38337288307669,-105.87068406744761,160,130,165.9270948214425,124.29444052900075,160,-60,161.3474090750902,-65.54689281632805
127,-1,1,-1,75,-85,88.02419894866213,-82.11187730203864,-70,-40,-74.20300302098654,-38.64237548066599,-70,150,-69.91344557685596,152.5804830903008
150,-1,1,1,-105,115,-105.45757179823426,113.95241860092622,130,160,131.8529312047523,158.5497428093498,-60,160,-60.94401408708152,168.56383385508082
111,-1,1,-1,75,-85,70.56882678618668,-82.8974442395989,-70,-40,-72.35470326577743,-35.12741694593747,-70,150,-61.420080902152634,149.04133024185117
424,1,1,1,115,-105,115.55410116658722,-103.99154236866617,160,130,162.05842088096966,131.72021837578617,160,-60,169.3918101252656,-51.3715766690061
283,-1,1,-1,75,-85,68.35537979993791,-78.10798802044933,-70,-40,-67.93972232411102,-47.25255619396523,-70,150,-65.00001432247333,148.23258292914585
476,1,1,1,115,-105,114.09550434188574,-108.79015425455414,160,130,159.7357338376297,126.02022895777326,160,-60,155.33375303304126,-62.1552392220974
75,-1,1,-1,75,-85,74.16290108324424,-87.34004613505671,-70,-40,-76.84065425298897,-36.438204898449335,-70,150,-64.75593700202309,152.0552449183689
257,-1,1,-1,75,-85,81.9937252527538,-87.4788304029491,-70,-40,-79.05452545481725,-36.090532918814596,-70,150,-62.97354675357567,141.28256712687102
470,1,1,1,115,-105,105.06086987914017,-105.35427187762849,160,130,149.78376865487576,131.32919527864942,160,-60,162.58717488986687,-58.99350183894719
192,-1,1,1,-105,115,-104.0170518146963,118.59046753026357,130,160,126.31791501867009,159.9498611755019,-60,160,-47.82664897146923,165.53606978277793
47,-1,1,-1,75,-85,76.26861007122034,-89.43517317753302,-70,-40,-71.21847630023295,-34.98225953150421,-70,150,-56.758357518459555,148.888797267794
124,-1,1,1,-105,115,-99.41307904744643,117.01172266734224,130,160,135.6276868298251,161.72303376906746,-60,160,-58.168480363023576,159.71344572035972
28,-1,1,1,-105,115,-97.83617026216281,117.45184968376877,130,160,126.0535727695485,165.01725881617327,-60,160,-61.02437824973834,159.01452443523533
179,-1,1,-1,75,-85,75.58971648611096,-88.60201844933509,-70,-40,-74.20631325144774,-33.87665202999513,-70,150,-71.38397283468414,158.7834702510302
440,1,1,1,115,-105,108.85548113682144,-101.35628804847735,160,130,163.46148439075654,134.71264048041428,160,-60,159.0659112576968,-58.00841754755286
234,-1,1,1,-105,115,-102.93897846726763,106.34351593981425,130,160,135.87361893024658,163.205112120064,-60,160,-72.61244775480156,160.33713916496447
434,1,1,1,115,-105,119.39407953132302,-112.0245460262176,160,130,165.74165090022214,133.60485295469533,160,-60,161.68109943068802,-56.07288764564382
245,-1,1,-1,75,-85,73.26216842097338,-81.61303708975073,-70,-40,-67.44625397982743,-43.13145358023896,-70,150,-71.84044073131747,141.94018595737
338,-1,1,1,-105,115,-100.87371927628527,119.75187299038714,130,160,138.85122583763365,159.53229676003173,-60,160,-63.8583652332859,167.73385442701266
77,-1,1,-1,75,-85,77.1820164650397,-82.25765012253677,-70,-40,-69.71701295313996,-45.61298023917387,-70,150,-73.35841533020444,147.88952254992304
21,-1,1,-1,75,-85,68.88757136396364,-79.67076318593725,-70,-40,-66.23496960828328,-30.08929419160041,-70,150,-72.22558290340386,151.12749156452082
114,-1,1,1,-105,115,-111.63924174800628,115.0595292864885,130,160,126.24645771778111,165.88641374968543,-60,160,-61.242436180138164,159.66615435622847
394,-1,1,1,-105,115,-111.34328109479216,112.95191712167559,130,160,126.1843449037846,160.2559037142854,-60,160,-61.96267420010632,157.39361255570316
29,-1,1,-1,75,-85,75.3816691107989,-88.43089730127306,-70,-40,-66.91218731058589,-34.97973316463899,-70,150,-67.59386240545155,146.07490951423844
58,-1,1,1,-105,115,-106.37440336819547,112.72625752880661,130,160,127.10844584994467,159.52793705566296,-60,160,-57.83534671681292,157.5865258763244
27,-1,1,-1,75,-85,82.61268420712076,-81.59995784085771,-70,-40,-63.357262615594536,-36.15486972854229,-70,150,-71.337604371551,150.944847952975
17,-1,1,-1,75,-85,78.86382683071436,-81.74014663758638,-70,-40,-68.13852065177926,-35.850691409040934,-70,150,-67.515733297669,145.7538014219397
105,-1,1,-1,75,-85,66.36257154760479,-80.0764108177298,-70,-40,-69.65586681154718,-41.69274155230279,-70,150,-69.90033838675396,152.38375598945834
301,-1,1,-1,75,-85,72.91611730551324,-89.9736556034447,-70,-40,-62.33329169676421,-43.008439705381655,-70,150,-69.9402080365456,161.53069433399878
204,-1,1,1,-105,115,-105.88117932372145,117.34311062162338,130,160,133.6054112153503,156.8814021960644,-60,160,-58.43052976662043,165.02934421982584
30,-1,1,1,-105,115,-104.81572713795607,103.99552028007479,130,160,127.43698603741196,159.0687894698197,-60,160,-56.373289340394706,156.92762119913985
456,1,1,1,115,-105,110.64760148485007,-106.5949313860435,160,130,166.7862670231601,125.99982804078576,160,-60,160.48199976372848,-62.693960903951755
316,-1,1,1,-105,115,-102.58987519239263,116.9311150604338,130,160,129.36600581487266,164.4697589302952,-60,160,-61.064746305596465,162.1481225179472
348,-1,1,1,-105,115,-105.12810536878646,107.28004969165971,130,160,124.33510144098508,160.1319928754438,-60,160,-52.9004372586545,155.9716861447899
64,-1,1,1,-105,115,-101.597250193954,112.36704672405169,130,160,126.97811577937624,159.83588588904237,-60,160,-68.6373784865866,157.83112675879605
278,-1,1,1,-105,115,-103.53082514865962,114.05920872197152,130,160,131.0172768357341,152.53089354286368,-60,160,-62.57544581782995,161.07806905924699
448,1,1,1,115,-105,112.56545033750692,-107.13349410230762,160,130,154.6920554510883,133.32551925012365,160,-60,161.06190532301093,-66.18978380985881
377,-1,1,-1,75,-85,77.6505361151855,-87.33553566409,-70,-40,-67.28291772050552,-37.836733072199415,-70,150,-67.97950163785326,154.87882055553646
102,-1,1,1,-105,115,-93.68596407634803,125.92590095240814,130,160,131.11170628542348,158.6409885734769,-60,160,-64.28354053709808,161.57032608637388
51,-1,1,-1,75,-85,74.05536791003011,-85.61807197931401,-70,-40,-79.80754983472521,-36.502530125615195,-70,150,-74.27208551959346,149.75911822772812
395,-1,1,-1,75,-85,77.14624652623358,-78.8131195358746,-70,-40,-73.79095138963503,-42.977326508929835,-70,150,-74.01160137769074,145.9427040453943
96,-1,1,1,-105,115,-106.45473148134,120.5631832689834,130,160,124.21427578463944,165.48801838508055,-60,160,-65.02125884170589,160.58901940025538
397,-1,1,-1,75,-85,80.66403835438776,-85.21254837848203,-70,-40,-67.65488377564385,-45.824214632680054,-70,150,-69.28398679671717,152.12240917069317
163,-1,1,-1,75,-85,65.80580900117123,-87.65973948643598,-70,-40,-74.04083117615131,-46.1140905616664,-70,150,-79.19256926162691,148.3274166878224
254,-1,1,1,-105,115,-103.55476883369197,117.00004211152181,130,160,130.62333352555189,167.7855899379346,-60,160,-55.04555401388781,155.37363674977607
251,-1,1,-1,75,-85,73.06238541183048,-88.6307188220706,-70,-40,-75.47624946133968,-45.06150388622855,-70,150,-61.941594499571316,146.6155494515401
153,-1,1,-1,75,-85,72.77355572912307,-92.27464629505224,-70,-40,-78.78464757556571,-37.068422336680584,-70,150,-68.63652815164413,150.6498687642743
54,-1,1,1,-105,115,-106.31544935937949,123.98525522392299,130,160,130.40707792961356,165.30710444464776,-60,160,-50.1383055875904,165.05002904014123
331,-1,1,-1,75,-85,68.8173843764798,-84.43666125900246,-70,-40,-76.10362577158678,-32.18216220429514,-70,150,-70.23899648661929,151.06482623437404
259,-1,1,-1,75,-85,77.81842296926692,-89.61069268832533,-70,-40,-61.246622811207075,-35.520547342956576,-70,150,-72.18886665975069,156.6426968972693
41,-1,1,-1,75,-85,68.13540883762538,-90.67431971209595,-70,-40,-68.91148703700227,-37.99679759008399,-70,150,-67.94850813618247,144.0282098669901
438,1,1,1,115,-105,112.17137968340033,-105.34935929170334,160,130,158.71347458320724,129.76056505639514,160,-60,162.52224438155937,-58.584855868938035
317,-1,1,-1,75,-85,80.00180258257835,-82.00794611433074,-70,-40,-77.24748498924633,-41.58574698838336,-70,150,-75.44957870460453,151.4971830875313
336,-1,1,1,-105,115,-106.08388782868946,115.42928304847342,130,160,118.57386477874459,163.7771748665963,-60,160,-54.79203277356553,162.30164951032688
20,-1,1,1,-105,115,-101.5824370454607,114.92909132869657,130,160,123.51218043488612,159.56456004753684,-60,160,-59.32585221001748,155.32876107994608
490,1,1,1,115,-105,112.25983182067844,-100.43924715324346,160,130,166.53377528895672,132.634448012879,160,-60,160.50570105973728,-67.20816810280634
205,-1,1,-1,75,-85,75.31486003621687,-83.1381294554281,-70,-40,-66.61341820015052,-40.23895291927282,-70,150,-65.82257533640957,151.3484957396064
35,-1,1,-1,75,-85,76.01467557292897,-88.56583444377299,-70,-40,-67.54954009317122,-35.29779754769709,-70,150,-77.07084573332577,157.99628123551253
7,-1,1,-1,75,-85,74.28521701484327,-79.88017228106605,-70,-40,-72.85707827124367,-36.74726925535764,-70,150,-71.05176211217113,139.22015543831066
187,-1,1,-1,75,-85,70.00940194306035,-84.36998493092332,-70,-40,-76.44076957770639,-47.18254117045232,-70,150,-67.05196489984908,150.2290256724002
214,-1,1,1,-105,115,-104.79410187181414,124.99282993558694,130,160,129.60637458738935,162.24170131205446,-60,160,-57.894886572006484,160.0553228011065
486,1,1,1,115,-105,113.21001331260159,-93.95474487677843,160,130,158.2580810916941,131.67860530629252,160,-60,160.47530525032653,-65.8366764219774
230,-1,1,1,-105,115,-107.92258489753421,110.70425415963106,130,160,122.64184255610384,157.0784241413853,-60,160,-58.82450973240411,159.42415475039104
466,1,1,1,115,-105,104.02394437503081,-100.13265767718919,160,130,163.63277476732048,132.79301376791594,160,-60,149.6498330245375,-65.85743879614671
333,-1,1,-1,75,-85,78.39308529563851,-88.50305940157162,-70,-40,-71.19975136487223,-43.75768494210806,-70,150,-70.60268977432159,151.0953663587039
407,1,1,-1,-85,75,-81.87637799639434,74.75188711225995,-40,-70,-41.631340545051955,-69.18231587984837,150,-70,150.7106466829402,-66.0744523440498
360,-1,1,1,-105,115,-105.51691864615007,115.40723678717659,130,160,140.5384311929301,160.2277130310966,-60,160,-57.99458111985913,160.02185628518765
241,-1,1,-1,75,-85,68.13735871271807,-91.81115772299533,-70,-40,-71.14007203513879,-35.64520754514412,-70,150,-66.9365670000628,153.5564154180564
162,-1,1,1,-105,115,-101.09165478120025,117.12794520167456,130,160,125.33005691794283,157.04804389512762,-60,160,-58.49860280953828,158.5828189117112
289,-1,1,-1,75,-85,80.04459351473177,-83.18835477260667,-70,-40,-72.14619590936903,-42.13995500270642,-70,150,-79.25351285655007,148.33945518378442
194,-1,1,1,-105,115,-104.94136408638191,116.44033050834757,130,160,124.89161119660432,143.27274263439566,-60,160,-60.781663604605804,164.49853760307442
81,-1,1,-1,75,-85,67.6563024620859,-86.32616998704704,-70,-40,-66.93776608412857,-34.179282138754346,-70,150,-66.73047322444323,157.89335922264513
392,-1,1,1,-105,115,-97.06379642921237,107.93715239178508,130,160,127.69298002972853,150.99845423781716,-60,160,-64.41975361673954,166.50419990179856
305,-1,1,-1,75,-85,79.1825264085774,-87.72536783010297,-70,-40,-77.28074812295006,-38.087971883412536,-70,150,-73.3169583861021,154.50117871522497
206,-1,1,1,-105,115,-101.27073669707435,119.12653392982689,130,160,137.64884325296768,162.3694220104762,-60,160,-60.955185523281365,159.64672376024518
284,-1,1,1,-105,115,-111.47765510330484,106.90059631527288,130,160,127.86874622405833,164.1573918282645,-60,160,-65.44727111809367,159.7457653704884
266,-1,1,1,-105,115,-104.3578233660267,120.97072293128237,130,160,123.15886562546696,161.2048220958057,-60,160,-56.21661814582577,156.06988153702466
184,-1,1,1,-105,115,-111.2939356949014,108.2651071834687,130,160,130.77040341986344,151.67791540292205,-60,160,-57.56868953730961,165.9258849119252
182,-1,1,1,-105,115,-101.72558545993054,117.76233809713747,130,160,128.51324539593966,165.32207267214633,-60,160,-61.90828000195867,156.9173266437128
160,-1,1,1,-105,115,-93.10537370392025,108.62705587483434,130,160,123.41131667828054,167.79497509724266,-60,160,-63.86446258088442,157.4159410586109
356,-1,1,1,-105,115,-102.15840515129007,118.07366528480313,130,160,131.44309089557646,158.80838818406986,-60,160,-63.01820662203217,158.3878407184739
100,-1,1,1,-105,115,-110.0727668759587,120.08890156355561,130,160,133.95983418271612,151.18522554607907,-60,160,-64.63056011373573,168.9120255913737
1,-1,1,-1,75,-85,71.87345938787948,-86.26596618081895,-70,-40,-73.52050525362499,-34.844048126517244,-70,150,-81.09554822228992,150.03141080235733
494,1,1,1,115,-105,113.43421802067478,-104.54166985276157,160,130,161.45732647069482,129.0720776258206,160,-60,161.9908852015266,-67.48945402741954
49,-1,1,-1,75,-85,84.70945517341029,-87.60330736066949,-70,-40,-62.716976762349326,-43.28538940425459,-70,150,-70.70472470735102,160.05429523031808
370,-1,1,1,-105,115,-114.89137641254666,122.98338260697982,130,160,124.9226433739766,165.04916576678804,-60,160,-67.5088295590835,170.15506037603024
130,-1,1,1,-105,115,-110.11339491862843,111.51666197327681,130,160,134.10990023384224,153.45115229800533,-60,160,-58.10013322670637,161.31062994241867
212,-1,1,1,-105,115,-112.15936142991394,106.63595163779001,130,160,133.49309660094522,151.94383877804813,-60,160,-58.021048980949615,154.27488815074645
498,1,1,1,115,-105,112.13833556233878,-94.7693904573608,160,130,155.54996393280499,135.53728344712545,160,-60,158.71844075678476,-62.54548666200146
43,-1,1,-1,75,-85,75.30598708471894,-85.8684228012536,-70,-40,-75.0632922471044,-34.02742896486966,-70,150,-68.87043654209802,153.58435225902068
277,-1,1,-1,75,-85,75.64263319537024,-96.85053322014818,-70,-40,-71.95351701132479,-40.025747304025884,-70,150,-71.78887136088746,142.50640769842911
186,-1,1,1,-105,115,-101.3656037506564,120.0943037957054,130,160,138.82586075939435,156.97863939221003,-60,160,-60.80621970419037,154.33326738201077
42,-1,1,1,-105,115,-106.39996494777112,117.56864273826578,130,160,132.22669710774838,165.8245195689035,-60,160,-66.38284308696169,155.35960665689404
113,-1,1,-1,75,-85,71.71480578165946,-77.80251302011965,-70,-40,-80.89578235801679,-39.45523330482596,-70,150,-69.27098310400446,152.742528915129
409,1,1,-1,-85,75,-72.76884287516998,76.53022704493375,-40,-70,-45.68903804230134,-71.82054080272758,150,-70,146.7540391673047,-78.04952739376867
387,-1,1,-1,75,-85,80.80175207525814,-87.6320879977788,-70,-40,-71.04455380544384,-33.110383199288925,-70,150,-67.70330688351727,147.31385509597555
381,-1,1,-1,75,-85,68.01934587011952,-88.01091431313101,-70,-40,-62.12799729385178,-31.060391063512267,-70,150,-65.45494412684968,144.97750225871127
244,-1,1,1,-105,115,-116.33060806387034,117.3350687592326,130,160,131.81263744656502,166.97874364654248,-60,160,-50.690190662961015,162.83400505905917
351,-1,1,-1,75,-85,78.35852951700313,-85.84118067423032,-70,-40,-77.63833359407762,-27.537388262937576,-70,150,-73.68629360398722,150.64681303011955
260,-1,1,1,-105,115,-102.12304082131725,110.14575844582153,130,160,132.03709018930746,165.84291017961155,-60,160,-61.90218374872655,164.71591104965313
463,1,1,-1,-85,75,-84.75491117400885,85.58931856799637,-40,-70,-34.84099987972446,-70.82960432262509,150,-70,145.07870708239662,-69.43060711479502
239,-1,1,-1,75,-85,78.21521566967282,-80.91041014731209,-70,-40,-80.77529974496663,-39.51878651678324,-70,150,-70.79412858848444,152.27893475138632
73,-1,1,-1,75,-85,77.93590683559158,-75.42151207126528,-70,-40,-75.0089720574156,-37.63164445207323,-70,150,-69.64908232826735,161.050868232084
87,-1,1,-1,75,-85,78.90249434816457,-83.27295990288192,-70,-40,-69.93791035386302,-46.064091697102725,-70,150,-61.18424710895496,157.51968993897665
459,1,1,-1,-85,75,-82.7519985382221,73.62563132100944,-40,-70,-27.83293996278311,-68.37125602700262,150,-70,152.14496499699604,-63.1851745137765
235,-1,1,-1,75,-85,71.0731214190822,-87.39648209228237,-70,-40,-68.92309130548642,-34.748845296492526,-70,150,-60.01238805887178,158.8566372927646
15,-1,1,-1,75,-85,79.11323739565312,-87.43564245705764,-70,-40,-70.20442791885283,-39.13482258614675,-70,150,-77.28202797638666,156.64654963395924
208,-1,1,1,-105,115,-98.83512300725292,114.7749101280892,130,160,128.62198602181053,159.99881982267777,-60,160,-61.97692186491642,162.75065084739703
158,-1,1,1,-105,115,-100.79422847029223,102.35855826452519,130,160,131.57949478903282,165.95838198610485,-60,160,-59.62857793148035,160.70989523422608
376,-1,1,1,-105,115,-106.64142236794169,121.28829517347583,130,160,141.422473518928,160.65684637003588,-60,160,-67.12156052642146,155.26748652203415
253,-1,1,-1,75,-85,72.3740058311543,-86.40050992364384,-70,-40,-76.77640136790426,-37.79196224285896,-70,150,-72.9675916041128,151.24094805939075
464,1,1,1,115,-105,112.65679657205754,-100.23706950173138,160,130,154.69280520458258,130.14358837386357,160,-60,160.210608525416,-50.63102365261697
262,-1,1,1,-105,115,-107.46766159473158,118.27542570239687,130,160,130.92937148931958,164.1461138430144,-60,160,-57.969182558370804,159.40367412485128
350,-1,1,1,-105,115,-113.92462148318958,117.39326483164645,130,160,124.7559093337289,162.56664008720895,-60,160,-61.79166994312073,162.33297098824318
74,-1,1,1,-105,115,-112.8727572308002,120.72999626031542,130,160,139.25647734815593,157.8295749733122,-60,160,-59.41472721137665,166.35135128033303
80,-1,1,1,-105,115,-110.74637339410674,113.15242667811864,130,160,128.1435056012933,160.8104553514469,-60,160,-67.74117517721419,161.8636246471252
195,-1,1,-1,75,-85,71.66172892808899,-91.24123182343342,-70,-40,-77.30548459907281,-38.267477014305626,-70,150,-69.5383441899289,152.84664820191585
78,-1,1,1,-105,115,-115.79060039671664,116.14638780610653,130,160,129.54066981878117,162.89852136664302,-60,160,-59.726201859451095,158.13183863928128
435,1,1,-1,-85,75,-90.63725388255831,69.33248634286353,-40,-70,-44.844789233995584,-71.00975386370953,150,-70,153.0573304320592,-72.32381460537846
82,-1,1,1,-105,115,-100.31752569288287,111.4742340234406,130,160,122.68656151781124,155.6688310307716,-60,160,-55.723063188104355,161.5034277082612
423,1,1,-1,-85,75,-82.45371311437567,75.9854699556454,-40,-70,-46.52534387957465,-69.32841570498131,150,-70,154.87320118398154,-66.84374493770484
36,-1,1,1,-105,115,-86.52928492044211,113.86470509182534,130,160,128.8198205540358,157.51763199768558,-60,160,-57.35169077255629,157.66063282582869
131,-1,1,-1,75,-85,78.15627422155143,-81.37629944212279,-70,-40,-67.46896801478287,-35.8818774828506,-70,150,-67.17665445795245,153.04156676855877
443,1,1,-1,-85,75,-90.05521512363495,76.93759194334012,-40,-70,-37.44244410467926,-73.69566837972269,150,-70,157.10825813269935,-69.9527051873012
197,-1,1,-1,75,-85,77.73547482612119,-91.99774443384825,-70,-40,-71.87975267518789,-39.49862640284498,-70,150,-73.81741427917159,143.2241543195426
65,-1,1,-1,75,-85,76.95020225335789,-95.19059302671931,-70,-40,-65.046033978711,-43.76622060649872,-70,150,-75.64917815421606,144.70660785740571
181,-1,1,-1,75,-85,76.41372807391762,-85.20659164681236,-70,-40,-68.60708191466982,-44.24960396714674,-70,150,-72.54352673457281,153.89809649615003
250,-1,1,1,-105,115,-110.50559578183484,113.25128640758004,130,160,124.61943233440502,165.90928151662703,-60,160,-68.0402063174474,154.34931028150993
126,-1,1,1,-105,115,-104.41294445095794,111.40844797626444,130,160,130.32256812484027,159.21462417628837,-60,160,-68.74714001786117,152.95119324794308
285,-1,1,-1,75,-85,69.69142421782132,-77.04939540407415,-70,-40,-71.31693029750544,-43.404144405530175,-70,150,-73.76263099634164,152.6355894219871
62,-1,1,1,-105,115,-109.24075507159417,119.5357436139281,130,160,129.41829285909546,163.98723344540159,-60,160,-62.941160556254886,165.07188259767938
225,-1,1,-1,75,-85,72.38655653672106,-93.40558687150023,-70,-40,-75.44673322303514,-38.9696171493686,-70,150,-74.3513775776723,150.51071263681172
303,-1,1,-1,75,-85,70.8522542067501,-84.95151561427978,-70,-40,-72.87495214048872,-37.28372121351133,-70,150,-70.28096131736827,150.1918736028323
471,1,1,-1,-85,75,-70.79837861682219,70.45693257614235,-40,-70,-41.802836041898466,-70.80535409313819,150,-70,145.29192617100378,-72.19662086548891
380,-1,1,1,-105,115,-109.44544560274353,116.92853301012381,130,160,123.20460130503034,157.17403325604437,-60,160,-66.81668241126775,168.34631782568044
88,-1,1,1,-105,115,-107.30400610312837,112.58283194632588,130,160,122.90312417867665,161.99769924453653,-60,160,-59.55725149495148,163.92594076437695
44,-1,1,1,-105,115,-110.86764917727568,108.2093120999335,130,160,134.23774671625134,167.36951426481477,-60,160,-60.207801053309616,162.21262626905775
442,1,1,1,115,-105,119.90092017601943,-102.15694522294234,160,130,161.64755845182668,128.78607899607542,160,-60,165.01153433053318,-50.74223588536874
50,-1,1,1,-105,115,-112.11727548764576,115.97801269926265,130,160,133.01932251675615,159.6415226616948,-60,160,-60.10268552509347,162.7519284580621
145,-1,1,-1,75,-85,73.9303520647699,-87.22782113277734,-70,-40,-71.07056381559467,-43.57847603299595,-70,150,-66.7227463099045,155.81558504655132
122,-1,1,1,-105,115,-105.62645907165123,117.46616393966238,130,160,131.1115071919532,153.53965919498114,-60,160,-58.58435256240669,161.49511370413433
298,-1,1,1,-105,115,-104.68198279203774,113.7522740280519,130,160,126.30743423059067,157.40528224835236,-60,160,-68.69253396605681,172.16903106401335
449,1,1,-1,-85,75,-86.26027211917071,73.54389464668925,-40,-70,-44.374810804746254,-70.73133260997999,150,-70,150.07944857248575,-77.42693565736742
349,-1,1,-1,75,-85,78.29444848890893,-76.80705823453224,-70,-40,-64.45657622849116,-44.4126250459543,-70,150,-67.757119556531,154.07679587348463
441,1,1,-1,-85,75,-77.08031461249999,76.6701128894563,-40,-70,-33.11553439409696,-68.86297040700659,150,-70,152.30234332625702,-67.24449105842895
296,-1,1,1,-105,115,-101.83503065627491,113.79100586742385,130,160,136.16025653404253,158.5376888042564,-60,160,-59.24890886111256,161.1712434546705
270,-1,1,1,-105,115,-97.83095698817213,115.14451352639084,130,160,128.3485672058665,155.69042770337157,-60,160,-62.6800225574619,164.00173552438937
148,-1,1,1,-105,115,-109.88372052368979,115.86949604493294,130,160,128.31484890451225,159.64841290502292,-60,160,-57.790496040981544,158.84520844391034
0,-1,1,1,-105,115,-111.52710270083934,112.4508872377525,130,160,139.11288905488834,162.7774321041248,-60,160,-64.38318792844578,173.0961482450518
76,-1,1,1,-105,115,-106.0737221236277,110.73298545540896,130,160,133.5324408450827,164.1762562938678,-60,160,-55.020992080875615,160.68735110930075
468,1,1,1,115,-105,112.29603214684265,-105.77068871404467,160,130,158.82691867860214,129.48985998406997,160,-60,163.08286522134438,-60.0824099238344
366,-1,1,1,-105,115,-99.7366796621826,119.33061572340137,130,160,117.29362086218926,162.55845051594733,-60,160,-60.19076711512477,164.44412652013523
421,1,1,-1,-85,75,-73.69498881907715,72.88613470901905,-40,-70,-41.74649339888408,-73.27875624548874,150,-70,157.7258503060393,-71.88344758467319
485,1,1,-1,-85,75,-85.46850348327672,78.01966754059427,-40,-70,-42.58765250524586,-65.38096465009808,150,-70,154.45417774031816,-72.98457401379727
393,-1,1,-1,75,-85,78.15354236025209,-74.80914114532011,-70,-40,-60.26241787143102,-32.453880000481746,-70,150,-60.49883640434873,148.11339695874162
211,-1,1,-1,75,-85,76.04726106304689,-91.90860353278215,-70,-40,-68.7095384476684,-40.025656512192576,-70,150,-52.76948826395683,154.43643370999123
55,-1,1,-1,75,-85,70.97336060157126,-89.19846662579702,-70,-40,-73.82229392762572,-40.73769559140381,-70,150,-69.35602284079461,143.59791487694912
255,-1,1,-1,75,-85,75.25387584664279,-86.74749415898698,-70,-40,-78.15159826401214,-44.17418443149937,-70,150,-66.71261723319242,153.45730363161377
312,-1,1,1,-105,115,-105.33905454107459,115.83910643790071,130,160,136.51621806522172,158.3322281299594,-60,160,-59.06144698927568,154.11412670516975
374,-1,1,1,-105,115,-112.13192165556684,116.90509733152838,130,160,132.68219606770884,161.27989944305537,-60,160,-66.60304260601768,159.66812004965345
200,-1,1,1,-105,115,-91.27995854646052,123.13014382300344,130,160,126.34634982909068,159.7897781847969,-60,160,-61.902699785610515,160.74420833918705
454,1,1,1,115,-105,113.26238705896505,-100.10330484717583,160,130,153.03101371874246,132.8615128056364,160,-60,167.45094280214136,-61.47742939273052
26,-1,1,1,-105,115,-100.33060943650841,119.64916904931971,130,160,139.9103324111451,163.54807603937826,-60,160,-58.475494155567965,151.18702003729518
159,-1,1,-1,75,-85,74.82679280783518,-72.71303902252474,-70,-40,-68.37312265584883,-41.2533093723237,-70,150,-73.62484858361047,148.5457866245436
477,1,1,-1,-85,75,-83.10253802947213,75.03951835193286,-40,-70,-47.11009254137006,-79.44532814549953,150,-70,147.71023548732921,-72.28601843396288
352,-1,1,1,-105,115,-103.79311372619983,111.2736477249777,130,160,139.29290893669494,162.1780152012284,-60,160,-58.64534290915518,165.86630135744662
271,-1,1,-1,75,-85,78.6262299567692,-89.34171695180342,-70,-40,-68.08762955004518,-43.652809555813974,-70,150,-65.61160167961975,148.66748220345912
480,1,1,1,115,-105,121.777576765605,-112.16093235204075,160,130,167.40770683349635,131.87597685498656,160,-60,151.97225002118506,-58.51709459744552
492,1,1,1,115,-105,125.31140525487473,-111.96996585073242,160,130,161.2074483717074,135.98636656941153,160,-60,168.19836287684154,-59.603019577645284
168,-1,1,1,-105,115,-99.49372194657573,123.09622045655638,130,160,127.18399212325613,156.8620733335354,-60,160,-51.03478161967498,159.7866029186918
167,-1,1,-1,75,-85,69.95153078692256,-74.4256698557153,-70,-40,-72.38708015161998,-39.15643282130027,-70,150,-60.70038717555388,143.36080994442057
429,1,1,-1,-85,75,-93.17923185988414,68.31174019961932,-40,-70,-42.600289600466695,-70.93126582761457,150,-70,145.99685107038297,-71.57514800881732
69,-1,1,-1,75,-85,77.66992299905536,-84.04275773118636,-70,-40,-75.34998604018128,-40.01495558738908,-70,150,-77.50387167324088,149.89247327148726
38,-1,1,1,-105,115,-109.68325779861725,109.96566300550548,130,160,130.9252626638989,160.24857498467662,-60,160,-59.88771269784497,157.57228846289976
462,1,1,1,115,-105,111.53825868232491,-101.37943753264204,160,130,153.4052192789112,130.65914224954014,160,-60,156.078859535098,-69.18145359952105
274,-1,1,1,-105,115,-99.37383659097765,102.3708368485926,130,160,125.0952495946858,154.20278429674087,-60,160,-57.232652257791884,161.34848604012018
452,1,1,1,115,-105,116.12929996123111,-104.06437249252585,160,130,166.8574452852926,117.68403276801071,160,-60,160.2324505428604,-61.28537439501763
12,-1,1,1,-105,115,-96.44071556107883,112.89878413707766,130,160,129.2753363539132,159.35660870795414,-60,160,-50.36036086113672,159.12933412769357
79,-1,1,-1,75,-85,70.68149215817971,-87.01754913878561,-70,-40,-69.77824042852515,-35.95390964092243,-70,150,-71.5165206420213,148.86919710766378
139,-1,1,-1,75,-85,77.55275021521851,-90.56842587250443,-70,-40,-66.64173542703868,-39.3503836804691,-70,150,-78.22897471253695,158.60411237986648
371,-1,1,-1,75,-85,76.53303512942132,-87.07730348926351,-70,-40,-65.62291228383866,-40.89604756900414,-70,150,-70.19285833970687,159.34391882702775
357,-1,1,-1,75,-85,76.01319654507715,-81.90772736670934,-70,-40,-70.41067085694763,-47.19574901252397,-70,150,-68.87022246199042,145.2232028966702
258,-1,1,1,-105,115,-102.83836178424825,119.02378018891056,130,160,128.72661079001404,159.84829592286331,-60,160,-50.227217667946235,154.1874751148706
308,-1,1,1,-105,115,-106.82526790734572,109.09882795894062,130,160,127.84328543617191,160.88679461396134,-60,160,-65.00145975520665,153.89138936245487
70,-1,1,1,-105,115,-112.86184727673206,119.82704443307162,130,160,131.99864138970145,148.03047125972353,-60,160,-61.873122014794426,167.38674737213327
140,-1,1,1,-105,115,-103.12498312223558,113.3932140091684,130,160,132.36054773813635,173.3896869080808,-60,160,-61.206997683380024,160.5834712258695
101,-1,1,-1,75,-85,76.31109396701382,-87.12320267752656,-70,-40,-58.36999131777811,-42.00745494178425,-70,150,-66.07696658882186,155.742933351868
461,1,1,-1,-85,75,-84.7050085000007,65.91785225244024,-40,-70,-37.30537980052609,-67.51312505153791,150,-70,157.14051955686546,-70.25234770275908
418,1,1,1,115,-105,114.83896200922632,-105.43967044009675,160,130,164.41017878778467,137.8525424837798,160,-60,154.52469976179907,-55.948562717443906
437,1,1,-1,-85,75,-81.57121395671535,82.44497225576059,-40,-70,-42.33805562989171,-74.380393860389,150,-70,151.27758588651463,-71.43331381437145
201,-1,1,-1,75,-85,65.97493562943188,-85.18262000131958,-70,-40,-75.37948753109572,-51.70539093645237,-70,150,-60.0136921685084,149.3452471901459
203,-1,1,-1,75,-85,79.50854893039985,-84.68691505013611,-70,-40,-78.98773155237126,-45.179546915660914,-70,150,-69.55740853554241,148.80830199033088
33,-1,1,-1,75,-85,79.67874557155201,-79.29215460086655,-70,-40,-63.67744293000729,-35.142031311068074,-70,150,-61.13371286568875,150.94196461757429
323,-1,1,-1,75,-85,81.51882372084538,-79.62087138676362,-70,-40,-72.82024156198722,-27.49001985214529,-70,150,-70.06787320258911,147.08493760164632
93,-1,1,-1,75,-85,75.72245218303777,-79.87622953375893,-70,-40,-69.6219006407592,-38.251192841923526,-70,150,-70.79495438120742,154.00589285392422
430,1,1,1,115,-105,115.98831086685179,-105.5330093383287,160,130,164.14547385642183,127.1223945380717,160,-60,150.44221871919387,-53.15958249619811
497,1,1,-1,-85,75,-78.10380691130871,78.73200769916232,-40,-70,-47.277503094640664,-67.78632431360289,150,-70,146.7861660296493,-62.308010780738904
415,1,1,-1,-85,75,-79.50719423124332,60.4215817120329,-40,-70,-45.52326248222671,-74.87038088974055,150,-70,155.87271236256822,-66.971306455116
290,-1,1,1,-105,115,-108.66487864689222,104.35129380996297,130,160,134.66200501676386,159.65362237257557,-60,160,-66.16274601483933,169.0554232453038
465,1,1,-1,-85,75,-82.5946159136722,77.94667052750589,-40,-70,-41.99544659207204,-76.5133006189901,150,-70,146.2131386205824,-71.93417023678406
46,-1,1,1,-105,115,-99.58655256677869,113.16505086019602,130,160,143.74166663123887,161.7945603435909,-60,160,-62.70348034804418,166.35118981460982
269,-1,1,-1,75,-85,82.07009564937432,-88.67092524498173,-70,-40,-77.51899523219095,-44.81597801651239,-70,150,-70.49780202947035,152.27812229047055
347,-1,1,-1,75,-85,72.66652588745973,-80.0446200454388,-70,-40,-65.18091225947943,-46.0275518211979,-70,150,-69.05915399224214,152.45649163324674
226,-1,1,1,-105,115,-98.38835412061697,114.57849271958247,130,160,127.93756222820022,159.57292705361658,-60,160,-56.896656752944885,163.25803686173188
185,-1,1,-1,75,-85,84.8198920105982,-79.96442882730435,-70,-40,-73.552378146815,-42.13757127371781,-70,150,-63.022860432012095,155.25779225020412
202,-1,1,1,-105,115,-100.76946366746667,113.05859564966023,130,160,127.16334814019632,156.6102403795288,-60,160,-59.60993339431724,156.2519074674868
405,1,1,-1,-85,75,-75.6368406096286,72.04301297454604,-40,-70,-47.78090873623419,-73.00113133926014,150,-70,150.17288372687577,-74.07676385342717
217,-1,1,-1,75,-85,75.3423112663922,-90.3729375433942,-70,-40,-73.93802635972297,-36.23962839164816,-70,150,-78.68212058533524,154.99769348169167
426,1,1,1,115,-105,118.85718868736905,-95.87965916029383,160,130,155.7595420703867,128.27913298406062,160,-60,167.9398039122117,-61.39343018198286
272,-1,1,1,-105,115,-111.83848277857689,115.11949689084472,130,160,133.2879170882654,160.76688882252532,-60,160,-55.92850283578017,167.89542029746178
384,-1,1,1,-105,115,-111.11665884714701,117.17063093102291,130,160,136.10896543976307,157.67876591491208,-60,160,-48.983684253456474,159.86598327597736
431,1,1,-1,-85,75,-85.359087608708,79.20596997492851,-40,-70,-45.870915977233906,-65.86957116322817,150,-70,153.72042248935134,-74.98172139235218
318,-1,1,1,-105,115,-99.1729613853931,120.67861545065985,130,160,132.34282892714307,155.02986988227235,-60,160,-57.03401052433951,163.89159767653035
252,-1,1,1,-105,115,-104.79633401355532,110.87441597053629,130,160,127.37225890216642,166.00242274743914,-60,160,-57.58224608610969,164.65971796375447
339,-1,1,-1,75,-85,77.59946861558677,-87.2532472751125,-70,-40,-66.53871707608745,-43.15879011399555,-70,150,-68.8841534906111,155.25556715780834
479,1,1,-1,-85,75,-91.21477461811506,77.65672795624354,-40,-70,-38.13307237210847,-68.38505916383903,150,-70,148.43879496737068,-68.1373382700938
359,-1,1,-1,75,-85,69.27347172100332,-86.9954096524799,-70,-40,-71.70533707076116,-33.935112491809356,-70,150,-69.14021468924058,153.9316826617227
125,-1,1,-1,75,-85,76.79162595751848,-92.46067201920016,-70,-40,-67.89672553792698,-44.17119428004061,-70,150,-74.27432262055935,149.3330261520495
178,-1,1,1,-105,115,-103.87293455165218,116.21356087041814,130,160,129.54879286701643,153.08803149378022,-60,160,-57.42958300975718,158.57802731829045
128,-1,1,1,-105,115,-102.10442137374113,118.8134557790724,130,160,134.49203631400394,163.4414208242547,-60,160,-62.71427959228554,161.29159055993856
189,-1,1,-1,75,-85,83.31467198585773,-79.991139071661,-70,-40,-71.02883730880042,-39.92629590797537,-70,150,-69.35390407587518,151.57000440453595
188,-1,1,1,-105,115,-95.71609873794726,126.4177459568947,130,160,129.11344846227732,159.39330101649472,-60,160,-58.46435008310561,154.39429469173368
196,-1,1,1,-105,115,-106.76880591332049,116.41654268994115,130,160,127.10577297663222,154.28837504696514,-60,160,-63.94861456260539,155.76872782372402
222,-1,1,1,-105,115,-104.6914429209102,123.07501859626446,130,160,123.46903294685585,148.39237252222776,-60,160,-59.54606524765803,163.8404947667411
372,-1,1,1,-105,115,-107.3287137580637,108.82979047063203,130,160,138.30716469649403,162.3263990181751,-60,160,-65.1348766981262,149.36458445782722
391,-1,1,-1,75,-85,75.0602376848409,-86.366697137228,-70,-40,-74.69299873480321,-40.42402497840866,-70,150,-70.23656745044929,151.9641839095782
340,-1,1,1,-105,115,-105.86279096810055,119.17731365606726,130,160,134.80127380612072,149.4711407188496,-60,160,-52.41857528534492,165.9189425497606
215,-1,1,-1,75,-85,75.31069420789392,-75.15592497434355,-70,-40,-61.38215675258597,-41.967348165612044,-70,150,-62.04299857025549,149.72496686841626
149,-1,1,-1,75,-85,84.90751467694136,-89.26313793553045,-70,-40,-70.01366711351352,-37.89264302061713,-70,150,-68.07118834943175,143.10066465167054
40,-1,1,1,-105,115,-107.00461432858982,109.51253597816653,130,160,126.13340607149374,158.90704648217422,-60,160,-63.60664615701607,161.27333685709928
475,1,1,-1,-85,75,-87.81832565729222,74.26494891042428,-40,-70,-46.79236588608604,-73.98137795009943,150,-70,150.01063068652064,-70.14129532589874
123,-1,1,-1,75,-85,74.63916723403774,-73.95250168804202,-70,-40,-70.03645633991714,-42.058028268004335,-70,150,-77.50698845960966,146.81322962532732
191,-1,1,-1,75,-85,71.96832109234971,-81.5377633838265,-70,-40,-76.95702497446383,-41.358919100319596,-70,150,-72.72059917784192,152.8873884611666
31,-1,1,-1,75,-85,65.21518705770379,-87.93042323089863,-70,-40,-61.76601351092555,-36.02352211023647,-70,150,-68.846014289502,146.79551658178505
119,-1,1,-1,75,-85,75.015822963053,-87.16179853773528,-70,-40,-66.23171717009092,-34.698143203447394,-70,150,-58.79536729819841,143.24420637009516
165,-1,1,-1,75,-85,87.4610949993039,-82.94407371133548,-70,-40,-68.63738002910472,-35.695252773974104,-70,150,-73.00674119310531,157.8599396749496
297,-1,1,-1,75,-85,77.32752935937184,-85.87223060955387,-70,-40,-72.62912963810763,-35.77137357283529,-70,150,-69.40685379701107,153.5315981322043
218,-1,1,1,-105,115,-103.98542752562358,110.57906986491713,130,160,134.89226022104205,148.37606742307725,-60,160,-55.31959634825407,156.6371172602558
382,-1,1,1,-105,115,-110.75061359582533,121.28087284969024,130,160,133.67523094278317,155.89764553440585,-60,160,-64.14030042854073,159.73211711957774
411,1,1,-1,-85,75,-94.8290526234931,71.90865034651168,-40,-70,-36.36213421790054,-73.90372809400289,150,-70,146.21466905886624,-72.58828280432708
166,-1,1,1,-105,115,-99.64094654679171,123.8165173986863,130,160,132.53904460819282,165.45084998034451,-60,160,-61.42264212612606,159.13333692331284
143,-1,1,-1,75,-85,78.31121079504237,-80.07798237609866,-70,-40,-60.36456471823853,-42.217858155034115,-70,150,-75.84918232956494,150.35207063198033
106,-1,1,1,-105,115,-111.81404015351721,111.893026460409,130,160,130.08947175747673,165.9742098614155,-60,160,-48.77040195320839,170.85698468001766
325,-1,1,-1,75,-85,73.58671275852271,-75.15343039543443,-70,-40,-71.54715919839026,-50.391345324585025,-70,150,-67.83746937329862,147.1884461721859
108,-1,1,1,-105,115,-116.07589022963147,118.24103109908854,130,160,122.91143581563625,158.7465398501327,-60,160,-55.94984720658102,160.0285310702598
281,-1,1,-1,75,-85,82.0094042456256,-75.01868714184461,-70,-40,-81.52761503600392,-41.00846475712147,-70,150,-58.67540977613661,145.64828277124505
175,-1,1,-1,75,-85,78.13006062219189,-79.15503633514453,-70,-40,-68.01151683564503,-41.89177895813417,-70,150,-66.92927147912685,144.7219399828
110,-1,1,1,-105,115,-110.60142251378775,124.53115332594695,130,160,130.20540885220797,165.89541475869714,-60,160,-53.465118956622014,171.64244060435146
141,-1,1,-1,75,-85,63.412254320219624,-81.2594668308569,-70,-40,-66.75396129625392,-40.490296483268295,-70,150,-60.33625180714457,150.59317717248302
457,1,1,-1,-85,75,-86.32065353460652,75.83055328702264,-40,-70,-46.31508682712429,-72.74180319972486,150,-70,143.35907792553314,-62.90261733469237
151,-1,1,-1,75,-85,77.69470318635128,-86.00158841938577,-70,-40,-68.23127602699238,-41.93155190705482,-70,150,-69.48550987052487,143.07228805399149
23,-1,1,-1,75,-85,69.89763355025855,-89.53687525700609,-70,-40,-75.10491586020764,-40.6984294151897,-70,150,-71.9345680660974,145.63127370583237
302,-1,1,1,-105,115,-103.99417000039296,113.9149889412344,130,160,126.91839394756528,160.40818792815182,-60,160,-59.79692615583828,156.16393120393124
95,-1,1,-1,75,-85,74.8652289138974,-85.69383764223234,-70,-40,-72.98950043802242,-45.48709911013182,-70,150,-72.27505932791897,150.63149173336492
156,-1,1,1,-105,115,-101.61959542671326,109.34194455910253,130,160,132.42389834235408,167.03089291977474,-60,160,-65.80371912894857,160.1402851480945
306,-1,1,1,-105,115,-105.01391555335914,106.03261415335061,130,160,130.36079481425193,153.127531005216,-60,160,-57.37661819932633,153.10650174592863
483,1,1,-1,-85,75,-83.88619376807395,80.97988895611184,-40,-70,-45.290143547991406,-74.19896850235665,150,-70,155.21217007528224,-67.68402481708821
129,-1,1,-1,75,-85,72.85542555671324,-94.37970297289908,-70,-40,-72.69013378802374,-42.53138750252172,-70,150,-67.03569338664526,148.801652883787
311,-1,1,-1,75,-85,70.57612277096386,-80.39480043978338,-70,-40,-59.84350078611269,-38.186522774898364,-70,150,-68.61514926821401,137.95922774949207
142,-1,1,1,-105,115,-111.24638350946665,113.71184770549586,130,160,132.18422463399054,160.59130733746755,-60,160,-54.65217867795731,156.32163919518945
183,-1,1,-1,75,-85,79.89461219974578,-80.9582268327478,-70,-40,-66.70947802410556,-37.23013634636464,-70,150,-70.17138607782834,149.46714649334467
227,-1,1,-1,75,-85,77.93992713755696,-88.20685113528596,-70,-40,-64.98729388837778,-41.29098067395578,-70,150,-70.74453322660759,149.2580473653513
83,-1,1,-1,75,-85,77.78172911615381,-77.74161429808413,-70,-40,-72.48473645122502,-41.66707429961317,-70,150,-61.21389384371997,145.5937543727776
412,1,1,1,115,-105,118.82540695403456,-99.29935892886384,160,130,160.64432875569818,132.17615967582324,160,-60,160.98826175069632,-59.29539954735842
489,1,1,-1,-85,75,-75.4047832294578,78.57743938990694,-40,-70,-44.29544907411352,-67.34172048035916,150,-70,149.00504801580308,-68.19666863608997
236,-1,1,1,-105,115,-111.40559177650454,114.18126236330593,130,160,119.7260975792647,171.67547679077222,-60,160,-62.040882787535566,160.5861052473633
169,-1,1,-1,75,-85,69.37403632974744,-82.14289724588906,-70,-40,-74.79325150168613,-48.02869146824142,-70,150,-58.6938689682314,140.99253851068516
280,-1,1,1,-105,115,-102.11496313225048,112.91645622901815,130,160,131.39596698286365,157.3044309055477,-60,160,-63.2235974287336,155.02614311107033
408,1,1,1,115,-105,117.25200983268553,-109.96761878939091,160,130,154.72193607621082,134.85497760400298,160,-60,156.37568778493616,-56.634542929080226
2,-1,1,1,-105,115,-99.07701145735604,111.2134247792124,130,160,134.13188620162222,147.87754272206644,-60,160,-59.536924148372684,152.37902580464333
389,-1,1,-1,75,-85,77.86223271360996,-74.14100042303966,-70,-40,-65.68573788265813,-33.98126123548442,-70,150,-74.57005549886055,156.72722309464018
92,-1,1,1,-105,115,-102.3559046312345,112.41536419029603,130,160,134.35756312157764,152.82295321096043,-60,160,-54.73075931940115,164.44709640980463
99,-1,1,-1,75,-85,64.80321920971144,-82.26270865514924,-70,-40,-63.444876340617725,-41.10681937678423,-70,150,-72.68992805290759,156.27245869955124
232,-1,1,1,-105,115,-100.41900404676235,114.42413056735089,130,160,135.37414809127378,160.51707548702296,-60,160,-55.46404665547599,159.33179428961967
52,-1,1,1,-105,115,-105.76200336044201,117.71527107920484,130,160,135.95356164280628,160.59817087988827,-60,160,-49.292285239285704,158.78532964591105
25,-1,1,-1,75,-85,68.76053729853511,-96.03435645882286,-70,-40,-80.21810505715587,-37.561360946030234,-70,150,-67.09034054348346,150.99065844947324
213,-1,1,-1,75,-85,87.80240797681056,-95.8558170671887,-70,-40,-73.56020065886206,-34.94113701783471,-70,150,-67.75166775057154,157.9362705146855
324,-1,1,1,-105,115,-95.60103037030322,120.00995951076983,130,160,132.69352257608065,162.0712772936585,-60,160,-57.921301221795034,154.8111843532837
445,1,1,-1,-85,75,-84.5232478623614,76.36122444226396,-40,-70,-37.59037393812123,-70.49005794966881,150,-70,161.88162139002074,-75.13082977287061
450,1,1,1,115,-105,109.65256199528767,-107.77293300480545,160,130,162.5258168888261,122.3447229057842,160,-60,161.57902109127883,-56.77774706456553
56,-1,1,1,-105,115,-107.56373340234362,114.02059497664663,130,160,131.31743823657604,162.38952613624036,-60,160,-63.61964006946859,154.86779980207626
355,-1,1,-1,75,-85,80.61634979224851,-85.73424913645154,-70,-40,-67.3522738085073,-38.28569434833232,-70,150,-80.8812933778004,143.5420090009005
378,-1,1,1,-105,115,-95.74872815952496,119.65787683219244,130,160,131.4537602507439,157.72447467719428,-60,160,-63.57350240383862,164.64691304168977
385,-1,1,-1,75,-85,69.43472204283474,-80.1530734969511,-70,-40,-75.59483906214557,-36.77500920654699,-70,150,-70.03859588297547,151.7435875661691
3,-1,1,-1,75,-85,65.89464748672158,-84.6100439231439,-70,-40,-67.4373719649225,-47.799976360485935,-70,150,-66.96228230377486,150.56430100335618
264,-1,1,1,-105,115,-102.16030146066468,112.24769504042794,130,160,122.88189601567835,159.28085452259268,-60,160,-56.70947765904825,165.0866770851118
37,-1,1,-1,75,-85,72.83628711261247,-84.29585991146023,-70,-40,-71.16721624942002,-41.410797342957515,-70,150,-66.14339661874395,150.38460795883879
