,T,Age,Sex,yo1,yo1CF,y1,y1CF,yo2,yo2CF,y2,y2CF,yo3,yo3CF,y3,y3CF
412,1.0,1.0,1.0,115.0,5.0,115.01407549187286,0.6296298423657225,160.0,145.0,163.87933514438603,143.185650394814,160.0,50.0,162.12878981594508,49.478211613708254
88,0.0,1.0,1.0,5.0,115.0,6.198779074074073,124.61556311691545,145.0,160.0,145.22742606559373,159.8561486664809,50.0,160.0,48.95440673107379,163.11161639634284
429,1.0,1.0,0.0,15.0,0.0,14.213361625421442,-5.07729497443976,60.0,45.0,57.64867950065422,43.22157333229646,155.0,45.0,149.71943890649396,41.55549152346047
400,1.0,1.0,1.0,115.0,5.0,118.55384334473918,5.752026646517967,160.0,145.0,159.8750803793037,149.90482419602148,160.0,50.0,161.17234007661347,58.738357027361104
131,0.0,1.0,0.0,0.0,15.0,-4.161805176623831,14.751404877731066,45.0,60.0,46.71277239845966,59.40112757398379,45.0,155.0,40.187614073785454,155.58440464986887
23,0.0,1.0,0.0,0.0,15.0,2.1726322190499756,10.993671849704642,45.0,60.0,43.82651508137181,58.31636562639316,45.0,155.0,44.246084926101844,156.73768944381212
48,0.0,1.0,1.0,5.0,115.0,8.246855703733617,114.1698195957124,145.0,160.0,140.92741279719095,161.97959671969386,50.0,160.0,52.23301639704811,160.01272308388172
218,0.0,1.0,1.0,5.0,115.0,1.8438979989431195,116.28674239213665,145.0,160.0,147.27605130891442,162.12289002752914,50.0,160.0,47.721412054754005,162.14794135113726
453,1.0,1.0,0.0,15.0,0.0,16.874510417363656,8.14126798572177,60.0,45.0,62.569564686565876,48.225903385088685,155.0,45.0,152.42780361084468,41.712273343965926
125,0.0,1.0,0.0,0.0,15.0,-0.8422138551560953,15.392071450120314,45.0,60.0,44.40901005598217,60.082461641697925,45.0,155.0,40.477033010417614,155.59477254305312
59,0.0,1.0,0.0,0.0,15.0,-1.0064123109416676,11.334087224175562,45.0,60.0,44.24160783303698,51.92754037958498,45.0,155.0,47.031410478095474,154.0909758154851
117,0.0,1.0,0.0,0.0,15.0,-6.443159841884338,18.548639946004446,45.0,60.0,45.004412139578434,57.07001565846607,45.0,155.0,43.79738233441267,157.53665672232543
406,1.0,1.0,1.0,115.0,5.0,114.45676119551457,3.1139484940872686,160.0,145.0,163.75619982638364,144.64397770227797,160.0,50.0,162.17072611144545,49.037866584583675
143,0.0,1.0,0.0,0.0,15.0,3.0224598104622324,15.357476650288081,45.0,60.0,49.28978594303299,63.43741488729104,45.0,155.0,47.123735086742876,155.83999820477794
175,0.0,1.0,0.0,0.0,15.0,-4.751405016438537,15.051465922508127,45.0,60.0,52.159274078432645,57.28735611847061,45.0,155.0,45.737331997384636,158.65162442623762
106,0.0,1.0,1.0,5.0,115.0,5.0501394819703,119.00395607697061,145.0,160.0,145.88576395920822,163.11586472950103,50.0,160.0,49.18285402655496,161.73334136424538
421,1.0,1.0,0.0,15.0,0.0,17.594546123898933,-0.8698937957528776,60.0,45.0,64.46433953274976,40.600933716182276,155.0,45.0,151.44021815395044,47.687966886013406
445,1.0,1.0,0.0,15.0,0.0,11.792148262539806,-0.02316170998777456,60.0,45.0,61.408452502760824,45.72150822332026,155.0,45.0,158.46400285068637,37.14525876055502
437,1.0,1.0,0.0,15.0,0.0,17.061835047628414,2.0728250796115812,60.0,45.0,57.635666910557916,45.160768891479115,155.0,45.0,155.2552172003662,41.23973634799152
168,0.0,1.0,1.0,5.0,115.0,6.056532995861715,115.43567023888451,145.0,160.0,142.62455377747878,159.8449776647043,50.0,160.0,49.62157018992641,162.72963694924422
348,0.0,1.0,1.0,5.0,115.0,6.53382467318518,115.52450049558185,145.0,160.0,146.58548092690185,162.88532151154388,50.0,160.0,50.61371402662616,159.7099038104626
197,0.0,1.0,0.0,0.0,15.0,0.5835082171894131,13.103455801960425,45.0,60.0,42.4866407315325,64.64198615461706,45.0,155.0,45.39242497479988,154.22401597162877
492,1.0,1.0,1.0,115.0,5.0,113.79196847514761,7.653244946553029,160.0,145.0,162.2245942162526,146.62457235313803,160.0,50.0,161.26581225645185,55.57006814161663
323,0.0,1.0,0.0,0.0,15.0,-1.1286414915956864,14.28787617151076,45.0,60.0,47.57458862339819,54.98646339605001,45.0,155.0,43.54884071826617,157.92189673381284
14,0.0,1.0,1.0,5.0,115.0,4.968899987064238,110.41422311909686,145.0,160.0,138.19818348728168,160.9818482103066,50.0,160.0,47.74528297464992,159.20655731426174
332,0.0,1.0,1.0,5.0,115.0,0.8648343319234328,112.62265860970818,145.0,160.0,144.9167105648342,163.40784429539897,50.0,160.0,50.4976652963612,159.63396806040873
200,0.0,1.0,1.0,5.0,115.0,5.710615762295123,110.59683798447055,145.0,160.0,145.8413001629811,157.90727768944163,50.0,160.0,49.22426549737264,159.01324315126055
201,0.0,1.0,0.0,0.0,15.0,-0.40277022715509014,12.152556782118104,45.0,60.0,48.403404468774816,60.67202437637752,45.0,155.0,47.35976805518757,151.3247478499954
79,0.0,1.0,0.0,0.0,15.0,-0.5734621099902858,17.008461601661534,45.0,60.0,46.26955919221243,59.601275968123986,45.0,155.0,44.12855519360858,150.2716367757032
387,0.0,1.0,0.0,0.0,15.0,3.9019615698786634,16.21354747440218,45.0,60.0,43.30426785540124,63.96583184073393,45.0,155.0,42.41165897628385,153.11582238760448
254,0.0,1.0,1.0,5.0,115.0,7.099933243330047,107.70089294803779,145.0,160.0,141.82618113270095,162.7597838065696,50.0,160.0,48.969959641400216,155.15807411913482
454,1.0,1.0,1.0,115.0,5.0,111.82715528923538,5.180451053150835,160.0,145.0,157.49565374723997,142.12994402128203,160.0,50.0,162.38893432365185,45.79936530453311
141,0.0,1.0,0.0,0.0,15.0,-2.273989926785268,14.425234731122334,45.0,60.0,45.84552084325571,57.7458673619684,45.0,155.0,46.52871263724272,149.76268428149794
215,0.0,1.0,0.0,0.0,15.0,-0.7300003820772727,11.993512148223882,45.0,60.0,50.232210795867566,53.30606273705229,45.0,155.0,54.18592606161035,157.09106884764267
292,0.0,1.0,1.0,5.0,115.0,4.838488606528614,117.86849563028247,145.0,160.0,152.07186731555322,157.1539037712998,50.0,160.0,46.720789824585616,162.49698526393445
64,0.0,1.0,1.0,5.0,115.0,5.69600827346332,117.08747272809484,145.0,160.0,143.6472115224141,163.762211377564,50.0,160.0,47.789349332331625,160.4957642441251
351,0.0,1.0,0.0,0.0,15.0,-1.7473875075587393,19.790663646320198,45.0,60.0,41.4948988244565,64.07616892639359,45.0,155.0,45.92169337933616,151.60073266432238
149,0.0,1.0,0.0,0.0,15.0,0.831992071764956,15.537047708790412,45.0,60.0,45.811931171769025,58.11143327203116,45.0,155.0,45.941532763569604,153.19828136707227
5,0.0,1.0,0.0,0.0,15.0,0.6337249379222497,13.749072880240576,45.0,60.0,46.78590646312497,60.316812812189056,45.0,155.0,46.797883597847054,162.5999745997762
220,0.0,1.0,1.0,5.0,115.0,6.038691820394242,113.63837291119671,145.0,160.0,138.2850137107833,159.57977246178297,50.0,160.0,49.56757679678898,160.14149783634087
227,0.0,1.0,0.0,0.0,15.0,1.9465967786635185,16.578832273915395,45.0,60.0,49.03873392680168,60.621902107688726,45.0,155.0,50.257906893564446,153.29718992494634
489,1.0,1.0,0.0,15.0,0.0,15.955207381850187,-0.3034544181572844,60.0,45.0,56.25118154902552,53.58102818714531,155.0,45.0,153.32851135951879,43.48133411179011
216,0.0,1.0,1.0,5.0,115.0,1.988851183142434,115.88027392776523,145.0,160.0,145.5181001716257,158.13601017196063,50.0,160.0,51.555170776241816,158.91142918008592
341,0.0,1.0,0.0,0.0,15.0,-0.8348308059621582,12.40231335040335,45.0,60.0,44.408490862559894,56.83126520034795,45.0,155.0,40.89552384167213,153.9273655560134
496,1.0,1.0,1.0,115.0,5.0,114.83560571097664,3.4312633770409486,160.0,145.0,165.69918604474864,148.78785269774946,160.0,50.0,161.7626027035799,46.087718697466975
32,0.0,1.0,1.0,5.0,115.0,6.293123453003011,116.71759831248878,145.0,160.0,144.94925360614604,155.13558436379267,50.0,160.0,50.85058862856844,161.9631145448804
239,0.0,1.0,0.0,0.0,15.0,0.37025548967028393,14.31431258297409,45.0,60.0,46.58060807940249,61.18225324870122,45.0,155.0,44.67932683674657,155.34336335252652
4,0.0,1.0,1.0,5.0,115.0,4.191250937870709,109.56146343947357,145.0,160.0,149.3747665804202,161.15538933667148,50.0,160.0,44.768245668593494,155.57560580782453
336,0.0,1.0,1.0,5.0,115.0,9.031703581237409,113.99617169786929,145.0,160.0,143.3628420194552,160.1802539603185,50.0,160.0,52.16355134613271,160.08896434926373
444,1.0,1.0,1.0,115.0,5.0,112.44380905274812,2.7793246344910805,160.0,145.0,157.28218980377014,145.05645783943595,160.0,50.0,157.17106387224024,50.385095657885685
60,0.0,1.0,1.0,5.0,115.0,0.02894162836240355,109.31273155073953,145.0,160.0,142.65537456981994,156.7183959827474,50.0,160.0,53.70103264577961,164.9805208783796
456,1.0,1.0,1.0,115.0,5.0,110.01870656875154,2.625937693502602,160.0,145.0,156.39653957012695,146.66686975977373,160.0,50.0,160.24484566489957,50.6452589113034
58,0.0,1.0,1.0,5.0,115.0,5.1116535556179095,109.35571052760537,145.0,160.0,148.0524754104732,159.744796272184,50.0,160.0,53.70947602205878,162.12349961629602
278,0.0,1.0,1.0,5.0,115.0,0.2768548386031222,111.98080385825267,145.0,160.0,146.26969683733194,158.0570372740829,50.0,160.0,51.36745827659995,161.10930731108826
50,0.0,1.0,1.0,5.0,115.0,5.277282287320394,117.14670687296655,145.0,160.0,149.5578604688125,159.67715107187422,50.0,160.0,51.22887242994185,162.0961606325864
352,0.0,1.0,1.0,5.0,115.0,4.093880069158632,120.37233187619424,145.0,160.0,144.06883885284049,161.06494552612284,50.0,160.0,48.396164455271084,159.2424830043602
369,0.0,1.0,0.0,0.0,15.0,-3.1843078575580757,19.02358747025557,45.0,60.0,43.21886897432316,61.045673697866604,45.0,155.0,45.8654136808337,153.69774459263346
163,0.0,1.0,0.0,0.0,15.0,1.9753432724713367,16.471676286055466,45.0,60.0,44.64421677253067,59.74660566439556,45.0,155.0,47.534137304347325,155.74658051635768
194,0.0,1.0,1.0,5.0,115.0,4.708863377047795,115.31051339074236,145.0,160.0,147.50448246952837,163.84955806262016,50.0,160.0,47.573544882965436,163.1460790932654
419,1.0,1.0,0.0,15.0,0.0,8.850105131627782,-0.9885653018199255,60.0,45.0,59.32859347703419,43.728264036347866,155.0,45.0,155.38771999518394,49.641815945736965
54,0.0,1.0,1.0,5.0,115.0,4.764792879659741,119.26937270308852,145.0,160.0,143.1004699141157,165.95128671582233,50.0,160.0,52.87694843700523,161.0254945121567
205,0.0,1.0,0.0,0.0,15.0,3.7189945998568947,15.083006225736005,45.0,60.0,50.04965385589773,62.957752407490254,45.0,155.0,45.01424651574674,155.0440003424491
17,0.0,1.0,0.0,0.0,15.0,6.9610273739618,11.940322269376626,45.0,60.0,45.56674413498327,56.32545156215164,45.0,155.0,47.792516890953046,150.19825284467638
414,1.0,1.0,1.0,115.0,5.0,114.42369415865231,7.739824525150345,160.0,145.0,164.77612049956375,149.3414861791379,160.0,50.0,157.94000298607057,47.92612495356434
138,0.0,1.0,1.0,5.0,115.0,9.556621723501763,116.16015339428488,145.0,160.0,149.4585398930432,161.15079966292865,50.0,160.0,51.359875839990885,160.54687360615583
320,0.0,1.0,1.0,5.0,115.0,2.701723051165124,114.01778095301083,145.0,160.0,148.37535912555768,160.05219171285083,50.0,160.0,44.52855475488298,157.432447667183
300,0.0,1.0,1.0,5.0,115.0,9.754361606071711,111.5936888419242,145.0,160.0,142.66852213035986,160.36222585301715,50.0,160.0,56.398204634218914,161.5041844505298
494,1.0,1.0,1.0,115.0,5.0,113.71743237583259,4.341772731931809,160.0,145.0,161.1928032932741,146.26243148805162,160.0,50.0,163.2186435330388,59.418126043651455
185,0.0,1.0,0.0,0.0,15.0,-2.8510460043035826,8.97704678826146,45.0,60.0,43.35940508790969,56.89077188958914,45.0,155.0,44.94119299484173,153.65006927656935
473,1.0,1.0,0.0,15.0,0.0,14.587253735285149,2.859744925600598,60.0,45.0,56.63757597970025,43.25048658002053,155.0,45.0,157.26694167541606,43.68510824874707
105,0.0,1.0,0.0,0.0,15.0,0.30661742518632884,12.346439436594025,45.0,60.0,48.17720700891469,61.46692439811882,45.0,155.0,44.973485975974235,158.12299013325259
331,0.0,1.0,0.0,0.0,15.0,8.75349829626221,13.922988197916514,45.0,60.0,48.17247197606503,59.35911604634987,45.0,155.0,45.625125123629424,155.35961741930595
57,0.0,1.0,0.0,0.0,15.0,-2.205694384397664,15.010238990931029,45.0,60.0,45.86237678553143,53.040299509768474,45.0,155.0,45.12889832683924,156.46844486030025
20,0.0,1.0,1.0,5.0,115.0,7.507772599325424,117.5809297366012,145.0,160.0,144.05294537559215,155.27339261567892,50.0,160.0,48.8880243525517,164.46282562705002
158,0.0,1.0,1.0,5.0,115.0,6.961748411442016,119.14526025529659,145.0,160.0,148.06469560714908,156.31050569053434,50.0,160.0,47.78152981484045,157.75540589257642
335,0.0,1.0,0.0,0.0,15.0,6.743497748192695,10.666052192310477,45.0,60.0,41.86604268696558,68.14674159976727,45.0,155.0,43.43274230882979,156.84661842403528
368,0.0,1.0,1.0,5.0,115.0,2.37170592647821,115.53381162396641,145.0,160.0,146.41606341812928,156.25798626838875,50.0,160.0,49.02951248571737,159.28682776246623
260,0.0,1.0,1.0,5.0,115.0,6.504626450541811,117.8739622120288,145.0,160.0,144.88252575050566,156.5130869264939,50.0,160.0,46.279826417066026,158.72804610968186
407,1.0,1.0,0.0,15.0,0.0,16.542301556757785,3.4629964403298383,60.0,45.0,60.15143633511751,49.41475514759112,155.0,45.0,157.87885272594607,45.9717949270634
399,0.0,1.0,0.0,0.0,15.0,-1.7378241396308867,9.600574857230674,45.0,60.0,46.081480290415406,60.37418832350534,45.0,155.0,44.05957996123941,163.700234554976
312,0.0,1.0,1.0,5.0,115.0,5.936931617889555,113.13482938067837,145.0,160.0,142.76511522600347,160.06749931322543,50.0,160.0,53.86950126463336,157.14409567027377
178,0.0,1.0,1.0,5.0,115.0,3.2587481303438586,115.706015931272,145.0,160.0,140.76325882691847,163.73339613776963,50.0,160.0,49.72244277571272,164.19261132366623
459,1.0,1.0,0.0,15.0,0.0,18.11065059016273,-0.9177088686060854,60.0,45.0,62.22104992673489,49.559889780887715,155.0,45.0,157.94862019927083,44.25523409684786
176,0.0,1.0,1.0,5.0,115.0,7.073873268286768,122.52423998658881,145.0,160.0,146.23959621318048,159.01353555858833,50.0,160.0,51.05834781424874,163.1109732984821
27,0.0,1.0,0.0,0.0,15.0,5.588809587189845,15.558780509109711,45.0,60.0,46.06025602040488,66.20570904419256,45.0,155.0,45.13783664238233,151.00657452918017
304,0.0,1.0,1.0,5.0,115.0,5.9767265290847265,114.07968976045495,145.0,160.0,142.81576645480283,160.00392844280998,50.0,160.0,49.45948297437098,168.851541986893
66,0.0,1.0,1.0,5.0,115.0,3.0095800752753235,116.35968397197757,145.0,160.0,147.57515541333427,161.08387858150078,50.0,160.0,53.55506170114759,159.25109324598614
21,0.0,1.0,0.0,0.0,15.0,0.28508154491756216,13.822551478076248,45.0,60.0,45.08264148990575,64.19644008165743,45.0,155.0,41.087428937686404,157.86780120107923
392,0.0,1.0,1.0,5.0,115.0,8.719405095041193,113.56504373906367,145.0,160.0,141.20850659511675,158.74668119763976,50.0,160.0,47.69816064098866,156.3709095490568
457,1.0,1.0,0.0,15.0,0.0,9.208078439735699,-1.9774038042614286,60.0,45.0,59.88217058547962,42.29167029080039,155.0,45.0,154.59310482846422,42.57358128556134
383,0.0,1.0,0.0,0.0,15.0,-2.6172367225474535,17.23747199066215,45.0,60.0,46.78791153820737,59.85507830416895,45.0,155.0,45.44458161927962,156.1458629834195
243,0.0,1.0,0.0,0.0,15.0,3.3062653657971195,16.665657838657648,45.0,60.0,38.86775345777903,59.40408622665738,45.0,155.0,45.43743418714904,156.2425439298861
295,0.0,1.0,0.0,0.0,15.0,0.9545759658166022,15.048073683494543,45.0,60.0,40.07371072208048,56.35481065928672,45.0,155.0,46.78862168588841,151.8972980777246
281,0.0,1.0,0.0,0.0,15.0,-2.0218608799782594,9.595272864911946,45.0,60.0,43.209154939106085,63.80371392027034,45.0,155.0,41.10992197851947,153.9089353391211
219,0.0,1.0,0.0,0.0,15.0,-7.1084871255832915,13.065297775812063,45.0,60.0,48.15052179870113,63.50856637775627,45.0,155.0,42.45102864612668,155.61542206067782
382,0.0,1.0,1.0,5.0,115.0,3.621114812761812,113.07645857061783,145.0,160.0,149.42363633308005,162.94168954250654,50.0,160.0,51.34724540068302,159.87723761421762
396,0.0,1.0,1.0,5.0,115.0,6.638572622731026,115.60986021544622,145.0,160.0,139.96623147620764,162.14779157316678,50.0,160.0,46.82257298338972,156.3876908374794
115,0.0,1.0,0.0,0.0,15.0,2.6112049874436933,12.481064188851548,45.0,60.0,50.67916270865512,59.65876901690825,45.0,155.0,40.02339348615722,154.9186734479745
80,0.0,1.0,1.0,5.0,115.0,2.402870024831599,116.59494234691546,145.0,160.0,141.90647570526684,158.8706532345236,50.0,160.0,53.932860922406405,162.090160633428
463,1.0,1.0,0.0,15.0,0.0,10.478264566188496,1.6130985937409692,60.0,45.0,58.783616245470355,42.197893528140185,155.0,45.0,159.8292337241216,45.43023700572186
296,0.0,1.0,1.0,5.0,115.0,10.935874903189783,116.41257675814889,145.0,160.0,142.91548525858272,155.0053769480532,50.0,160.0,52.20305175738715,159.34878730428738
208,0.0,1.0,1.0,5.0,115.0,3.7585981703538947,113.22283370628435,145.0,160.0,148.03506972384378,160.85717262257555,50.0,160.0,51.939787161767285,159.80743609301658
2,0.0,1.0,1.0,5.0,115.0,6.792567370075329,115.89302785061325,145.0,160.0,149.56915256412327,152.15526539727261,50.0,160.0,51.29840124214778,161.78433911800596
394,0.0,1.0,1.0,5.0,115.0,4.812646313628056,117.52604623090306,145.0,160.0,140.72864673284104,165.11860283363686,50.0,160.0,55.09256342019395,162.84482117337873
310,0.0,1.0,1.0,5.0,115.0,3.2738107303425723,113.87104388074158,145.0,160.0,140.6227661926621,158.11129657189397,50.0,160.0,51.868558493029845,156.70064066293025
81,0.0,1.0,0.0,0.0,15.0,3.186528683852829,13.850272322905711,45.0,60.0,47.50853668209244,58.25707820094201,45.0,155.0,36.46077403565927,154.6892445682325
111,0.0,1.0,0.0,0.0,15.0,-2.15724984157886,16.94733474997129,45.0,60.0,48.453605255854015,61.80035160016984,45.0,155.0,44.30489404606428,157.75488582595165
434,1.0,1.0,1.0,115.0,5.0,116.78202583275781,5.27029567355146,160.0,145.0,158.6580783509619,146.00522750789005,160.0,50.0,158.93117154080446,48.86333868090445
380,0.0,1.0,1.0,5.0,115.0,6.86742025217173,118.66086991109954,145.0,160.0,144.1964295176635,157.89519617973693,50.0,160.0,47.28253441688605,162.13293532923043
166,0.0,1.0,1.0,5.0,115.0,6.846985946528614,116.36466788901761,145.0,160.0,144.1245069376198,164.24851692920709,50.0,160.0,50.33387244189936,158.8107628632287
482,1.0,1.0,1.0,115.0,5.0,112.53842463123848,3.8808743537257806,160.0,145.0,166.49406215829174,148.27043315780554,160.0,50.0,162.60314898822722,49.445520330358384
78,0.0,1.0,1.0,5.0,115.0,3.2250500476187556,118.63859764564116,145.0,160.0,141.37512385562624,162.4634860731986,50.0,160.0,45.82578493693475,159.16263993486146
229,0.0,1.0,0.0,0.0,15.0,-0.058526100977246316,14.928931916599321,45.0,60.0,44.99989468039879,58.76683153400176,45.0,155.0,44.013984350620674,151.59120998187782
72,0.0,1.0,1.0,5.0,115.0,9.757733115773519,110.14413528981389,145.0,160.0,150.90040779463314,160.85753978262304,50.0,160.0,52.537043999512875,157.13813851709432
385,0.0,1.0,0.0,0.0,15.0,-2.5978508752676714,11.552159331114485,45.0,60.0,47.363657110728795,55.73802601751875,45.0,155.0,41.300013944674895,151.18385380835474
268,0.0,1.0,1.0,5.0,115.0,6.720602302102706,115.47779769722123,145.0,160.0,148.23913237717156,157.718501125458,50.0,160.0,48.23593249557152,162.8538075836501
486,1.0,1.0,1.0,115.0,5.0,113.38088858741406,6.1213944892386465,160.0,145.0,157.1365081810954,145.9075994434053,160.0,50.0,160.50843175723782,51.5370779124866
422,1.0,1.0,1.0,115.0,5.0,112.52983069993726,7.143989913993774,160.0,145.0,156.23883391173047,146.65912371743474,160.0,50.0,160.73607048906507,49.06659670049966
430,1.0,1.0,1.0,115.0,5.0,111.41250321002141,5.965144640831174,160.0,145.0,159.9763939242394,141.72976017343797,160.0,50.0,164.20239761492246,51.339920955902784
361,0.0,1.0,0.0,0.0,15.0,-1.988423136780992,12.038435616012304,45.0,60.0,48.37050262237085,59.19419675722238,45.0,155.0,47.49964600553258,157.52506220328536
1,0.0,1.0,0.0,0.0,15.0,2.4404653888070023,19.45576184791289,45.0,60.0,44.563447074665696,64.63422276066568,45.0,155.0,42.27454884428198,153.5703831389327
366,0.0,1.0,1.0,5.0,115.0,10.353837426686368,116.85689663864866,145.0,160.0,147.67150901024027,160.0501009433461,50.0,160.0,49.804945117494505,164.66463802132037
255,0.0,1.0,0.0,0.0,15.0,-2.500294762806572,12.326500328266158,45.0,60.0,43.599846308718405,61.489881462010295,45.0,155.0,40.71490236355274,154.0989882718735
475,1.0,1.0,0.0,15.0,0.0,14.801017049960203,2.4345999725332033,60.0,45.0,62.497828071058414,47.65348037044392,155.0,45.0,159.1099392090884,54.515614067893125
126,0.0,1.0,1.0,5.0,115.0,2.9599236849818285,115.36834264718158,145.0,160.0,145.97951128039372,162.31511756544472,50.0,160.0,54.09423401522287,158.64758596683157
353,0.0,1.0,0.0,0.0,15.0,1.1983864863268705,13.68619613328184,45.0,60.0,48.10457976987066,55.84212610191587,45.0,155.0,45.83026664086087,157.44462693224645
69,0.0,1.0,0.0,0.0,15.0,1.6746959512049462,12.57570255600003,45.0,60.0,44.175497878816444,59.28085344785399,45.0,155.0,48.31518001218882,158.39956877512012
86,0.0,1.0,1.0,5.0,115.0,6.8310964752641565,117.49451475577305,145.0,160.0,139.74035472015183,157.94782534884408,50.0,160.0,47.77582607650634,163.98392990358715
213,0.0,1.0,0.0,0.0,15.0,2.4472324915970587,15.903298033756023,45.0,60.0,45.675671270883576,58.66779898800761,45.0,155.0,44.400565312259154,157.04061500075423
191,0.0,1.0,0.0,0.0,15.0,3.3041123341896954,14.311109521312964,45.0,60.0,42.738055841452116,57.5971831254866,45.0,155.0,47.06126185593909,156.4600530592029
130,0.0,1.0,1.0,5.0,115.0,10.554849178323844,120.61428002804686,145.0,160.0,145.04143246939978,159.04076263283446,50.0,160.0,48.224736258962835,162.86438117102495
442,1.0,1.0,1.0,115.0,5.0,120.25442236828005,9.626534123401074,160.0,145.0,161.15527507886532,145.20873843708307,160.0,50.0,160.65260532734897,51.912427095414785
16,0.0,1.0,1.0,5.0,115.0,5.4015488463012495,113.612681496826,145.0,160.0,147.1845554649394,164.0057679440475,50.0,160.0,52.555424912296054,161.01927914089558
119,0.0,1.0,0.0,0.0,15.0,2.2485714165713357,14.852841146326064,45.0,60.0,44.30077125436513,65.71013697018698,45.0,155.0,44.82555253648605,151.54705964910517
159,0.0,1.0,0.0,0.0,15.0,-2.2486217489406783,12.441304185382656,45.0,60.0,43.53685248088283,60.094486290788325,45.0,155.0,41.19660645988669,157.9559774500626
224,0.0,1.0,1.0,5.0,115.0,4.504636313186655,114.7422883036295,145.0,160.0,148.0676932708466,160.32413133728497,50.0,160.0,50.96435664500345,160.4462801198468
99,0.0,1.0,0.0,0.0,15.0,-2.5569495075634423,15.152913200243278,45.0,60.0,46.95567304043864,62.59720806753243,45.0,155.0,47.954698789434325,150.77530584565233
0,0.0,1.0,1.0,5.0,115.0,2.411484752264754,117.89701148529537,145.0,160.0,145.6044322384215,160.35291454810135,50.0,160.0,51.17566171836792,162.20782430997832
162,0.0,1.0,1.0,5.0,115.0,3.501388733973473,113.9818918174129,145.0,160.0,148.89874671182838,155.92685549229813,50.0,160.0,49.74564991742721,165.04886461817222
488,1.0,1.0,1.0,115.0,5.0,117.76499113088431,6.320414097579212,160.0,145.0,159.9975752680338,149.45768291605808,160.0,50.0,162.04173169295223,52.90551952187187
134,0.0,1.0,1.0,5.0,115.0,4.853256267699283,110.05038768131303,145.0,160.0,146.64735743023644,155.5413363363252,50.0,160.0,48.62019812056184,158.90803160229535
34,0.0,1.0,1.0,5.0,115.0,1.7476640409841355,114.6768548886106,145.0,160.0,143.43808527199414,159.02386571943248,50.0,160.0,42.91319984828536,162.05586036175907
272,0.0,1.0,1.0,5.0,115.0,6.270240537990576,111.68391642435682,145.0,160.0,145.51864083938517,166.1560869225137,50.0,160.0,49.17584106012422,157.33055881865414
316,0.0,1.0,1.0,5.0,115.0,7.753113782379424,111.06355801321925,145.0,160.0,138.10615468724387,160.2708728162208,50.0,160.0,44.43584290061265,154.52193106944836
476,1.0,1.0,1.0,115.0,5.0,116.53652199651552,3.9884678543851404,160.0,145.0,154.1397711426527,145.1847118893379,160.0,50.0,160.10628047187706,49.83201089009374
431,1.0,1.0,0.0,15.0,0.0,18.37713119340346,-2.780687153551453,60.0,45.0,60.74693109207144,42.51503468077989,155.0,45.0,152.04953452964173,44.084231765650536
426,1.0,1.0,1.0,115.0,5.0,113.02115070376341,1.5727985281950403,160.0,145.0,158.31974461677012,146.28089756379683,160.0,50.0,159.39253475079056,50.14012824852223
93,0.0,1.0,0.0,0.0,15.0,1.797414159806358,12.25004377885605,45.0,60.0,44.97811474471812,52.952820412230196,45.0,155.0,42.56966518632212,162.30564267955802
3,0.0,1.0,0.0,0.0,15.0,1.3421309928827094,9.244144910019795,45.0,60.0,43.64805132535433,63.13490711786575,45.0,155.0,49.12031174661131,151.14797868078625
371,0.0,1.0,0.0,0.0,15.0,0.8082157314102564,13.644398253461155,45.0,60.0,47.975317474551524,56.79177952450636,45.0,155.0,46.172035073505555,152.53993230670156
334,0.0,1.0,1.0,5.0,115.0,-1.740831404424454,113.80347882945107,145.0,160.0,139.82366838767848,162.56698286487418,50.0,160.0,49.956743866595104,161.35029655426192
416,1.0,1.0,1.0,115.0,5.0,117.04033576856321,5.852471204952963,160.0,145.0,158.95976444425597,143.0006837221074,160.0,50.0,160.21442724067936,49.996331516325384
497,1.0,1.0,0.0,15.0,0.0,12.452761051560302,1.5061802888285847,60.0,45.0,57.94622127989326,42.9086524210437,155.0,45.0,156.51862238466052,49.48397936873463
477,1.0,1.0,0.0,15.0,0.0,16.104420756191647,-3.1842160333547116,60.0,45.0,62.06820427198148,42.69087497085482,155.0,45.0,153.78008716486298,44.46247340619848
43,0.0,1.0,0.0,0.0,15.0,2.7902634621487223,12.20278527624745,45.0,60.0,44.326284001605096,64.69600740145137,45.0,155.0,42.1137529044547,154.98302621108385
153,0.0,1.0,0.0,0.0,15.0,1.28680683506749,12.125561875497977,45.0,60.0,45.67070391014128,60.409032872946945,45.0,155.0,49.13074602414779,154.26810104318406
87,0.0,1.0,0.0,0.0,15.0,-2.2188020630069025,14.833271176739096,45.0,60.0,48.79195729500305,54.645464072087506,45.0,155.0,39.166344135604874,155.8396559323202
276,0.0,1.0,1.0,5.0,115.0,6.698139561044515,119.92878794832286,145.0,160.0,148.94177195377247,160.33772371687232,50.0,160.0,53.15567814007056,155.1367041641172
33,0.0,1.0,0.0,0.0,15.0,-4.727398755370676,15.48330462052799,45.0,60.0,49.93442940930874,52.4151405950235,45.0,155.0,47.95611911972308,152.23941524374888
67,0.0,1.0,0.0,0.0,15.0,-3.2774141090064655,13.650922178454868,45.0,60.0,42.24700195805511,59.15512004261807,45.0,155.0,44.235901171656,150.748644770397
157,0.0,1.0,0.0,0.0,15.0,4.986875996059068,15.37135089458263,45.0,60.0,44.3452045163807,65.24115823095819,45.0,155.0,41.50527681488364,158.78308596367538
155,0.0,1.0,0.0,0.0,15.0,3.2796879279741122,12.140105377373375,45.0,60.0,41.69897662663518,55.97446379532086,45.0,155.0,42.92743329131313,152.84114522721256
308,0.0,1.0,1.0,5.0,115.0,1.758456731742113,115.65579705824209,145.0,160.0,146.5704302822995,163.4937483544726,50.0,160.0,54.084396644729516,160.476877822684
146,0.0,1.0,1.0,5.0,115.0,11.36886261618514,115.78348034963848,145.0,160.0,142.3168151790878,163.13205517944672,50.0,160.0,46.438855102489484,159.29211259559494
104,0.0,1.0,1.0,5.0,115.0,9.579082250742257,117.13694009801306,145.0,160.0,147.83520260078822,156.83224195845116,50.0,160.0,50.9876226603903,158.99126550470706
313,0.0,1.0,0.0,0.0,15.0,2.4480724819090978,15.42949737485029,45.0,60.0,46.04252061310823,63.49422693937296,45.0,155.0,44.282256231004666,155.74542039140678
25,0.0,1.0,0.0,0.0,15.0,5.814733788593728,16.16972613157116,45.0,60.0,43.617939287394535,62.0392949143425,45.0,155.0,44.153903961116214,157.23411956671512
49,0.0,1.0,0.0,0.0,15.0,-1.2494879933282614,12.745392701155682,45.0,60.0,40.45070227171162,63.980369436437655,45.0,155.0,45.15899783907499,161.2368577779294
362,0.0,1.0,1.0,5.0,115.0,8.032474059444588,116.35508157988886,145.0,160.0,144.021238959268,163.6208429266288,50.0,160.0,47.24052815761922,162.08073190248967
333,0.0,1.0,0.0,0.0,15.0,-1.7754608264591747,14.492764527225683,45.0,60.0,41.72768254395318,59.37618818254,45.0,155.0,40.18468807696848,155.22846660170666
286,0.0,1.0,1.0,5.0,115.0,0.9206712381708844,121.27362319390535,145.0,160.0,142.36208791876123,161.7473487502616,50.0,160.0,50.74934225287969,160.78381504002505
283,0.0,1.0,0.0,0.0,15.0,-0.6100589310834761,14.472062796002218,45.0,60.0,45.71933185104977,65.35215853692974,45.0,155.0,44.522684420068856,159.7386110863054
374,0.0,1.0,1.0,5.0,115.0,2.9553122169845527,117.5515469153268,145.0,160.0,143.03682925558667,161.54813210667876,50.0,160.0,50.38684693867265,165.04567802799906
319,0.0,1.0,0.0,0.0,15.0,2.5674211219808094,12.718955667300252,45.0,60.0,43.457763408199554,62.492441531565134,45.0,155.0,45.26902207392222,152.6065261642681
491,1.0,1.0,0.0,15.0,0.0,15.814566361242793,3.2237890269628084,60.0,45.0,62.78519713900286,42.17280262424902,155.0,45.0,151.5083761062642,43.73316746534458
279,0.0,1.0,0.0,0.0,15.0,-4.0258679428684925,17.167889895290504,45.0,60.0,47.53999767039927,60.49790514410832,45.0,155.0,43.665542930368815,156.36358846253057
144,0.0,1.0,1.0,5.0,115.0,-0.19034937742499647,117.17644640670315,145.0,160.0,143.190225700739,161.20618065198414,50.0,160.0,47.05854306756243,155.70439864996465
378,0.0,1.0,1.0,5.0,115.0,7.943269250048099,112.41207189434759,145.0,160.0,142.3555414073242,162.89448852225556,50.0,160.0,49.94133198110053,156.89001723928683
124,0.0,1.0,1.0,5.0,115.0,3.2138298703853083,115.15688347403179,145.0,160.0,143.76334177219135,161.16103254220792,50.0,160.0,54.031546764852585,154.48357403780818
96,0.0,1.0,1.0,5.0,115.0,6.730044710695375,118.16267152773005,145.0,160.0,144.97575925546118,156.7655787497616,50.0,160.0,53.92573567764305,163.16360017310424
136,0.0,1.0,1.0,5.0,115.0,4.601172356733276,118.63173944979205,145.0,160.0,144.04595012904562,166.3820066390434,50.0,160.0,50.96437967446107,160.88394711193268
28,0.0,1.0,1.0,5.0,115.0,4.601447863863401,114.53327281074698,145.0,160.0,141.6917803888349,160.0941407360669,50.0,160.0,55.588369071018604,157.96110619906048
77,0.0,1.0,0.0,0.0,15.0,3.011353446316669,18.212714804803134,45.0,60.0,45.83534804770525,56.984508189387086,45.0,155.0,42.59738858172541,153.32339654879112
245,0.0,1.0,0.0,0.0,15.0,4.007227472563375,15.093549469272196,45.0,60.0,44.75763037506494,59.09857928262196,45.0,155.0,43.302733080893624,156.2300005435216
299,0.0,1.0,0.0,0.0,15.0,3.1672258089714926,10.14872823125621,45.0,60.0,44.60705865433185,61.49576918683281,45.0,155.0,43.63315449340459,153.98826779115132
90,0.0,1.0,1.0,5.0,115.0,0.29066340263854773,111.5157360750811,145.0,160.0,148.74197231237378,158.97680929362784,50.0,160.0,50.79106013082675,161.78481259138292
171,0.0,1.0,0.0,0.0,15.0,1.212139345315708,11.735868822887722,45.0,60.0,44.825761409916645,63.177878831470494,45.0,155.0,40.431470503992784,157.64747731800938
345,0.0,1.0,0.0,0.0,15.0,2.412018925553275,14.227369609015428,45.0,60.0,41.43401208970065,57.351758988367244,45.0,155.0,47.24612481622023,157.3833175554373
13,0.0,1.0,0.0,0.0,15.0,0.5997057906205837,16.547876982384672,45.0,60.0,38.8167015816841,62.57813206664861,45.0,155.0,46.47304706183889,160.30170915631314
145,0.0,1.0,0.0,0.0,15.0,2.191118567860461,20.119196950963584,45.0,60.0,46.65311529757819,61.83837028578859,45.0,155.0,46.202193485225166,158.47002683323146
402,1.0,1.0,1.0,115.0,5.0,113.95203699760201,9.027288144118073,160.0,145.0,155.4429107203666,146.53509963764088,160.0,50.0,159.91460232178557,48.379723872577785
433,1.0,1.0,0.0,15.0,0.0,18.284498529168058,5.303849504712074,60.0,45.0,60.538203211905994,46.20329811521433,155.0,45.0,158.75416733909555,47.16160021157395
232,0.0,1.0,1.0,5.0,115.0,6.798242372380468,116.23230267610997,145.0,160.0,142.4771660194402,157.86515114988154,50.0,160.0,46.77628947963554,155.92460373496084
167,0.0,1.0,0.0,0.0,15.0,4.661892783433801,16.53507945718268,45.0,60.0,40.7033821329683,58.963728936726824,45.0,155.0,41.999878038836016,160.40253346120645
438,1.0,1.0,1.0,115.0,5.0,112.7920910066086,7.494474547144415,160.0,145.0,161.73344624082688,145.390727617578,160.0,50.0,158.22345453017962,51.78411606994296
337,0.0,1.0,0.0,0.0,15.0,-2.0541290453421372,10.313681279966046,45.0,60.0,46.975586380975486,59.086896571829314,45.0,155.0,45.39876484260519,160.49950276245275
235,0.0,1.0,0.0,0.0,15.0,-0.3417163396532275,19.327157299791992,45.0,60.0,42.806992397681555,57.11880964805981,45.0,155.0,46.43067655579899,156.04564983960057
183,0.0,1.0,0.0,0.0,15.0,4.027067151591178,20.62239650431165,45.0,60.0,45.706159008817835,60.652793525427555,45.0,155.0,38.76500974741717,158.09647898371452
375,0.0,1.0,0.0,0.0,15.0,-1.14560109915085,12.778429932726842,45.0,60.0,37.123175503979546,60.46863716058906,45.0,155.0,44.413454962291155,158.806012741681
467,1.0,1.0,0.0,15.0,0.0,17.992041518148998,-1.1133620116962393,60.0,45.0,57.53998439722123,45.90208896808964,155.0,45.0,153.71919521598795,49.16938185489704
432,1.0,1.0,1.0,115.0,5.0,115.17952850301596,4.738341513508277,160.0,145.0,158.64795275924186,144.31320606752476,160.0,50.0,158.2955216450648,49.10623747193241
172,0.0,1.0,1.0,5.0,115.0,5.137949232330731,116.06892291500898,145.0,160.0,145.7087952567358,159.77996089114245,50.0,160.0,45.154771908944774,162.41675344746076
92,0.0,1.0,1.0,5.0,115.0,4.076705885135374,113.71691779487172,145.0,160.0,148.50845232336988,161.0996327643275,50.0,160.0,49.718489292524865,160.45681349745564
460,1.0,1.0,1.0,115.0,5.0,110.351311781743,4.300331326334373,160.0,145.0,165.12627633191465,146.50754355168056,160.0,50.0,154.5419771510524,53.2575374691156
452,1.0,1.0,1.0,115.0,5.0,120.47649845037313,3.2602794848187613,160.0,145.0,164.42750631937736,147.2972289401813,160.0,50.0,158.85820091169333,49.34826537150513
174,0.0,1.0,1.0,5.0,115.0,4.898530650567254,111.89862846555368,145.0,160.0,148.81616642070853,159.02524323613628,50.0,160.0,44.99879281816419,160.75251263295397
137,0.0,1.0,0.0,0.0,15.0,0.9703585060649125,10.616382177609601,45.0,60.0,46.05774472691978,59.499020625889464,45.0,155.0,52.78411193902448,155.9938603643155
455,1.0,1.0,0.0,15.0,0.0,13.713632287446396,2.2491327394653284,60.0,45.0,60.419080908933424,46.0012082914569,155.0,45.0,153.54201265420667,38.51898955767076
318,0.0,1.0,1.0,5.0,115.0,8.215559133390324,112.99581744236514,145.0,160.0,145.07880864383165,158.92849016474378,50.0,160.0,50.126802789622936,162.66607595589437
441,1.0,1.0,0.0,15.0,0.0,13.41908818024308,0.9155109612758237,60.0,45.0,57.266940147648526,48.35749416553556,155.0,45.0,154.17694067118214,44.3451512574538
91,0.0,1.0,0.0,0.0,15.0,3.3536395710801346,18.544893922452346,45.0,60.0,45.621558399762954,62.20909294939029,45.0,155.0,45.48313957286228,153.4984891566779
248,0.0,1.0,1.0,5.0,115.0,4.844347737733703,112.01995722952331,145.0,160.0,146.90361042785662,156.78304412067789,50.0,160.0,55.53547345588332,161.17458438975427
376,0.0,1.0,1.0,5.0,115.0,3.5919100078289032,119.00588341885104,145.0,160.0,143.759957958911,156.16843690296926,50.0,160.0,53.992134858257074,154.63463283223055
358,0.0,1.0,1.0,5.0,115.0,5.207741272059231,114.61798699153795,145.0,160.0,143.90945026427318,157.48007668041055,50.0,160.0,51.9266060652495,156.63744238527784
83,0.0,1.0,0.0,0.0,15.0,3.1981461660764214,14.130671094079327,45.0,60.0,43.40438533941935,55.6410263765857,45.0,155.0,46.68822422780667,152.95628215012417
327,0.0,1.0,0.0,0.0,15.0,2.3481998707672838,10.43192753482649,45.0,60.0,45.21480268844941,59.96966553714,45.0,155.0,41.191531973454424,149.06836433619065
274,0.0,1.0,1.0,5.0,115.0,2.070850316560406,119.24685398909749,145.0,160.0,147.84475323293296,158.18337031255768,50.0,160.0,47.68744302792183,158.12493821703
120,0.0,1.0,1.0,5.0,115.0,4.898145236121634,116.20727214030076,145.0,160.0,141.7165976158523,160.14908859571915,50.0,160.0,50.41315199990632,156.1707084803041
478,1.0,1.0,1.0,115.0,5.0,114.87875703666677,2.6806632516006643,160.0,145.0,162.5633058348758,140.09780468288187,160.0,50.0,162.0953105087315,51.86718538273078
405,1.0,1.0,0.0,15.0,0.0,13.76370264143988,1.53626842273996,60.0,45.0,60.571717457864615,41.71838628469595,155.0,45.0,151.78862611125237,39.28059870295691
37,0.0,1.0,0.0,0.0,15.0,0.34902100285921356,12.506010598041534,45.0,60.0,44.89014838651883,63.05838833542974,45.0,155.0,43.264295334856286,155.25147715859396
306,0.0,1.0,1.0,5.0,115.0,7.06819355164437,118.71544618612293,145.0,160.0,141.13990246170277,158.9268146969801,50.0,160.0,44.089192489114524,161.0035309425216
128,0.0,1.0,1.0,5.0,115.0,6.6174151362809095,112.58694469683208,145.0,160.0,145.8628244101148,158.14954639990034,50.0,160.0,52.172274627328214,157.0056181625102
203,0.0,1.0,0.0,0.0,15.0,0.5306173434284783,9.813043181997923,45.0,60.0,45.49112053637715,59.99231855055037,45.0,155.0,44.915261760609354,148.0058114043117
259,0.0,1.0,0.0,0.0,15.0,-0.2289635628667232,18.09154914907178,45.0,60.0,46.79206721467453,62.0593408026549,45.0,155.0,44.20929336292127,152.43730729551598
472,1.0,1.0,1.0,115.0,5.0,117.92330154615371,1.3086076031267404,160.0,145.0,160.1071547256181,148.74991200348595,160.0,50.0,158.04211950715077,47.34174053229106
152,0.0,1.0,1.0,5.0,115.0,6.070500929304812,112.03922261779182,145.0,160.0,150.18137736568812,161.20592595275437,50.0,160.0,55.033566239781116,158.07130072370154
468,1.0,1.0,1.0,115.0,5.0,116.38455731600635,11.766281262259515,160.0,145.0,163.57266914166715,139.02642774443976,160.0,50.0,167.86325782552063,51.02041305517341
418,1.0,1.0,1.0,115.0,5.0,113.66640397484115,3.218038641964253,160.0,145.0,164.74382196313744,147.14999678988121,160.0,50.0,162.0479209591669,54.58865617572453
449,1.0,1.0,0.0,15.0,0.0,14.094099410305276,-2.7636691766193673,60.0,45.0,61.81546014138158,45.63165907795349,155.0,45.0,154.71093941171625,49.9019198535164
114,0.0,1.0,1.0,5.0,115.0,-1.5505368186720911,114.36333841365703,145.0,160.0,147.8511734755768,163.39609503697827,50.0,160.0,48.93521607219702,158.06245529383673
68,0.0,1.0,1.0,5.0,115.0,-0.9809588077412243,117.17892128240665,145.0,160.0,150.6901207746498,158.00438144779787,50.0,160.0,47.89939175181807,156.23363851852295
297,0.0,1.0,0.0,0.0,15.0,1.7679142763885585,18.133042465682788,45.0,60.0,45.8976574693804,57.319671932460444,45.0,155.0,40.04091522434919,158.47214883257317
264,0.0,1.0,1.0,5.0,115.0,7.566519715275934,113.82851518325607,145.0,160.0,144.890381157546,162.50895382285617,50.0,160.0,49.313433690690744,158.27726804622816
151,0.0,1.0,0.0,0.0,15.0,-7.076242758409922,18.785491296156295,45.0,60.0,48.547930554793204,58.19810850475338,45.0,155.0,43.573721657327916,150.78547317250997
448,1.0,1.0,1.0,115.0,5.0,113.67199698611262,-3.133388517003443,160.0,145.0,161.51802480962402,143.51644660550636,160.0,50.0,160.5830675798054,50.718217519571816
458,1.0,1.0,1.0,115.0,5.0,118.89938200466246,1.865546728471716,160.0,145.0,157.23178751299668,152.40249871921122,160.0,50.0,155.6042498248125,51.06690216952132
35,0.0,1.0,0.0,0.0,15.0,0.16727582350907338,12.363155584972052,45.0,60.0,46.47213676242154,64.01761314479026,45.0,155.0,47.780510286936746,153.66353012066912
359,0.0,1.0,0.0,0.0,15.0,-1.9249225479612473,15.899482078543588,45.0,60.0,35.79186778975348,56.14153220469555,45.0,155.0,43.66102261244913,153.91549234437397
364,0.0,1.0,1.0,5.0,115.0,5.8552601834997295,117.21748920948968,145.0,160.0,144.7931948249661,159.8052192984568,50.0,160.0,50.2606869983802,161.05744357808652
40,0.0,1.0,1.0,5.0,115.0,0.4525923824523286,115.77218884884765,145.0,160.0,141.4680042390456,155.93556400167927,50.0,160.0,47.63224070843716,166.93580600955335
329,0.0,1.0,0.0,0.0,15.0,4.5407525487663385,21.36906902359648,45.0,60.0,47.06226802181323,57.84484759397298,45.0,155.0,45.83324967798198,160.67964195757878
214,0.0,1.0,1.0,5.0,115.0,2.6567177710561447,119.63560730855764,145.0,160.0,145.59193407929882,158.54940729410643,50.0,160.0,52.12695408532257,161.29638675825856
38,0.0,1.0,1.0,5.0,115.0,1.7635004842656974,117.12845553612672,145.0,160.0,149.0331821358222,160.78672654983626,50.0,160.0,49.69623644675834,165.56830019989445
9,0.0,1.0,0.0,0.0,15.0,-1.4365907374841291,10.562995317234734,45.0,60.0,46.77805353144635,56.54613990723478,45.0,155.0,47.67974320584896,157.32010007408388
346,0.0,1.0,1.0,5.0,115.0,4.11640474056941,117.44092489158906,145.0,160.0,145.5374648534896,155.95448352351158,50.0,160.0,50.25026484840172,161.51209199936585
384,0.0,1.0,1.0,5.0,115.0,2.5514414839056054,111.7156370792058,145.0,160.0,143.99138670226907,160.54130331867495,50.0,160.0,54.8206192878432,153.26415819707373
202,0.0,1.0,1.0,5.0,115.0,5.006424809038843,114.04588689068964,145.0,160.0,145.71097664900478,159.01476628222971,50.0,160.0,47.34541683810365,158.99130850739473
447,1.0,1.0,0.0,15.0,0.0,13.54903815003198,-2.4858279309895615,60.0,45.0,60.6155763642918,44.31657195278254,155.0,45.0,154.90794039049388,51.37106018086989
206,0.0,1.0,1.0,5.0,115.0,5.286057337338031,115.56906907836843,145.0,160.0,144.0613337747951,157.92258380758642,50.0,160.0,50.72867993567629,165.37311624508632
118,0.0,1.0,1.0,5.0,115.0,5.775177154302209,111.55219802743288,145.0,160.0,148.9101207477359,161.11449790080601,50.0,160.0,50.16303398472594,156.17729825484383
55,0.0,1.0,0.0,0.0,15.0,-0.6433175261541384,12.909588379226802,45.0,60.0,46.993751601148226,53.339324578168494,45.0,155.0,45.5577074693765,152.4349054512891
410,1.0,1.0,1.0,115.0,5.0,122.13087724581128,4.46415778648071,160.0,145.0,159.21030372804285,145.36642819594235,160.0,50.0,153.63738249880714,52.86668730572886
338,0.0,1.0,1.0,5.0,115.0,9.399283886709753,117.69023548623704,145.0,160.0,147.7328207379011,157.835701595849,50.0,160.0,53.37885367985835,160.07073630130424
53,0.0,1.0,0.0,0.0,15.0,-0.21439103166082457,12.536936389877594,45.0,60.0,46.95598547983708,60.85885223584722,45.0,155.0,43.28828978673648,152.74330173611213
325,0.0,1.0,0.0,0.0,15.0,-1.7707158062668604,13.336358264253757,45.0,60.0,41.86154527185236,59.67959177898642,45.0,155.0,45.87445422030132,155.78179415721414
322,0.0,1.0,1.0,5.0,115.0,4.2298507099433476,112.03149966945134,145.0,160.0,146.40037260987472,164.69157890227214,50.0,160.0,48.64351746121441,162.91554291276165
461,1.0,1.0,0.0,15.0,0.0,10.4515466621928,2.068709342241666,60.0,45.0,54.95357707910451,43.70300072705805,155.0,45.0,153.28892749358997,48.62146918839722
246,0.0,1.0,1.0,5.0,115.0,0.5068473227193291,118.34444884066244,145.0,160.0,147.3489086883671,167.67764509494955,50.0,160.0,48.7770946336042,160.60341023715858
483,1.0,1.0,0.0,15.0,0.0,15.949500609846956,-0.6675346020446234,60.0,45.0,60.35085376552386,45.34016347791061,155.0,45.0,157.06118106025838,43.75816175182064
217,0.0,1.0,0.0,0.0,15.0,0.9373241110656918,12.587489556848706,45.0,60.0,49.26414138730526,59.38487177823203,45.0,155.0,40.8632290933753,149.5583950698078
147,0.0,1.0,0.0,0.0,15.0,0.05853725599957383,18.66493173482626,45.0,60.0,47.69524059422456,59.54778264524838,45.0,155.0,45.35193336418406,161.263168695182
307,0.0,1.0,0.0,0.0,15.0,-0.2625675745133811,9.070521970538245,45.0,60.0,45.002417142090465,59.52892905600767,45.0,155.0,49.94676053044016,148.77789336000689
340,0.0,1.0,1.0,5.0,115.0,5.528884528762109,111.96740045151695,145.0,160.0,145.77284477262683,156.02245832596103,50.0,160.0,41.583581827582776,156.65785474209628
230,0.0,1.0,1.0,5.0,115.0,8.610601799652606,116.43045204139236,145.0,160.0,146.4766581664275,154.96925267446562,50.0,160.0,52.40779569224658,160.20925946809302
140,0.0,1.0,1.0,5.0,115.0,2.1463438017092695,117.86993202453712,145.0,160.0,149.1758358742746,156.40222746829502,50.0,160.0,48.23433627940157,160.76533965328335
271,0.0,1.0,0.0,0.0,15.0,5.099695713464844,11.389680113490204,45.0,60.0,47.64609758914753,60.95759879259814,45.0,155.0,41.16718495267751,152.20882652732772
148,0.0,1.0,1.0,5.0,115.0,3.8172217704070546,113.71350018857792,145.0,160.0,143.6296556260265,155.881179294483,50.0,160.0,46.995692954437324,160.66226650640175
181,0.0,1.0,0.0,0.0,15.0,0.6380598660343015,16.431440710313623,45.0,60.0,46.02174396164011,59.627876875225304,45.0,155.0,48.22757291487875,155.24000685515543
47,0.0,1.0,0.0,0.0,15.0,-3.28004646618875,15.767191512251308,45.0,60.0,45.61465582029243,59.29763251484405,45.0,155.0,44.87447708601606,154.0653031092134
309,0.0,1.0,0.0,0.0,15.0,-0.6133236962754587,15.660525491828166,45.0,60.0,41.445393921724246,57.47812442206363,45.0,155.0,46.0322524917529,152.43847100343248
293,0.0,1.0,0.0,0.0,15.0,-3.6914330444274137,14.878459473095479,45.0,60.0,41.775676767265495,62.533688941964286,45.0,155.0,45.786188392366626,152.59620024200808
474,1.0,1.0,1.0,115.0,5.0,113.78081925174958,4.690112471423179,160.0,145.0,159.69536859849927,143.72937396567653,160.0,50.0,159.77485805835826,47.645513247307676
425,1.0,1.0,0.0,15.0,0.0,16.609261160042827,3.658255486133767,60.0,45.0,63.05557375889876,47.852701452354566,155.0,45.0,158.7235137596392,41.4329438175661
289,0.0,1.0,0.0,0.0,15.0,-4.9807782832557415,17.254621256525375,45.0,60.0,43.30654166173544,54.99438447942286,45.0,155.0,47.44893662053123,148.0381069927596
270,0.0,1.0,1.0,5.0,115.0,1.602022062427075,114.87610094136566,145.0,160.0,144.97024305121602,161.54569601623908,50.0,160.0,52.67874720290881,164.46830662427388
110,0.0,1.0,1.0,5.0,115.0,9.039230346233634,111.99447000757151,145.0,160.0,147.69808526819037,163.54528850418768,50.0,160.0,53.351987890671005,162.21980978221694
62,0.0,1.0,1.0,5.0,115.0,7.144978407783785,112.03124096671226,145.0,160.0,144.82601625832004,160.87315918461195,50.0,160.0,49.110163917722176,163.30675564998555
282,0.0,1.0,1.0,5.0,115.0,7.140566670350908,111.77443168297548,145.0,160.0,143.01797186992584,158.49878749617517,50.0,160.0,50.484110637019185,164.71076298762173
204,0.0,1.0,1.0,5.0,115.0,5.523949605440141,118.881413383521,145.0,160.0,144.92683391903196,164.6908306836939,50.0,160.0,55.449641451200556,157.51777716054988
413,1.0,1.0,0.0,15.0,0.0,10.346166862401608,2.207047318392188,60.0,45.0,61.36482945827058,47.29234393587529,155.0,45.0,152.02349523144713,41.81829806782778
188,0.0,1.0,1.0,5.0,115.0,3.575375855342423,123.30916107037538,145.0,160.0,145.8322453148723,158.01481989201153,50.0,160.0,51.63632193135475,162.71871692414942
360,0.0,1.0,1.0,5.0,115.0,9.329243870893908,114.60150921853985,145.0,160.0,139.79189981828614,156.82603869736954,50.0,160.0,48.221064024769824,161.0258098141984
207,0.0,1.0,0.0,0.0,15.0,-2.511901507170802,14.507025968302973,45.0,60.0,48.574547433079964,58.461089434385,45.0,155.0,44.97613951392512,153.45041320923215
277,0.0,1.0,0.0,0.0,15.0,7.316143440856358,17.290019416468038,45.0,60.0,45.38445739334487,59.64109089782047,45.0,155.0,44.77071258303264,154.69573943196414
484,1.0,1.0,1.0,115.0,5.0,110.20427307654411,6.662461706788616,160.0,145.0,162.7652832279055,145.16055246715624,160.0,50.0,160.56138384281144,52.45596127776073
95,0.0,1.0,0.0,0.0,15.0,2.669188479560452,17.54356634811488,45.0,60.0,47.00351714316166,58.180682089225606,45.0,155.0,46.68480442124782,156.5732606391827
314,0.0,1.0,1.0,5.0,115.0,5.503125788083942,115.26807262983964,145.0,160.0,149.37073788176028,158.48579263547833,50.0,160.0,57.37893225201336,161.0766878345798
186,0.0,1.0,1.0,5.0,115.0,7.091732039182894,113.05334837258815,145.0,160.0,145.52353689467168,161.30060633883048,50.0,160.0,48.534059708950394,164.73562678885247
169,0.0,1.0,0.0,0.0,15.0,-5.0125220662172945,11.385274627878964,45.0,60.0,44.119674971084706,57.9336487264948,45.0,155.0,44.565885260851175,160.74411397465397
209,0.0,1.0,0.0,0.0,15.0,-5.19574555525775,15.65264478614684,45.0,60.0,42.26053134195518,58.06982224402094,45.0,155.0,44.127719142079684,153.65488101627182
31,0.0,1.0,0.0,0.0,15.0,2.267587554834498,14.271085979870152,45.0,60.0,42.97759147652374,62.047585019166746,45.0,155.0,43.06449308683384,152.79064962732764
8,0.0,1.0,1.0,5.0,115.0,3.8737818418927983,113.10454571993043,145.0,160.0,143.9966987145368,157.679341021728,50.0,160.0,51.630098171169735,157.03627643346456
242,0.0,1.0,1.0,5.0,115.0,3.420723484280279,119.20541404915701,145.0,160.0,140.06524777305177,163.14181068710897,50.0,160.0,51.79194029544872,159.27264510524992
97,0.0,1.0,0.0,0.0,15.0,8.365208900174585,16.987804635750457,45.0,60.0,44.53826422357493,60.91909603821121,45.0,155.0,47.31323778812464,153.9846684985677
330,0.0,1.0,1.0,5.0,115.0,6.364344233897923,116.51580213677872,145.0,160.0,144.13691346228146,158.69158125265727,50.0,160.0,53.0801434408714,158.72362808354723
290,0.0,1.0,1.0,5.0,115.0,8.849811731601502,119.01444624991727,145.0,160.0,143.24145375130823,163.77625510820357,50.0,160.0,48.74453310243484,160.9665721636278
244,0.0,1.0,1.0,5.0,115.0,2.586290806592196,118.87768175553026,145.0,160.0,142.3289024681967,162.38592284911047,50.0,160.0,52.18569275296774,162.65980396025864
184,0.0,1.0,1.0,5.0,115.0,8.540234413349747,116.0887228657781,145.0,160.0,143.02343817409232,157.36687313486314,50.0,160.0,54.52862324114383,161.22116503838186
377,0.0,1.0,0.0,0.0,15.0,-3.1487953491149585,9.168912286381726,45.0,60.0,38.3232029321748,58.40153421342227,45.0,155.0,43.689628329450066,151.24165308741567
109,0.0,1.0,0.0,0.0,15.0,1.9657358724690535,15.527035884210509,45.0,60.0,47.31937169484264,62.02387383303892,45.0,155.0,44.416328675886895,152.51318713742478
241,0.0,1.0,0.0,0.0,15.0,-0.574830408396069,14.113956983760417,45.0,60.0,43.58901972456283,54.85219175812786,45.0,155.0,48.99107970386839,149.24514636928282
315,0.0,1.0,0.0,0.0,15.0,1.6133803379591782,13.52731600069423,45.0,60.0,45.102300875100354,55.105614755852606,45.0,155.0,46.660929060530634,154.13470161860704
71,0.0,1.0,0.0,0.0,15.0,-3.9232805661100056,15.743728028414676,45.0,60.0,44.091117516094144,59.09230383820619,45.0,155.0,44.48868047354274,155.34699903263726
427,1.0,1.0,0.0,15.0,0.0,14.704060713327967,-3.9404522493215057,60.0,45.0,60.96128865777783,44.69249480190979,155.0,45.0,155.4099749658571,49.918821698528134
154,0.0,1.0,1.0,5.0,115.0,5.10952184194082,114.7318606962228,145.0,160.0,143.2241580871752,159.09137698705766,50.0,160.0,47.66699412877846,162.26996907585882
101,0.0,1.0,0.0,0.0,15.0,-1.9061948414066938,21.184712278355065,45.0,60.0,44.506378403658225,62.050552980655056,45.0,155.0,44.704909493812075,160.20066773108397
298,0.0,1.0,1.0,5.0,115.0,5.509016034151847,114.4269846848739,145.0,160.0,144.8305081881632,158.27429720011745,50.0,160.0,47.94145383973052,165.31322433759993
112,0.0,1.0,1.0,5.0,115.0,5.98434465942403,114.85093924132482,145.0,160.0,145.13941790301627,162.7083788289052,50.0,160.0,50.41663922403739,155.9672703048834
6,0.0,1.0,1.0,5.0,115.0,8.25001190080652,112.92943910442825,145.0,160.0,141.51201013527253,161.84731235936783,50.0,160.0,46.53337704756991,158.21376140514
222,0.0,1.0,1.0,5.0,115.0,7.390960422015919,116.18580664165579,145.0,160.0,138.58225298232261,166.35192602194707,50.0,160.0,47.393267015607,158.46254852341104
19,0.0,1.0,0.0,0.0,15.0,0.6691171574206896,15.503326138705436,45.0,60.0,42.447694650189774,61.83072602459383,45.0,155.0,46.852067714073094,156.11691707712865
265,0.0,1.0,0.0,0.0,15.0,2.208191001383862,14.142447220915319,45.0,60.0,44.05005298411401,59.62890739192479,45.0,155.0,44.33995349885191,152.9118681469301
133,0.0,1.0,0.0,0.0,15.0,1.0134744638024409,11.291763652897476,45.0,60.0,46.87088701841243,56.898731731264235,45.0,155.0,44.90730561672673,152.42994459164376
280,0.0,1.0,1.0,5.0,115.0,1.010128458073412,111.74125102720876,145.0,160.0,146.84784596894917,164.09283160208724,50.0,160.0,45.206924287555985,159.4930187984642
107,0.0,1.0,0.0,0.0,15.0,3.5798946687603204,11.405250356335001,45.0,60.0,45.54587703801653,58.696301434290255,45.0,155.0,45.90241809438174,156.00636175426007
15,0.0,1.0,0.0,0.0,15.0,-0.259153692971473,12.225400935417118,45.0,60.0,45.942196241048904,64.84786261062382,45.0,155.0,42.02009200286775,148.85719852959838
462,1.0,1.0,1.0,115.0,5.0,114.61977777948493,8.512564728246236,160.0,145.0,148.43996028413676,146.47055525299467,160.0,50.0,158.62046148328005,48.825614247234704
435,1.0,1.0,0.0,15.0,0.0,16.849994770228633,-6.13564933000784,60.0,45.0,61.47100341001759,47.556901844864,155.0,45.0,152.40241291198214,46.37912799100088
251,0.0,1.0,0.0,0.0,15.0,2.538017556019482,18.63846803731949,45.0,60.0,45.07833217331274,56.008929766506824,45.0,155.0,40.58372305517042,151.55033300745757
409,1.0,1.0,0.0,15.0,0.0,17.88081085231986,0.5203364497904683,60.0,45.0,60.387408284886696,45.07603489420529,155.0,45.0,152.69727241481118,45.230279235548004
303,0.0,1.0,0.0,0.0,15.0,-6.795021418475179,18.613987605942157,45.0,60.0,46.29041588960999,58.0935995884722,45.0,155.0,40.384796376913414,154.75887724192114
30,0.0,1.0,1.0,5.0,115.0,5.225169672682987,121.49702720488568,145.0,160.0,146.69869937799686,155.9648416736211,50.0,160.0,44.06017732163749,161.0873073673465
233,0.0,1.0,0.0,0.0,15.0,-1.0148928052863968,17.285849947880095,45.0,60.0,42.92832780044243,55.55500745354847,45.0,155.0,46.47079507486367,152.27515756910432
470,1.0,1.0,1.0,115.0,5.0,113.87656492671464,8.428679072950802,160.0,145.0,155.45730568947923,148.35478000491898,160.0,50.0,161.2023024602881,43.961975521718045
257,0.0,1.0,0.0,0.0,15.0,0.05871146750465321,16.83156438203068,45.0,60.0,41.48972049215209,57.344537876244246,45.0,155.0,43.07222826026111,154.49035542925657
436,1.0,1.0,1.0,115.0,5.0,114.54052878901953,3.0259991901858827,160.0,145.0,158.6205121549742,143.74000376343284,160.0,50.0,161.26834043181472,52.219169859078434
82,0.0,1.0,1.0,5.0,115.0,5.836612084365789,112.39326073043759,145.0,160.0,147.5197452833995,157.27285703143937,50.0,160.0,51.77899058613839,164.46873470056474
225,0.0,1.0,0.0,0.0,15.0,-3.433585092920733,14.312031635017712,45.0,60.0,43.522769166908056,52.926665654714085,45.0,155.0,48.009804736209155,155.95649196830237
356,0.0,1.0,1.0,5.0,115.0,6.016371102941639,109.5140318824266,145.0,160.0,147.94711461955336,159.44964388078648,50.0,160.0,46.292634866272586,155.38642476671797
261,0.0,1.0,0.0,0.0,15.0,-0.8401782094776606,15.58078782538784,45.0,60.0,42.02948915690303,54.956936198911954,45.0,155.0,45.42326614796649,154.24051419661131
381,0.0,1.0,0.0,0.0,15.0,-0.5614645474897993,11.96843028758676,45.0,60.0,46.09776188321319,60.05343309384682,45.0,155.0,41.49744395417342,157.47485071915654
423,1.0,1.0,0.0,15.0,0.0,14.961938375068772,-3.3362581067865693,60.0,45.0,60.67425636611,41.88616165724474,155.0,45.0,153.0675562434762,35.78021120040478
343,0.0,1.0,0.0,0.0,15.0,-0.7351895648588909,15.147519000226358,45.0,60.0,45.699773509555044,58.85697200357607,45.0,155.0,45.45816781220713,152.56398755107864
180,0.0,1.0,1.0,5.0,115.0,0.5655257773810725,113.54143901786276,145.0,160.0,145.23937001672041,159.58857788994627,50.0,160.0,47.928150210900625,156.4402075630835
493,1.0,1.0,0.0,15.0,0.0,16.395323473733587,-3.861337987577151,60.0,45.0,59.010774687951645,50.46112217359122,155.0,45.0,151.88276211391454,46.09395791473612
355,0.0,1.0,0.0,0.0,15.0,0.9244523752225793,16.03919327238899,45.0,60.0,41.135933323715484,60.624366337532244,45.0,155.0,47.30169860295224,157.70735843265706
73,0.0,1.0,0.0,0.0,15.0,1.2164598374916067,17.052089249598954,45.0,60.0,48.969892976526694,57.690331418121424,45.0,155.0,46.97362173105364,156.7580440734491
132,0.0,1.0,1.0,5.0,115.0,2.15172725966414,111.82086562902325,145.0,160.0,148.09051986188945,161.28966013353943,50.0,160.0,47.681887994772794,164.32453266006175
210,0.0,1.0,1.0,5.0,115.0,3.7321188537862815,111.75276591511306,145.0,160.0,145.49251874191836,157.6592536795043,50.0,160.0,49.18365053468717,163.32253737131836
161,0.0,1.0,0.0,0.0,15.0,-1.853884309012562,11.918852818573237,45.0,60.0,45.40681119267667,60.73678503151841,45.0,155.0,44.167622278502066,152.502611537049
116,0.0,1.0,1.0,5.0,115.0,9.621643361345749,114.86436556101226,145.0,160.0,141.98789464670364,161.2795558961716,50.0,160.0,48.91086637683268,154.77371563016058
165,0.0,1.0,0.0,0.0,15.0,4.280196783230778,13.67314155561048,45.0,60.0,41.77745279177747,60.5161427381813,45.0,155.0,45.42119364296926,149.5887171342618
479,1.0,1.0,0.0,15.0,0.0,13.889698945322476,-1.2571610704490936,60.0,45.0,58.6436147834517,53.14242477750179,155.0,45.0,155.766241764825,43.07769616679484
150,0.0,1.0,1.0,5.0,115.0,7.307192679120967,118.39988106013357,145.0,160.0,139.24256976387034,163.33725983071224,50.0,160.0,51.92366386234543,163.29505005828506
417,1.0,1.0,0.0,15.0,0.0,16.97441474248502,0.8256970445896337,60.0,45.0,59.47252261929081,47.88016877485083,155.0,45.0,159.21654997458973,47.74278523767452
51,0.0,1.0,0.0,0.0,15.0,-1.240218610072673,14.5977880128899,45.0,60.0,42.4157228667182,59.49263852126715,45.0,155.0,45.42091817486055,153.30193765819743
367,0.0,1.0,0.0,0.0,15.0,-1.8243429048457513,13.228341659587594,45.0,60.0,47.64010094691886,61.887235470201645,45.0,155.0,46.66083875597199,158.00994802347282
490,1.0,1.0,1.0,115.0,5.0,110.95598157733423,5.805614293873117,160.0,145.0,155.39106742704203,149.56766075650768,160.0,50.0,161.35634739547402,48.71197257234589
160,0.0,1.0,1.0,5.0,115.0,5.0867269269167315,120.03228496542862,145.0,160.0,145.93894622493877,159.41267500614026,50.0,160.0,45.12417950854402,159.06258505812968
122,0.0,1.0,1.0,5.0,115.0,8.554007742314935,114.98548111176247,145.0,160.0,141.1799746935652,159.13807323150945,50.0,160.0,50.918695769537756,156.1339248456839
22,0.0,1.0,1.0,5.0,115.0,1.9454719452070846,120.66873898519417,145.0,160.0,140.33286559544408,162.60028638050628,50.0,160.0,51.40694335902695,158.4229983728711
403,1.0,1.0,0.0,15.0,0.0,13.078931101098348,3.3343157301917996,60.0,45.0,63.808425397805465,44.42825172338243,155.0,45.0,153.92584294043388,42.07794885988606
223,0.0,1.0,0.0,0.0,15.0,3.539331859876951,14.336993435447376,45.0,60.0,42.03376490509627,50.869946495681674,45.0,155.0,44.87669815351721,153.976925345521
267,0.0,1.0,0.0,0.0,15.0,-3.593953688991074,14.178508480018536,45.0,60.0,43.29833636418459,64.23236452122212,45.0,155.0,55.217570302804084,151.91838775241888
284,0.0,1.0,1.0,5.0,115.0,3.783891646508537,116.50131215415725,145.0,160.0,142.5667683911546,157.2016078270558,50.0,160.0,49.76181265076902,161.2036073291995
350,0.0,1.0,1.0,5.0,115.0,4.612925381512824,119.76523083278437,145.0,160.0,145.72873127627105,155.82549754565525,50.0,160.0,46.97868890259484,161.37514483482474
192,0.0,1.0,1.0,5.0,115.0,2.9512585907085533,118.55407731701287,145.0,160.0,153.53984378203438,162.6542533250224,50.0,160.0,52.49153039964384,161.32605265870123
391,0.0,1.0,0.0,0.0,15.0,-3.6447603698910958,14.975351233397992,45.0,60.0,40.86199935771908,57.86840594702475,45.0,155.0,48.345680754090985,149.37321234784417
102,0.0,1.0,1.0,5.0,115.0,3.336796858525169,118.07562395042521,145.0,160.0,143.48053848059098,160.45598291792675,50.0,160.0,49.038180334128796,161.4261428641122
221,0.0,1.0,0.0,0.0,15.0,1.5644157584764455,13.916670710254959,45.0,60.0,45.46464414542789,61.46043208735897,45.0,155.0,40.24317916754649,151.34782829266734
46,0.0,1.0,1.0,5.0,115.0,7.204600564735181,114.56717814840736,145.0,160.0,144.34580825306446,159.4698998941066,50.0,160.0,46.24259646552044,163.12803609444916
266,0.0,1.0,1.0,5.0,115.0,9.734712458187223,109.44379101073412,145.0,160.0,146.892104631882,163.66029591348627,50.0,160.0,48.162674544646045,157.16374162081968
471,1.0,1.0,0.0,15.0,0.0,19.78512493206777,-0.9155713431922241,60.0,45.0,60.643239306871074,47.36547760989369,155.0,45.0,157.93539892878294,40.67550467350197
108,0.0,1.0,1.0,5.0,115.0,5.394842485190351,115.84247298371825,145.0,160.0,146.04511329581865,153.80302415757654,50.0,160.0,51.183989767051884,163.80672147507897
170,0.0,1.0,1.0,5.0,115.0,4.482357827195386,119.28824738817383,145.0,160.0,145.80792825882327,164.92183856969513,50.0,160.0,54.16246670598943,158.5294998972342
249,0.0,1.0,0.0,0.0,15.0,-5.2004640290098765,12.95525244358765,45.0,60.0,49.76100983125387,60.10330909267591,45.0,155.0,45.422519473364694,155.2860580400509
29,0.0,1.0,0.0,0.0,15.0,8.444152698566757,11.4730117792385,45.0,60.0,42.07649438719396,65.6982794960537,45.0,155.0,42.298995770051164,155.32818093300943
56,0.0,1.0,1.0,5.0,115.0,-2.153132426682089,116.47191195451249,145.0,160.0,145.23177203380223,155.257480305308,50.0,160.0,53.90677925336904,163.32322054480912
252,0.0,1.0,1.0,5.0,115.0,7.521168458430162,114.94067684349868,145.0,160.0,143.6681798421973,157.61358341896965,50.0,160.0,48.83122708270753,165.23471404686828
173,0.0,1.0,0.0,0.0,15.0,5.1413724335987645,13.909951102604694,45.0,60.0,44.98682441521229,57.552389428001895,45.0,155.0,46.13057111254675,155.73400094161224
321,0.0,1.0,0.0,0.0,15.0,1.4601103011968737,15.676302178506187,45.0,60.0,38.13388242383702,61.07125090893428,45.0,155.0,45.899680894418616,151.4339488525104
103,0.0,1.0,0.0,0.0,15.0,-4.034324782591589,15.39559148702365,45.0,60.0,43.949385287126574,57.684395501256425,45.0,155.0,47.61790870930001,150.76974152073632
443,1.0,1.0,0.0,15.0,0.0,17.11193122074176,3.7099712785673367,60.0,45.0,60.906565589655,46.534575460404156,155.0,45.0,153.5570747999276,44.11314403828804
302,0.0,1.0,1.0,5.0,115.0,8.321237764941909,116.3731110470393,145.0,160.0,147.61464459028733,157.7578867206628,50.0,160.0,55.56790333502438,164.74504345341091
187,0.0,1.0,0.0,0.0,15.0,2.31419776822026,9.47586763132174,45.0,60.0,48.931727046614796,59.97937085794967,45.0,155.0,48.036569634435395,151.3488176144761
121,0.0,1.0,0.0,0.0,15.0,-2.3800183808017428,13.074749985053934,45.0,60.0,51.40835380843187,57.275403853874714,45.0,155.0,42.11941426671809,156.42664766907887
499,1.0,1.0,0.0,15.0,0.0,9.558062041244204,1.754121733410774,60.0,45.0,57.97256961257987,40.037897098681185,155.0,45.0,147.01246635031794,47.19283580750976
234,0.0,1.0,1.0,5.0,115.0,3.5196559055411933,118.29009637144742,145.0,160.0,146.08970062418996,159.79215120943164,50.0,160.0,44.04094713811166,160.33533252547684
12,0.0,1.0,1.0,5.0,115.0,8.828315943948649,115.36874215765968,145.0,160.0,144.03054163335491,158.28771079435396,50.0,160.0,52.857416039945335,150.232553937148
26,0.0,1.0,1.0,5.0,115.0,1.5785724516475588,113.95101838106802,145.0,160.0,144.3904121226456,155.68491621375446,50.0,160.0,48.82326119576057,163.82387389066676
317,0.0,1.0,0.0,0.0,15.0,0.21883309251983735,17.909285701293012,45.0,60.0,47.91765822379467,58.71615075970008,45.0,155.0,43.481113979216566,160.0369891233401
389,0.0,1.0,0.0,0.0,15.0,-0.893363443844932,16.070441437963915,45.0,60.0,48.592811677801286,58.96153739322472,45.0,155.0,47.56416448668749,150.67746087962976
305,0.0,1.0,0.0,0.0,15.0,-0.2973171792794258,12.869416926856857,45.0,60.0,39.914327824645866,60.52754569211492,45.0,155.0,44.30136045096753,159.73912617518044
451,1.0,1.0,0.0,15.0,0.0,12.691664448016398,3.892518089393455,60.0,45.0,59.51317499288181,47.82015449190346,155.0,45.0,151.82878896929864,47.85581665352315
370,0.0,1.0,1.0,5.0,115.0,1.5066576312071662,110.86183096764846,145.0,160.0,142.34670402277706,161.246014656309,50.0,160.0,49.34145205333533,160.8979331170262
177,0.0,1.0,0.0,0.0,15.0,2.7842617666865612,14.48429319545775,45.0,60.0,42.054360355045745,59.98090000407008,45.0,155.0,39.57713458217078,156.51996537696786
404,1.0,1.0,1.0,115.0,5.0,113.00498878737712,2.5290148507109436,160.0,145.0,159.67469539187118,149.32060908983107,160.0,50.0,160.116053511159,45.505128806034605
113,0.0,1.0,0.0,0.0,15.0,-2.664009704592726,11.594783496663522,45.0,60.0,45.891772635221336,54.499587027534325,45.0,155.0,40.83656218655231,156.25478337925293
256,0.0,1.0,1.0,5.0,115.0,7.494010118283377,115.88641075525928,145.0,160.0,145.0934024582776,158.88115499811994,50.0,160.0,52.246846880739014,158.7792914513272
344,0.0,1.0,1.0,5.0,115.0,5.168543875759004,109.0983030730368,145.0,160.0,141.93632402786116,159.12555639849083,50.0,160.0,49.13361274289415,160.49985830557446
363,0.0,1.0,0.0,0.0,15.0,-1.868402296449584,15.770505251791594,45.0,60.0,48.277549947785424,63.42426189778588,45.0,155.0,50.9218614211301,156.3833903625094
193,0.0,1.0,0.0,0.0,15.0,1.6173839721406558,17.429018240027137,45.0,60.0,49.40537006765494,57.52068262844802,45.0,155.0,48.76053926683825,154.88971995041973
393,0.0,1.0,0.0,0.0,15.0,0.8182168247568706,15.111868313999485,45.0,60.0,47.25498364678303,58.058392405326686,45.0,155.0,43.5661000508191,156.14611687112014
226,0.0,1.0,1.0,5.0,115.0,9.575330075513364,115.70344310377624,145.0,160.0,147.1029159761238,163.98011783495724,50.0,160.0,50.264869727251615,159.40879359797026
386,0.0,1.0,1.0,5.0,115.0,4.467048232744593,113.12743529304744,145.0,160.0,145.61758111858663,159.17702784988785,50.0,160.0,45.40596947745446,167.05624726284637
269,0.0,1.0,0.0,0.0,15.0,-5.200495645013046,15.955961666161533,45.0,60.0,51.27597134433283,57.65247626317352,45.0,155.0,44.86684423727325,156.39591068701665
24,0.0,1.0,1.0,5.0,115.0,1.0791535185061232,118.3981662097475,145.0,160.0,142.13590732898936,162.35564536444792,50.0,160.0,54.81979087567261,163.45810082256878
195,0.0,1.0,0.0,0.0,15.0,2.9942963429450002,14.113948159704004,45.0,60.0,45.08575349842925,62.747548234711616,45.0,155.0,46.91013188296988,151.44898264142233
7,0.0,1.0,0.0,0.0,15.0,4.105399008383858,17.626685496374478,45.0,60.0,41.83268820516372,65.05380570791483,45.0,155.0,44.89691840698205,155.67650729635474
273,0.0,1.0,0.0,0.0,15.0,2.486297573359153,11.533336635384112,45.0,60.0,48.29991812715464,59.520350628230574,45.0,155.0,43.69386782361804,156.50366829636837
301,0.0,1.0,0.0,0.0,15.0,1.4410427194891215,13.575812087620033,45.0,60.0,41.14230461311657,55.229333917617154,45.0,155.0,41.588656369859166,154.4145250146826
450,1.0,1.0,1.0,115.0,5.0,109.83457979244076,5.0362436594852635,160.0,145.0,164.80302852391657,146.15022317490732,160.0,50.0,163.22089297388106,49.48812221688293
287,0.0,1.0,0.0,0.0,15.0,0.8743635019535527,15.193787542528188,45.0,60.0,47.98177916035514,58.05032326937295,45.0,155.0,46.07238613004267,150.66261640874905
65,0.0,1.0,0.0,0.0,15.0,-3.7462602192461754,18.51305522918435,45.0,60.0,47.39956485161996,64.91856985189749,45.0,155.0,51.2389349683028,156.6843688689554
388,0.0,1.0,1.0,5.0,115.0,8.242797766065493,116.34055772857512,145.0,160.0,143.36735262301275,156.29918568953642,50.0,160.0,49.49479582769807,161.03843207969112
357,0.0,1.0,0.0,0.0,15.0,1.1131007086939153,14.836308026100303,45.0,60.0,40.18988943987456,59.15810991240645,45.0,155.0,42.10500035638877,155.40912451763703
76,0.0,1.0,1.0,5.0,115.0,4.393270239927623,112.60770353201457,145.0,160.0,144.92676856845898,162.17610779754233,50.0,160.0,52.52323992374497,161.06657299392754
379,0.0,1.0,0.0,0.0,15.0,-4.748634605122256,19.51736595322565,45.0,60.0,48.804622959990205,60.884122260700465,45.0,155.0,48.47301640914019,152.31095469943506
395,0.0,1.0,0.0,0.0,15.0,-2.4477948548824737,14.05475522905926,45.0,60.0,50.365405296380786,62.65733871417912,45.0,155.0,42.178112150813995,151.66990843233367
411,1.0,1.0,0.0,15.0,0.0,15.13684712605835,0.32730901682828173,60.0,45.0,63.205395579922104,42.779447667632745,155.0,45.0,152.8994816483045,45.231653173965086
424,1.0,1.0,1.0,115.0,5.0,114.11702900960222,8.483726490164305,160.0,145.0,164.86430018785563,143.0099518631751,160.0,50.0,163.10099070052192,51.093917132318275
262,0.0,1.0,1.0,5.0,115.0,3.2429836585467986,115.6601589627738,145.0,160.0,144.7453979638092,164.6992790526874,50.0,160.0,48.04994991474497,157.93076941193206
179,0.0,1.0,0.0,0.0,15.0,5.864338373449948,13.397388818306716,45.0,60.0,51.31383254155417,60.69994676591869,45.0,155.0,44.258440504023866,155.6175596975416
390,0.0,1.0,1.0,5.0,115.0,5.722926897726404,121.3423529828939,145.0,160.0,145.46886008455917,162.2705982378774,50.0,160.0,49.119699026533326,162.176778091515
89,0.0,1.0,0.0,0.0,15.0,-1.267906566563293,14.971430144080903,45.0,60.0,46.95211651369664,61.57108484434656,45.0,155.0,44.37214266121152,157.50188535041073
342,0.0,1.0,1.0,5.0,115.0,5.8336116951291075,119.70041321537725,145.0,160.0,146.762946607184,160.7198465937893,50.0,160.0,48.999113929147235,157.84441558275878
189,0.0,1.0,0.0,0.0,15.0,-1.750630277469408,17.733930885028112,45.0,60.0,41.29074394990124,60.23007052711029,45.0,155.0,44.40846386459466,160.45891695674365
446,1.0,1.0,1.0,115.0,5.0,117.08060948554824,5.503480641813457,160.0,145.0,158.4991488909278,147.70883024872657,160.0,50.0,167.68535020080245,47.85843073717354
240,0.0,1.0,1.0,5.0,115.0,5.039147214783649,116.70383981633996,145.0,160.0,149.88761267081554,158.00566088293775,50.0,160.0,49.09052158251133,158.5800346236642
18,0.0,1.0,1.0,5.0,115.0,7.899046701377244,111.18440915753015,145.0,160.0,144.043402773035,162.59392968895165,50.0,160.0,54.83208730644726,157.21443122387947
198,0.0,1.0,1.0,5.0,115.0,6.218581627631324,114.63982183192782,145.0,160.0,149.63759782199324,163.1878916088616,50.0,160.0,45.562534122699354,158.9709762701164
139,0.0,1.0,0.0,0.0,15.0,6.604087329218968,16.229266329914296,45.0,60.0,41.83595587102628,59.642719197741265,45.0,155.0,41.60904967278806,159.0094015392538
401,1.0,1.0,0.0,15.0,0.0,17.538328843280034,2.948988004417062,60.0,45.0,57.30588488700165,42.710020360737296,155.0,45.0,157.63103738191643,48.70395925074989
142,0.0,1.0,1.0,5.0,115.0,3.8734817997013264,113.42698549892856,145.0,160.0,142.31768375870132,161.67321677655153,50.0,160.0,55.40853037502559,158.11194398586827
288,0.0,1.0,1.0,5.0,115.0,3.3126485943020585,116.72740794684792,145.0,160.0,141.31330137848704,165.76210746518476,50.0,160.0,47.5981366037525,163.89515866317143
182,0.0,1.0,1.0,5.0,115.0,2.9417863274193934,116.8024741982379,145.0,160.0,149.50860177478958,157.5470754470399,50.0,160.0,50.48281725846338,156.7311570489098
258,0.0,1.0,1.0,5.0,115.0,7.257993900309411,113.84948914406381,145.0,160.0,143.15256399766105,158.09947449856335,50.0,160.0,53.21003011426828,161.84697803769723
129,0.0,1.0,0.0,0.0,15.0,4.820741747904328,15.02746917841542,45.0,60.0,38.38976208411821,61.16793185841045,45.0,155.0,41.902245711379976,153.79324182028003
100,0.0,1.0,1.0,5.0,115.0,6.099303221550835,113.79492097022914,145.0,160.0,150.23991285720504,157.51753350493223,50.0,160.0,50.98957462111461,159.24789088578837
349,0.0,1.0,0.0,0.0,15.0,-4.4958912977036585,12.247170834674602,45.0,60.0,43.951168297561914,60.026671525186785,45.0,155.0,46.42492034788578,163.34624765504068
190,0.0,1.0,1.0,5.0,115.0,9.554811481682316,109.56901702777724,145.0,160.0,144.9397854654027,157.28956794150108,50.0,160.0,49.210673184305264,160.82169389528175
365,0.0,1.0,0.0,0.0,15.0,1.28985777597891,18.098300970503423,45.0,60.0,40.332497042108066,61.35592452464195,45.0,155.0,47.16249501817585,157.96360144839653
398,0.0,1.0,1.0,5.0,115.0,1.8573847579543354,111.23950344668012,145.0,160.0,148.3197741959092,156.02834798545638,50.0,160.0,48.42962337725437,165.29029855030635
45,0.0,1.0,0.0,0.0,15.0,-0.53709571739608,15.575101426010422,45.0,60.0,44.49286210674319,61.753316739884774,45.0,155.0,45.19965131719711,153.47396290928543
440,1.0,1.0,1.0,115.0,5.0,115.33567570252968,2.9016296733649654,160.0,145.0,161.74468772260286,149.40553310181093,160.0,50.0,157.98235413591232,50.6706294575419
485,1.0,1.0,0.0,15.0,0.0,12.315697940358977,0.14337785350833482,60.0,45.0,56.62132720707805,47.07494620715718,155.0,45.0,155.12417680113012,44.06374657174359
156,0.0,1.0,1.0,5.0,115.0,0.8123453306443738,116.60471207533618,145.0,160.0,142.6740037909229,156.8826797749766,50.0,160.0,51.26645438299377,161.38736894662674
311,0.0,1.0,0.0,0.0,15.0,-1.5899617271122,13.853785994619322,45.0,60.0,46.20891926572881,58.9431379352433,45.0,155.0,39.557161701552644,151.01859765687686
247,0.0,1.0,0.0,0.0,15.0,3.276106537867574,14.611693994779554,45.0,60.0,43.175523222441726,60.37991249348132,45.0,155.0,43.9601819184538,151.49220549652577
253,0.0,1.0,0.0,0.0,15.0,-2.3717397344230133,16.507181281593745,45.0,60.0,43.8391218472785,55.41598999974682,45.0,155.0,47.94201360004186,161.05655743427997
487,1.0,1.0,0.0,15.0,0.0,20.68104689109043,-1.6529491685120932,60.0,45.0,63.541603973970716,45.431471762281426,155.0,45.0,154.33759506909183,45.32688402239548
39,0.0,1.0,0.0,0.0,15.0,-1.1612407110304144,14.356088199663777,45.0,60.0,44.00670589615608,62.37053421864258,45.0,155.0,38.338062782456475,150.76260093754428
98,0.0,1.0,1.0,5.0,115.0,0.48015058811669675,121.95026604887721,145.0,160.0,146.76997203720217,168.41790596729336,50.0,160.0,52.270761998300046,162.84155476406576
415,1.0,1.0,0.0,15.0,0.0,21.203387359743104,5.085955667914915,60.0,45.0,61.620923488740615,45.63224714602627,155.0,45.0,148.80573570220525,47.85293055278758
85,0.0,1.0,0.0,0.0,15.0,-6.259891731845039,17.64400014497467,45.0,60.0,42.08369202118536,65.11484602646406,45.0,155.0,43.54069029636053,155.75237581712057
397,0.0,1.0,0.0,0.0,15.0,-0.30553433480687753,13.706739706241404,45.0,60.0,45.33995303170744,61.71342704884253,45.0,155.0,45.83175275864142,156.49468547161823
495,1.0,1.0,0.0,15.0,0.0,14.221901095165416,0.8550791849911143,60.0,45.0,62.61273865761572,45.47431289861836,155.0,45.0,150.21728551966788,45.08695614934261
328,0.0,1.0,1.0,5.0,115.0,2.230888641478045,113.35107626003993,145.0,160.0,143.95142745983543,161.768693408899,50.0,160.0,49.479234427299915,158.78929505515478
199,0.0,1.0,0.0,0.0,15.0,3.068475145707256,19.69096898249979,45.0,60.0,43.46085187121622,61.57728034259247,45.0,155.0,38.10281688771904,156.5213598385824
324,0.0,1.0,1.0,5.0,115.0,2.9913632044337453,111.84793683084006,145.0,160.0,141.95948530965057,165.35905887885195,50.0,160.0,54.625710295844286,162.74043457794355
74,0.0,1.0,1.0,5.0,115.0,5.302307047329706,118.25247649743567,145.0,160.0,147.34418903280184,158.9915823475601,50.0,160.0,48.00875508193104,159.06471803195984
464,1.0,1.0,1.0,115.0,5.0,116.7593757684755,-1.0957027467095877,160.0,145.0,159.17059835775564,142.37615245634504,160.0,50.0,166.3199464529835,50.224804937917035
408,1.0,1.0,1.0,115.0,5.0,112.79250412476227,6.7779155824750585,160.0,145.0,159.12021625502862,142.11176860270666,160.0,50.0,159.36111093865114,53.19410890449776
481,1.0,1.0,0.0,15.0,0.0,18.080549797258282,2.408635923218513,60.0,45.0,56.85595286730315,44.745044815518234,155.0,45.0,154.2183348612602,49.24810645483962
75,0.0,1.0,0.0,0.0,15.0,1.4032689330773802,13.073148482824713,45.0,60.0,46.38937710117608,60.68516707783101,45.0,155.0,48.615217819562645,149.63105323878958
61,0.0,1.0,0.0,0.0,15.0,6.847514317996633,14.251363354825195,45.0,60.0,44.46725661673455,60.78031794644974,45.0,155.0,48.485951345872095,153.63947046537876
196,0.0,1.0,1.0,5.0,115.0,4.908260580361421,119.31917213253136,145.0,160.0,144.02352684899415,163.62187365366154,50.0,160.0,55.13970964360472,158.70347779836854
466,1.0,1.0,1.0,115.0,5.0,114.3933972338638,8.36356836999397,160.0,145.0,159.59352475122816,136.78349392442206,160.0,50.0,164.14283132108886,49.43144702582617
164,0.0,1.0,1.0,5.0,115.0,3.4932875998326693,110.11208890751278,145.0,160.0,146.65585273020028,155.88755281465583,50.0,160.0,45.47374477074868,159.83236561083513
11,0.0,1.0,0.0,0.0,15.0,-1.3713637677016401,11.579128880733004,45.0,60.0,39.464430856740066,59.1958262628846,45.0,155.0,44.04871680308163,159.81488700149396
354,0.0,1.0,1.0,5.0,115.0,-1.6089792160260936,112.90532021070479,145.0,160.0,141.29109037546786,154.3719935477108,50.0,160.0,50.635121006745464,166.28138418994067
347,0.0,1.0,0.0,0.0,15.0,-5.07619549790744,14.962982829565247,45.0,60.0,45.77884125670871,61.64673313897728,45.0,155.0,45.37345896596483,154.678583476246
263,0.0,1.0,0.0,0.0,15.0,-7.08054388002919,17.019629509824938,45.0,60.0,44.63363941026321,62.18369760116236,45.0,155.0,41.20897918750724,151.92967111170495
84,0.0,1.0,1.0,5.0,115.0,4.5394204463051695,113.7283134533076,145.0,160.0,145.0897626336394,161.3916668083494,50.0,160.0,59.35509230678539,162.91303220189465
420,1.0,1.0,1.0,115.0,5.0,114.29224237581516,1.830259882750978,160.0,145.0,160.27107135958886,141.1581727435005,160.0,50.0,160.5333526264959,49.378434367884516
44,0.0,1.0,1.0,5.0,115.0,6.4745320690640185,114.02880603340377,145.0,160.0,141.00335577529273,161.6303694847341,50.0,160.0,51.04975011835332,153.87539604554607
212,0.0,1.0,1.0,5.0,115.0,8.429153265635005,112.31486029521886,145.0,160.0,149.70955048929525,156.6511875809374,50.0,160.0,47.53711853323869,157.12264117048707
94,0.0,1.0,1.0,5.0,115.0,9.210122658723122,111.37522366625382,145.0,160.0,142.29896923932603,155.6874583620342,50.0,160.0,48.7201863805011,165.27492537726172
326,0.0,1.0,1.0,5.0,115.0,8.54740909117098,113.57244369546875,145.0,160.0,144.43028625086973,160.2831476881113,50.0,160.0,46.03910102162897,159.36774782721815
498,1.0,1.0,1.0,115.0,5.0,115.47630612098939,0.7759215930602723,160.0,145.0,160.36391053001574,144.4997246664204,160.0,50.0,156.69737684280113,50.746224162845856
465,1.0,1.0,0.0,15.0,0.0,15.32418281621392,1.2313356359095784,60.0,45.0,62.3060434542761,46.05829757110047,155.0,45.0,154.04352127840573,43.73872482942236
135,0.0,1.0,0.0,0.0,15.0,0.2752094510602423,15.57034877125013,45.0,60.0,49.27732506184465,61.56129813759966,45.0,155.0,44.994408787599035,156.5590154638741
231,0.0,1.0,0.0,0.0,15.0,6.510330464167097,12.688294840735491,45.0,60.0,44.451370263421325,57.766905246557414,45.0,155.0,41.513210612450386,159.74314334859818
339,0.0,1.0,0.0,0.0,15.0,-3.2136664224875227,20.99824577460332,45.0,60.0,43.33027110755977,62.47656778527684,45.0,155.0,46.72643809995563,159.880781687677
36,0.0,1.0,1.0,5.0,115.0,5.211406859735362,115.97524204559593,145.0,160.0,142.5170420810589,158.52277215855167,50.0,160.0,53.961400345178454,161.97954196806302
469,1.0,1.0,0.0,15.0,0.0,19.247310092941344,1.6743896220782917,60.0,45.0,57.87587726783329,44.64787476963275,155.0,45.0,157.81929069838495,44.86887554489979
480,1.0,1.0,1.0,115.0,5.0,116.97603131962236,0.7839693364836577,160.0,145.0,157.78506561273747,144.65553002073645,160.0,50.0,165.15900241139533,49.90595340469854
439,1.0,1.0,0.0,15.0,0.0,14.928229038684503,0.7292625783210581,60.0,45.0,64.36363917417003,40.03493245228188,155.0,45.0,154.30570924746607,39.68378334906496
10,0.0,1.0,1.0,5.0,115.0,6.340045217050587,114.10219517914481,145.0,160.0,145.29207442818876,160.6205816539831,50.0,160.0,50.29561316514204,159.44994536960516
275,0.0,1.0,0.0,0.0,15.0,1.492209508742084,17.649309735056907,45.0,60.0,43.67777662682573,63.55146927614653,45.0,155.0,49.18092949585733,152.7188881850165
238,0.0,1.0,1.0,5.0,115.0,6.697873203545506,118.61951512160128,145.0,160.0,140.41005133216765,163.40162140093855,50.0,160.0,58.8470334611424,158.91852383019562
123,0.0,1.0,0.0,0.0,15.0,-0.7833283660190355,13.683540022447536,45.0,60.0,44.47628412754569,59.86869507621512,45.0,155.0,42.79713610647063,160.98622737368885
372,0.0,1.0,1.0,5.0,115.0,4.445825335027933,110.00468815352916,145.0,160.0,147.82688155274312,160.2031831592825,50.0,160.0,56.001230689482924,156.52143952713286
250,0.0,1.0,1.0,5.0,115.0,4.467320460371582,119.56365125401521,145.0,160.0,142.32607282406875,158.92511910562305,50.0,160.0,52.316175494073484,158.02483502891195
237,0.0,1.0,0.0,0.0,15.0,-5.510345608363886,12.055489669354372,45.0,60.0,46.41095360770078,57.14855114118871,45.0,155.0,44.57653221347535,154.02807262995825
294,0.0,1.0,1.0,5.0,115.0,5.751473527246884,120.31264589140396,145.0,160.0,135.05930024800122,153.55147957854544,50.0,160.0,51.25477022205394,161.22406550340622
70,0.0,1.0,1.0,5.0,115.0,0.3087692110238782,116.46369401737029,145.0,160.0,141.45698930322598,164.79901762652008,50.0,160.0,54.2684153951516,160.97431835115222
127,0.0,1.0,0.0,0.0,15.0,0.3196302947910415,16.25381607114623,45.0,60.0,40.803035560982366,58.33888789651143,45.0,155.0,40.51254566430981,156.32894036697664
41,0.0,1.0,0.0,0.0,15.0,1.7033113228438868,13.124540717722638,45.0,60.0,42.73838253601995,58.65368899629624,45.0,155.0,43.366352331951184,150.38694992943036
211,0.0,1.0,0.0,0.0,15.0,-0.8360366486133036,16.59276324053264,45.0,60.0,47.88330631793619,63.04334605390822,45.0,155.0,51.34770177531338,156.83602277728187
42,0.0,1.0,1.0,5.0,115.0,-0.5919613528146339,113.11065205362593,145.0,160.0,145.55658790141655,151.65749726991947,50.0,160.0,49.58366033821772,155.0482014184639
228,0.0,1.0,1.0,5.0,115.0,1.0929514166475558,119.04502888299257,145.0,160.0,144.19168205644482,162.79527157126643,50.0,160.0,49.17097765094395,159.6508472189432
52,0.0,1.0,1.0,5.0,115.0,6.394957968426603,113.67174792104046,145.0,160.0,149.20123439987552,157.35521642884606,50.0,160.0,59.24272038982051,156.3861104136874
291,0.0,1.0,0.0,0.0,15.0,-2.5266901795458594,18.079213254409176,45.0,60.0,48.6714875584175,59.67072245773706,45.0,155.0,46.321476482377,152.38190371827906
373,0.0,1.0,0.0,0.0,15.0,-0.9976195601325835,15.533984197516926,45.0,60.0,47.33841384433685,63.809689483374115,45.0,155.0,42.005255006467536,157.10539363197023
428,1.0,1.0,1.0,115.0,5.0,113.2298607408644,6.636832078592555,160.0,145.0,161.85288254057642,148.02516250449642,160.0,50.0,166.06665809290917,50.09223607936456
285,0.0,1.0,0.0,0.0,15.0,3.7917731518794886,18.608945878616215,45.0,60.0,41.19616160077557,60.47474024964909,45.0,155.0,47.424357362040475,156.10936603005064
236,0.0,1.0,1.0,5.0,115.0,4.23103630236349,113.20802397138534,145.0,160.0,145.9938200726316,156.71196609957678,50.0,160.0,50.258266678831454,162.57054547804222
63,0.0,1.0,0.0,0.0,15.0,-1.2550469427293995,17.493447763069707,45.0,60.0,44.11957981711655,63.654112442312055,45.0,155.0,43.981639698432055,155.94505122505947
