,T,Age,Sex,yo1,y1,yo1CF,y1CF,yo2,y2,yo2CF,y2CF,yo3,y3,yo3CF,y3CF
154,1.0,0.0,1.0,115.0,113.76584454107795,5.0,3.6026416982917775,20.0,20.95470918982335,5.0,1.6729732562107142,20.0,16.61721301934363,5.0,8.036300924263596
216,1.0,0.0,1.0,115.0,115.68176552777012,5.0,6.210354979028394,20.0,18.27362278479775,5.0,2.1654406059698212,20.0,21.03736829464972,5.0,8.030331692190174
412,1.0,0.0,1.0,115.0,117.4507618467856,5.0,6.482218184523722,20.0,20.141791510378418,5.0,4.860489869816533,20.0,18.62842958651698,5.0,6.848974856718694
369,1.0,0.0,0.0,15.0,14.920355781254951,0.0,4.411727462213797,15.0,18.44284215015577,0.0,0.3376812349738939,15.0,14.503323934176498,0.0,0.42574304405425767
112,1.0,0.0,1.0,115.0,118.3204670040181,5.0,1.4258128413721334,20.0,25.499343573965547,5.0,3.6789190555779676,20.0,19.47937642320525,5.0,4.055255250609782
437,1.0,0.0,0.0,15.0,16.64700779951211,0.0,0.7241516509341468,15.0,14.200687218308909,0.0,5.333718983117217,15.0,11.060213338390827,0.0,2.3978152215483837
333,1.0,0.0,0.0,15.0,18.918689422473896,0.0,-0.23695597910358007,15.0,13.835761842237536,0.0,-4.297083830725022,15.0,14.052103886463883,0.0,0.5505502534447536
145,1.0,0.0,0.0,15.0,14.059967626187294,0.0,2.3293643121222667,15.0,15.299200103166072,0.0,-2.724495321054114,15.0,12.030985819888244,0.0,4.8599307882225435
322,1.0,0.0,1.0,115.0,110.4255046004474,5.0,1.7643685353569563,20.0,19.923377475825745,5.0,2.959115561618055,20.0,18.67515454285352,5.0,3.408525153870814
76,0.0,0.0,1.0,5.0,8.804459102931016,115.0,108.87217196228141,5.0,3.068529557483317,20.0,21.141856646339704,5.0,-0.8211149566686622,20.0,23.4587803872251
493,1.0,0.0,0.0,15.0,17.2633751435595,0.0,-1.6918110969212963,15.0,13.740942134752267,0.0,-3.0973317271439127,15.0,12.946924303294107,0.0,-0.007837475655492133
204,1.0,0.0,1.0,115.0,115.98910682773538,5.0,9.938640642351972,20.0,23.89000275614702,5.0,5.898037465083643,20.0,15.010833733881705,5.0,6.981539762658194
391,1.0,0.0,0.0,15.0,11.2215706389161,0.0,-3.835547722472053,15.0,12.465180222312188,0.0,1.0326101943184403,15.0,18.292347350805926,0.0,-5.214919171079498
239,1.0,0.0,0.0,15.0,15.51968148629417,0.0,-1.692737250376636,15.0,12.128569688194139,0.0,3.1615738482626425,15.0,12.01688111668845,0.0,1.2204881127398794
352,1.0,0.0,1.0,115.0,113.895190845839,5.0,2.06737726671998,20.0,20.41228279858712,5.0,6.054824720003463,20.0,21.223918584704492,5.0,4.366217853253163
319,1.0,0.0,0.0,15.0,10.41814110135253,0.0,3.907270619481227,15.0,15.442527095022273,0.0,-1.409455465920758,15.0,9.996348267463219,0.0,1.916525177171378
481,1.0,0.0,0.0,15.0,16.419034328932028,0.0,0.13142175086118604,15.0,12.069731730698713,0.0,-5.340922687944439,15.0,17.822688880747485,0.0,1.8260214458330593
286,1.0,0.0,1.0,115.0,118.950169548071,5.0,0.7019179113994483,20.0,22.037822358918568,5.0,8.098716799731326,20.0,20.725190378148767,5.0,4.582889449437789
404,1.0,0.0,1.0,115.0,116.15951381558462,5.0,4.961181883649951,20.0,20.218052305229776,5.0,3.2183635957071655,20.0,20.97076465428263,5.0,5.395764179966565
183,1.0,0.0,0.0,15.0,12.444954251107976,0.0,0.008407672194473028,15.0,16.671597861492955,0.0,-0.10830214144894204,15.0,17.169524881551794,0.0,-1.7169869553958637
316,1.0,0.0,1.0,115.0,112.14440797351754,5.0,6.079998998669594,20.0,19.384186723509785,5.0,6.935703405643374,20.0,23.215499542878522,5.0,1.077815521555583
115,1.0,0.0,0.0,15.0,15.182921724366139,0.0,0.24376034459312912,15.0,15.016312173892683,0.0,0.798113346709506,15.0,22.327932117876145,0.0,2.6273526015461903
210,1.0,0.0,1.0,115.0,114.64290732725527,5.0,8.547987320566664,20.0,17.289981867260778,5.0,4.758292154897865,20.0,16.135061475657597,5.0,10.133311987440242
355,1.0,0.0,0.0,15.0,15.699470870740411,0.0,3.2726571538140448,15.0,16.82937108133332,0.0,-2.8388230979640334,15.0,14.205132574890769,0.0,-3.434488844344675
395,1.0,0.0,0.0,15.0,15.554997716157676,0.0,-2.5259288308726857,15.0,20.20638084671414,0.0,2.968395845033544,15.0,12.492681575735807,0.0,2.9834221675314527
403,1.0,0.0,0.0,15.0,15.966583135746975,0.0,1.1121121875047573,15.0,20.37880955457612,0.0,5.143231625583892,15.0,12.232283753237366,0.0,2.3288771610640255
158,1.0,0.0,1.0,115.0,117.27303002656721,5.0,2.665855242357841,20.0,16.0935423332852,5.0,10.57714408482531,20.0,21.02560311711802,5.0,10.1384119886343
287,1.0,0.0,0.0,15.0,19.325066458351166,0.0,-2.8255937130082476,15.0,15.844251702842703,0.0,-1.8297936743475867,15.0,17.705117287374115,0.0,0.19325021183369653
27,0.0,0.0,0.0,0.0,0.15221773254420795,15.0,18.153224735072726,0.0,-2.8442593246296335,15.0,12.962270454719434,0.0,0.7842725900055637,15.0,10.193866659466876
96,0.0,0.0,1.0,5.0,0.36363622872011714,115.0,117.0500013553519,5.0,4.159666578274749,20.0,17.707857228501403,5.0,1.6283945306389498,20.0,21.571054701347247
59,0.0,0.0,0.0,0.0,-1.5812499901709025,15.0,16.73260899372271,0.0,1.443414063004848,15.0,15.37168332746698,0.0,0.604688856621902,15.0,17.557147196590975
240,1.0,0.0,1.0,115.0,112.2345467110616,5.0,3.6226627502355244,20.0,19.989033148717606,5.0,1.9563620037946379,20.0,17.827126959779804,5.0,4.526415641427397
307,1.0,0.0,0.0,15.0,18.09719448423018,0.0,-3.889528540487463,15.0,19.674639059935952,0.0,0.9792777009500433,15.0,17.26846486161094,0.0,1.0399269120816788
351,1.0,0.0,0.0,15.0,11.810815391270925,0.0,-5.898746592519369,15.0,20.032799724411138,0.0,3.5104100784469123,15.0,15.189919053697908,0.0,2.3174876693188367
294,1.0,0.0,1.0,115.0,110.9269294522419,5.0,7.164427041323597,20.0,17.58375966112403,5.0,0.4937459403253399,20.0,16.96177362516158,5.0,2.4175809897620915
405,1.0,0.0,0.0,15.0,12.35316735644589,0.0,1.2449892291675604,15.0,14.955265315954241,0.0,-6.566517038431321,15.0,17.185512914088932,0.0,-3.959229951963154
469,1.0,0.0,0.0,15.0,11.109256226740232,0.0,-0.28137052145714264,15.0,15.927614693434077,0.0,-5.231599700701744,15.0,20.77079815420687,0.0,-2.064106703049581
212,1.0,0.0,1.0,115.0,111.46194997269691,5.0,4.80563780416706,20.0,23.528563052627366,5.0,5.988185851969069,20.0,22.224752726679647,5.0,9.40874867234353
380,1.0,0.0,1.0,115.0,116.95163214446293,5.0,1.586641599161236,20.0,21.34574007905342,5.0,8.701228134343717,20.0,21.501433740710024,5.0,2.2905239551668837
138,1.0,0.0,1.0,115.0,115.90604438190009,5.0,1.9164558040457362,20.0,19.21720162412043,5.0,8.117071295388817,20.0,22.86154637452126,5.0,3.1080473739788546
231,1.0,0.0,0.0,15.0,21.039689204381723,0.0,-2.9570460942848213,15.0,12.425926862272794,0.0,-1.508232317263519,15.0,16.23679087278734,0.0,4.570802232287462
356,1.0,0.0,1.0,115.0,112.43004318930517,5.0,2.4588439237087236,20.0,26.63595146626907,5.0,7.044717443377075,20.0,20.515645164127804,5.0,2.72476110211341
43,0.0,0.0,0.0,0.0,-0.6568624902546024,15.0,17.41743798993996,0.0,-1.9644954316729897,15.0,14.525051706084698,0.0,-2.0148774765553097,15.0,23.09468183871917
498,1.0,0.0,1.0,115.0,115.73640998655772,5.0,-3.2449626743997904,20.0,22.67530351423582,5.0,7.307416624878796,20.0,20.527875215968656,5.0,4.938504236419676
151,1.0,0.0,0.0,15.0,15.31943078529524,0.0,-1.1062319516735857,15.0,17.972816520290724,0.0,-3.148567342127385,15.0,18.7529216121652,0.0,2.678110093924802
52,0.0,0.0,1.0,5.0,3.311084737584897,115.0,118.53308644340589,5.0,5.955762856043671,20.0,21.962213583263903,5.0,2.021005608947524,20.0,16.07245282283469
108,1.0,0.0,1.0,115.0,113.20568291024259,5.0,12.3731375470546,20.0,18.578789591384172,5.0,5.531091211210384,20.0,21.878005975653757,5.0,1.756901259210693
497,1.0,0.0,0.0,15.0,10.643743816136743,0.0,-3.981177522337587,15.0,16.82219331814336,0.0,-0.6237477094017367,15.0,16.71157433891291,0.0,-0.11486910011895815
425,1.0,0.0,0.0,15.0,15.956969950399989,0.0,3.2253392662379903,15.0,9.19835238773442,0.0,5.381308024465994,15.0,18.481855223817476,0.0,-2.133390414460523
190,1.0,0.0,1.0,115.0,117.35926910345484,5.0,5.961489764105417,20.0,19.835294116184645,5.0,1.685163353667611,20.0,21.385066596163078,5.0,8.30214517569539
299,1.0,0.0,0.0,15.0,9.268573963628823,0.0,3.163643491046879,15.0,11.673187450270564,0.0,-5.266373402765183,15.0,13.936082857986529,0.0,-2.5390924580691503
276,1.0,0.0,1.0,115.0,115.55423641742061,5.0,4.837129261423743,20.0,18.212555041108256,5.0,4.19283906466411,20.0,22.20146656504423,5.0,8.147317049240353
56,0.0,0.0,1.0,5.0,4.267826893846362,115.0,115.57940895699466,5.0,6.690809848689808,20.0,15.163766671072189,5.0,7.918748018284687,20.0,21.69010442387235
303,1.0,0.0,0.0,15.0,14.170053726839281,0.0,2.639645197025611,15.0,16.77564652691679,0.0,0.12626279905415502,15.0,16.94517892871437,0.0,4.945495753237177
254,1.0,0.0,1.0,115.0,118.310852021514,5.0,5.871950660922959,20.0,19.909462877114432,5.0,4.291256564288771,20.0,19.897582485488943,5.0,4.048629122284174
448,1.0,0.0,1.0,115.0,118.86521779933678,5.0,4.044650540881738,20.0,19.315830496726438,5.0,7.002786514805649,20.0,21.659194031037728,5.0,3.3737898414000935
430,1.0,0.0,1.0,115.0,117.6314241584504,5.0,8.289875184400376,20.0,23.22985557914896,5.0,2.601118741310966,20.0,18.629757835451073,5.0,8.85826716143805
51,0.0,0.0,0.0,0.0,1.069438703999003,15.0,12.911542247906729,0.0,-0.044363941964371253,15.0,16.361318162128722,0.0,0.42443706667485603,15.0,11.61654686924332
377,1.0,0.0,0.0,15.0,9.867024623335583,0.0,-0.042421390908667575,15.0,18.13376684190667,0.0,-2.989835513244859,15.0,18.388211992286355,0.0,3.603338434244264
420,1.0,0.0,1.0,115.0,111.55058361380783,5.0,3.727075543280113,20.0,19.097981882175286,5.0,7.984110724267071,20.0,23.62106811574128,5.0,5.260063666860157
334,1.0,0.0,1.0,115.0,114.98142792297578,5.0,4.126366622464403,20.0,17.858291506881894,5.0,2.3424003350678495,20.0,19.97091771108373,5.0,2.9585980469097883
67,0.0,0.0,0.0,0.0,5.8228604182265356,15.0,12.137214447236406,0.0,-4.2737567583432385,15.0,15.29496703646518,0.0,5.491452321922583,15.0,14.280903506459008
263,1.0,0.0,0.0,15.0,15.639335165412353,0.0,3.6212853383686694,15.0,17.14240519766355,0.0,-1.6081261137158593,15.0,16.376150064065087,0.0,-0.3714531012984332
6,0.0,0.0,1.0,5.0,2.3009376914136923,115.0,115.83875763594025,5.0,9.300594079928608,20.0,21.147365914176426,5.0,11.854357246200863,20.0,20.946151220161653
407,1.0,0.0,0.0,15.0,15.275544339948718,0.0,-5.5862382811435785,15.0,16.39451024574572,0.0,0.049517621712937845,15.0,15.437980867472142,0.0,2.7523931696180375
88,0.0,0.0,1.0,5.0,1.1169949701082196,115.0,113.2322373938306,5.0,3.2151671981246857,20.0,15.98270578428154,5.0,3.6404419947716375,20.0,21.87754489576276
485,1.0,0.0,0.0,15.0,6.784619866580371,0.0,3.3958037498196383,15.0,13.105693182821769,0.0,-4.52591493899457,15.0,10.348995713111695,0.0,0.6960086484345396
275,1.0,0.0,0.0,15.0,15.739817780191187,0.0,1.5615471186529073,15.0,15.934599059125397,0.0,-8.890424382112254,15.0,13.720584411095482,0.0,2.5634571372572164
256,1.0,0.0,1.0,115.0,118.32375881501063,5.0,4.732342164415389,20.0,22.18513408604347,5.0,-1.9068105180403014,20.0,26.861681957677035,5.0,4.378226584945408
329,1.0,0.0,0.0,15.0,17.738868795072477,0.0,1.0473012558670813,15.0,13.969010579288414,0.0,-3.082243803520141,15.0,8.748484276201307,0.0,-3.9387493891057144
255,1.0,0.0,0.0,15.0,11.459343044811169,0.0,2.5007011457986965,15.0,15.014508072420004,0.0,-6.332138663848426,15.0,11.2384107841368,0.0,1.9600474147860114
81,0.0,0.0,0.0,0.0,2.2797369413314788,15.0,14.885175581398514,0.0,-3.8283476781734147,15.0,11.82412457485638,0.0,-7.620150821262952,15.0,16.215746420319533
114,1.0,0.0,1.0,115.0,115.09943456911412,5.0,-0.3982919457200431,20.0,18.35529647574895,5.0,4.820525683911781,20.0,18.298783732645745,5.0,9.177374142284851
195,1.0,0.0,0.0,15.0,14.564184048972404,0.0,2.4231111788753634,15.0,12.682230799400301,0.0,-2.356077385565655,15.0,17.443090723498827,0.0,0.2668119558948752
97,0.0,0.0,0.0,0.0,-2.381657463739853,15.0,15.174609830056836,0.0,-3.3289980239883326,15.0,16.941266678894518,0.0,-0.22394804414168493,15.0,18.636543003496072
125,1.0,0.0,0.0,15.0,9.236938478235388,0.0,-1.9147839641115412,15.0,17.305729429229892,0.0,-0.8712771005688966,15.0,11.56614851922397,0.0,-3.4285901042103757
324,1.0,0.0,1.0,115.0,117.5420800281936,5.0,10.940020531892003,20.0,26.931818949933024,5.0,1.4381732228025599,20.0,24.778370686496874,5.0,2.99640050247032
221,1.0,0.0,0.0,15.0,14.484022146620225,0.0,-1.4950355657089205,15.0,9.254548244350225,0.0,1.922805370729837,15.0,12.401446427983364,0.0,0.9191720939275729
75,0.0,0.0,0.0,0.0,-0.059955129525821056,15.0,18.634207082773663,0.0,2.235253358707368,15.0,17.33797738744237,0.0,1.18142309320574,15.0,16.776904060106812
130,1.0,0.0,1.0,115.0,121.9284485629921,5.0,4.7186265544890755,20.0,16.826484358492372,5.0,7.950234449377181,20.0,26.21942647880733,5.0,7.211743664652115
186,1.0,0.0,1.0,115.0,113.87843352796763,5.0,2.357337665888144,20.0,23.126295250301034,5.0,4.492526483305587,20.0,19.494490197836402,5.0,5.175843346242846
70,0.0,0.0,1.0,5.0,6.448839710097641,115.0,116.3151874951856,5.0,4.359288620291658,20.0,21.75957746831137,5.0,7.420931010616183,20.0,20.907389312030404
475,1.0,0.0,0.0,15.0,17.530041054389685,0.0,-3.920585533400123,15.0,14.383561919319414,0.0,1.5768166746724255,15.0,20.18046952031468,0.0,-3.190793073400032
226,1.0,0.0,1.0,115.0,113.00388026918263,5.0,7.293439373252594,20.0,18.88408756509715,5.0,3.3333154657039663,20.0,18.002657736195808,5.0,4.861910018311784
182,1.0,0.0,1.0,115.0,117.09843780337084,5.0,8.967185081199425,20.0,14.487700464711992,5.0,8.320217756011438,20.0,22.988740506261117,5.0,1.934055675618641
41,0.0,0.0,0.0,0.0,2.3747276812543996,15.0,11.922749555096749,0.0,-1.884816499981116,15.0,20.083111425476663,0.0,-5.862701079866378,15.0,20.47936064572201
305,1.0,0.0,0.0,15.0,15.407532685660113,0.0,0.1026053402945312,15.0,15.503723164576769,0.0,7.015656494836993,15.0,14.259688792592968,0.0,3.3156928980444
262,1.0,0.0,1.0,115.0,114.41567193918448,5.0,7.522739987809323,20.0,21.391112826054062,5.0,1.3804183044438094,20.0,24.089605763103446,5.0,2.0183304507558564
7,0.0,0.0,0.0,0.0,0.7379132193840834,15.0,16.42181445271608,0.0,-4.4394359459285475,15.0,10.537092709356745,0.0,0.5584605325773473,15.0,18.005067660243103
18,0.0,0.0,1.0,5.0,6.504557152099491,115.0,112.27066395498056,5.0,8.448717060639598,20.0,20.674142072848618,5.0,2.2952961256551143,20.0,22.498310116790105
171,1.0,0.0,0.0,15.0,12.210110037514808,0.0,1.524057782380562,15.0,18.767739876553428,0.0,-2.9398456948474596,15.0,17.197849441622257,0.0,1.642521321003535
381,1.0,0.0,0.0,15.0,15.992581315566026,0.0,-0.5335965555814657,15.0,12.03319289533932,0.0,-0.6170690097095222,15.0,12.133323444295032,0.0,-2.7965714135058444
45,0.0,0.0,0.0,0.0,-7.017794413439644,15.0,13.571264231736972,0.0,0.07298084129849694,15.0,10.331718616690258,0.0,-0.8396495670688087,15.0,14.171159727209522
445,1.0,0.0,0.0,15.0,10.99545737216425,0.0,2.6744298785590725,15.0,16.361851451957822,0.0,2.102749294346547,15.0,11.711214925315552,0.0,-0.2150876545058847
8,0.0,0.0,1.0,5.0,8.176867447958278,115.0,112.5442891384621,5.0,7.103685588588223,20.0,18.902710309293184,5.0,4.171299102754366,20.0,17.72411872470179
150,1.0,0.0,1.0,115.0,115.51225971076872,5.0,3.011900338809909,20.0,20.363932529821735,5.0,2.7185682298245633,20.0,16.657010853039143,5.0,7.152046581768655
465,1.0,0.0,0.0,15.0,12.269855484047621,0.0,0.9901879040901118,15.0,20.926205624387183,0.0,-1.0022858566153467,15.0,12.557593369128963,0.0,0.266194042233382
335,1.0,0.0,0.0,15.0,18.362730599936516,0.0,4.331467182759884,15.0,13.363065568665135,0.0,-1.2182498436873745,15.0,15.1190909259159,0.0,3.958885332411837
208,1.0,0.0,1.0,115.0,117.39521883598846,5.0,2.169158937139422,20.0,21.37112366491619,5.0,9.547013205760276,20.0,17.365907969566976,5.0,2.6750538803559167
180,1.0,0.0,1.0,115.0,116.07565920628558,5.0,7.631349449184193,20.0,22.850971030626432,5.0,7.992325371198778,20.0,15.731440012989822,5.0,2.1216138172561543
426,1.0,0.0,1.0,115.0,115.96203147958919,5.0,7.163176826766097,20.0,22.70838171602516,5.0,5.006802250762573,20.0,15.626639509775568,5.0,1.8613982060681016
94,0.0,0.0,1.0,5.0,3.0159150990006607,115.0,112.92093728210908,5.0,5.321980516451202,20.0,20.201741407548095,5.0,1.6717534058425674,20.0,22.490306661181897
325,1.0,0.0,0.0,15.0,13.983630558422009,0.0,1.8583842934339891,15.0,14.763900319225158,0.0,-0.7875743942926949,15.0,15.232051216106383,0.0,-2.168971066523314
337,1.0,0.0,0.0,15.0,13.259336894374039,0.0,-2.418381667383014,15.0,14.033028786885552,0.0,2.2675882171863684,15.0,6.756180797425026,0.0,0.549336780468691
110,1.0,0.0,1.0,115.0,118.19970036275294,5.0,3.6994728636400827,20.0,21.120712186394492,5.0,7.185836507984504,20.0,18.211940240188067,5.0,9.089597418458832
400,1.0,0.0,1.0,115.0,119.36300042270747,5.0,8.70345895246262,20.0,22.80985967702282,5.0,7.289856370451247,20.0,21.495184095707966,5.0,1.917191377566703
435,1.0,0.0,0.0,15.0,16.241266457064107,0.0,-0.554710985344194,15.0,15.82658393708257,0.0,-2.0563013630968627,15.0,8.873923643379912,0.0,0.29377570389174285
220,1.0,0.0,1.0,115.0,111.26618444006769,5.0,3.7813804190818514,20.0,20.774652978643037,5.0,8.580744147608094,20.0,21.39107403771786,5.0,4.3491604291590376
23,0.0,0.0,0.0,0.0,-2.56866154896351,15.0,13.419270977793312,0.0,0.4433113033682161,15.0,9.489565195403872,0.0,-4.185278588266473,15.0,18.73371609104172
456,1.0,0.0,1.0,115.0,111.11865754732922,5.0,2.073067611519202,20.0,20.67050390761723,5.0,10.564455939583286,20.0,24.8597625624435,5.0,4.88947015294782
370,1.0,0.0,1.0,115.0,115.06171214311465,5.0,6.101689754498663,20.0,18.453916839979946,5.0,0.02238333734688691,20.0,20.244893726015086,5.0,7.772097803799095
376,1.0,0.0,1.0,115.0,113.09360590333189,5.0,4.582837761399961,20.0,19.640848268935837,5.0,3.0846335198076877,20.0,18.39795677243506,5.0,7.524178979200771
10,0.0,0.0,1.0,5.0,4.644681056253882,115.0,113.57364745743894,5.0,5.470430204307658,20.0,20.807089447776853,5.0,3.7979052570121583,20.0,16.880898186475058
64,0.0,0.0,1.0,5.0,4.4506951899247955,115.0,117.48997001298734,5.0,4.207917869552936,20.0,21.20521235917687,5.0,0.7108889628808779,20.0,22.167196794802695
487,1.0,0.0,0.0,15.0,15.736985713643195,0.0,1.7479692467496917,15.0,10.00299095117074,0.0,2.717250600217805,15.0,9.226019909984274,0.0,0.1648746978492253
162,1.0,0.0,1.0,115.0,115.09353562505531,5.0,5.5131161062258025,20.0,18.70812904452997,5.0,5.147099580433151,20.0,18.53684424291186,5.0,6.180947576378216
302,1.0,0.0,1.0,115.0,114.65428750282805,5.0,3.812202455826682,20.0,19.91413879374661,5.0,4.883402928405668,20.0,20.446465038563858,5.0,5.184808742673255
234,1.0,0.0,1.0,115.0,115.89255756110558,5.0,5.523046636806584,20.0,20.11918294932906,5.0,1.7654145348214785,20.0,13.177909170436145,5.0,6.5378232239025795
453,1.0,0.0,0.0,15.0,12.577520210162996,0.0,3.3417726915455805,15.0,19.629585980988754,0.0,1.6711337845117686,15.0,17.545866132871357,0.0,1.6732673327765732
20,0.0,0.0,1.0,5.0,6.66487639332192,115.0,117.94369435676842,5.0,1.8114164482779973,20.0,14.959555453345917,5.0,2.664350662029924,20.0,23.517745770717855
353,1.0,0.0,0.0,15.0,14.924518528428345,0.0,-3.2793858018403474,15.0,13.494991404809829,0.0,4.165697129013037,15.0,13.93815439384255,0.0,-1.1416864251555223
336,1.0,0.0,1.0,115.0,115.6631499483651,5.0,5.477716112939889,20.0,18.43999877824367,5.0,7.212138147603021,20.0,19.243311411588216,5.0,3.18520886413484
93,0.0,0.0,0.0,0.0,1.7600515614201857,15.0,18.633492723364512,0.0,-0.2832469913586758,15.0,12.779850270560997,0.0,-0.42274438449849416,15.0,9.56166613524196
206,1.0,0.0,1.0,115.0,117.90589058704337,5.0,4.997512725433064,20.0,23.846604122219922,5.0,3.293242077142907,20.0,18.8777081067976,5.0,-0.04610904873436539
217,1.0,0.0,0.0,15.0,10.147316422205822,0.0,1.8031399960158403,15.0,15.855427041215808,0.0,-0.13367855787378874,15.0,16.91935653498928,0.0,1.373695844061156
449,1.0,0.0,0.0,15.0,13.235648947186771,0.0,-0.10354536674485466,15.0,14.624707469361322,0.0,4.130380515866847,15.0,6.354983089320065,0.0,0.6008836765853425
375,1.0,0.0,0.0,15.0,16.23788571616701,0.0,-1.1260673803306165,15.0,12.040546031314713,0.0,2.472372652399136,15.0,20.292948024731526,0.0,0.9094675301063182
343,1.0,0.0,0.0,15.0,12.41944974354695,0.0,-0.024537114026337625,15.0,16.487172545588656,0.0,-2.5164321879757034,15.0,21.20047977083404,0.0,7.554359095467591
357,1.0,0.0,0.0,15.0,19.287697556133544,0.0,4.5351796565582125,15.0,12.510982138264145,0.0,-3.7993054065888643,15.0,18.30343897351306,0.0,-0.5819024271054578
26,0.0,0.0,1.0,5.0,8.751894786352722,115.0,112.77487881310905,5.0,2.9425623707660775,20.0,17.05923260252644,5.0,7.413788313831214,20.0,16.945691199388037
166,1.0,0.0,1.0,115.0,115.7251534050025,5.0,3.667142081894859,20.0,17.596154058945373,5.0,3.0732631348684154,20.0,19.12554149856295,5.0,5.493277289750359
313,1.0,0.0,0.0,15.0,17.129549652020415,0.0,2.0804269581474606,15.0,17.576495115949243,0.0,-2.943771145178528,15.0,15.271056374885735,0.0,1.2847023545362122
16,0.0,0.0,1.0,5.0,3.433189763843399,115.0,116.31676694437988,5.0,7.742353781520258,20.0,18.413495845074497,5.0,4.236952007341179,20.0,19.84552136788682
167,1.0,0.0,0.0,15.0,15.163077486323388,0.0,0.46212067567417536,15.0,13.001582983003223,0.0,6.057721425990712,15.0,19.551737276051746,0.0,-2.6259055196739234
71,0.0,0.0,0.0,0.0,-1.1344436275882008,15.0,15.979859368074004,0.0,1.884692435671583,15.0,14.22378450336563,0.0,2.7706290573728865,15.0,12.226077300867265
270,1.0,0.0,1.0,115.0,116.32098271670667,5.0,7.108675538219011,20.0,22.180336317402794,5.0,5.6884681497466305,20.0,19.399940009746906,5.0,11.642383340209465
238,1.0,0.0,1.0,115.0,119.02608818325612,5.0,6.625931467311737,20.0,21.146221620395767,5.0,6.201878570891198,20.0,24.127915973384177,5.0,4.793583595860855
433,1.0,0.0,0.0,15.0,13.941769808565091,0.0,-1.1299927232391493,15.0,15.360342630589342,0.0,2.607500822361442,15.0,15.084711684772449,0.0,-5.524408874454314
484,1.0,0.0,1.0,115.0,116.58099242434548,5.0,4.286898841916136,20.0,19.146508332038906,5.0,-1.882387222167658,20.0,16.092375293416534,5.0,8.630789080060726
342,1.0,0.0,1.0,115.0,109.38294203467902,5.0,0.9954150726684938,20.0,23.05131690098167,5.0,8.067198643960149,20.0,15.160649698607624,5.0,8.92036580011358
80,0.0,0.0,1.0,5.0,8.38166759240265,115.0,115.5141938200807,5.0,0.7221056476463072,20.0,15.796006044128028,5.0,6.635628514770867,20.0,19.58943396723687
224,1.0,0.0,1.0,115.0,117.17557483113724,5.0,3.657776420615404,20.0,19.899859261318298,5.0,5.590036017470795,20.0,16.267026384061253,5.0,9.460925404709414
492,1.0,0.0,1.0,115.0,114.73978317565364,5.0,6.62731447689804,20.0,22.1342523585875,5.0,3.6976904149716283,20.0,19.296947965231258,5.0,4.9068217096839355
473,1.0,0.0,0.0,15.0,19.34463881807853,0.0,-0.06604513814693384,15.0,19.091059847915748,0.0,0.3307298234994183,15.0,14.925221957465387,0.0,1.9635042617612157
349,1.0,0.0,0.0,15.0,19.136265773645505,0.0,-1.1416019961623944,15.0,12.660476483756963,0.0,-1.9549272573775336,15.0,17.770261361321506,0.0,-3.3962473902842105
146,1.0,0.0,1.0,115.0,110.22472363242665,5.0,5.5192763621799905,20.0,22.73104009902945,5.0,7.43065862916974,20.0,18.986178088883157,5.0,2.2115751283331195
326,1.0,0.0,1.0,115.0,120.96703504903414,5.0,8.191838663698377,20.0,17.089513420714717,5.0,6.933103166003125,20.0,16.421445934728148,5.0,1.9028733752576326
285,1.0,0.0,0.0,15.0,15.131599451959142,0.0,1.2043995412288468,15.0,18.09393708427572,0.0,1.5090127057171794,15.0,14.018901282021028,0.0,0.21790979841092806
466,1.0,0.0,1.0,115.0,116.79234159082097,5.0,4.170743167706259,20.0,20.082112830662147,5.0,5.319972267709733,20.0,21.055437357597157,5.0,-0.07301395659567689
39,0.0,0.0,0.0,0.0,-1.1110601869983956,15.0,11.2920899679647,0.0,8.588146582162363,15.0,16.43521027202667,0.0,1.7440314839146236,15.0,20.77444174467221
385,1.0,0.0,0.0,15.0,13.388576410634782,0.0,-0.5740629841930787,15.0,14.55101754585267,0.0,2.4139050652972944,15.0,13.905899529737251,0.0,4.481801962244383
296,1.0,0.0,1.0,115.0,120.69911435341268,5.0,3.454678245541799,20.0,19.551096755610228,5.0,2.9910054542619644,20.0,22.420704396078495,5.0,5.030514526347323
148,1.0,0.0,1.0,115.0,112.52509576654569,5.0,3.7774818874215828,20.0,19.16716815143056,5.0,1.753303291649369,20.0,21.32525888303947,5.0,2.9020817556498146
118,1.0,0.0,1.0,115.0,113.18295773626193,5.0,2.0664554332907805,20.0,24.722897088090395,5.0,8.482259118169898,20.0,18.544601751467706,5.0,2.1507590007167856
4,0.0,0.0,1.0,5.0,3.9060465950326884,115.0,115.35688310847459,5.0,2.41401213363122,20.0,20.89341124584279,5.0,6.195980826762847,20.0,19.150737740272664
98,0.0,0.0,1.0,5.0,1.7484143304292163,115.0,111.29525889925225,5.0,6.632886523055052,20.0,22.3085801181037,5.0,8.573806058290817,20.0,18.180378802695827
408,1.0,0.0,1.0,115.0,115.2111565223844,5.0,4.306091290080117,20.0,22.24203557549998,5.0,2.8381823239106914,20.0,20.141395846673188,5.0,5.553244761028048
439,1.0,0.0,0.0,15.0,10.727011740463773,0.0,4.932483894710102,15.0,17.034954292319387,0.0,0.6332967236890982,15.0,20.386249985632528,0.0,1.5644822009279966
63,0.0,0.0,0.0,0.0,1.8984376625783672,15.0,13.105268086666229,0.0,5.0106737358903715,15.0,14.243622242379178,0.0,-5.613274371188773,15.0,17.905027601409564
153,1.0,0.0,0.0,15.0,8.967758433501805,0.0,-2.4284404903370165,15.0,19.197814736643053,0.0,0.7219422479810242,15.0,12.790330982287088,0.0,1.383645675755487
401,1.0,0.0,0.0,15.0,11.953141288177154,0.0,2.3710395972613165,15.0,11.016439061699344,0.0,-3.7637405928610104,15.0,15.47956625800714,0.0,4.389939672647177
368,1.0,0.0,1.0,115.0,111.38639835066422,5.0,11.292351696085671,20.0,20.47354194674554,5.0,1.2326754759247707,20.0,19.84483001567416,5.0,4.812378153447571
479,1.0,0.0,0.0,15.0,14.002892936206555,0.0,3.123450742114466,15.0,10.33810565702981,0.0,2.8060370930575878,15.0,18.042987610237574,0.0,2.2654399708489517
387,1.0,0.0,0.0,15.0,18.40410090173259,0.0,4.195406671559019,15.0,18.10776482608242,0.0,-4.696597466679755,15.0,11.493835483148668,0.0,-0.04503087653744345
102,1.0,0.0,1.0,115.0,116.42352041315915,5.0,6.427088194450128,20.0,20.56934455797956,5.0,4.662424145768584,20.0,21.15101198446814,5.0,2.751075006921295
57,0.0,0.0,0.0,0.0,0.3848825616714666,15.0,13.382673895980687,0.0,-1.6197805316127227,15.0,10.470928678100588,0.0,2.4879067194477726,15.0,13.374961817650094
339,1.0,0.0,0.0,15.0,15.849951420415646,0.0,1.2788253578431072,15.0,16.115403257556235,0.0,-3.237950228900769,15.0,16.478164741217313,0.0,2.376250097758416
277,1.0,0.0,0.0,15.0,9.104834124868612,0.0,1.015973159314611,15.0,12.57829146869356,0.0,-0.4186918204311524,15.0,17.876327195626224,0.0,1.224859768879761
86,0.0,0.0,1.0,5.0,14.837254291433716,115.0,116.28544532494958,5.0,1.6517971442189658,20.0,21.09010104899193,5.0,2.853910015625402,20.0,17.741648132963356
53,0.0,0.0,0.0,0.0,0.9292085192985808,15.0,16.192102700135234,0.0,-3.960787229011085,15.0,15.969361716889305,0.0,-1.925193970223068,15.0,12.015969188412727
398,1.0,0.0,1.0,115.0,113.7578729732654,5.0,2.994545980209705,20.0,23.78108039156244,5.0,6.053253320496932,20.0,16.817990556731942,5.0,4.697253149765322
120,1.0,0.0,1.0,115.0,113.90717037409078,5.0,1.9781369735529442,20.0,18.45080073778355,5.0,5.480471437885421,20.0,23.224144312306066,5.0,3.0700055879996873
486,1.0,0.0,1.0,115.0,115.06433593149337,5.0,0.2653696490849047,20.0,20.551253952942776,5.0,6.612385736003675,20.0,14.869065564121852,5.0,2.450507165233716
421,1.0,0.0,0.0,15.0,15.873704847836365,0.0,1.3762619025684697,15.0,11.002494185942911,0.0,-5.960016701921132,15.0,14.26632454571399,0.0,-4.781186457604264
278,1.0,0.0,1.0,115.0,110.80864200576674,5.0,2.988722226834665,20.0,23.367055025521587,5.0,7.276225022379186,20.0,17.89323627290471,5.0,7.234141794256909
152,1.0,0.0,1.0,115.0,117.50507704376145,5.0,6.380144668487609,20.0,17.42217082607476,5.0,3.706256217237526,20.0,16.311388311426363,5.0,3.7448584221123973
69,0.0,0.0,0.0,0.0,2.9555504013986043,15.0,17.67598341729598,0.0,-1.403247700153459,15.0,13.343945774544311,0.0,-2.0788092790378982,15.0,13.257097735784289
165,1.0,0.0,0.0,15.0,12.497816730940526,0.0,1.8850942788350984,15.0,9.76643169874627,0.0,-1.1066468838075485,15.0,15.746761675180457,0.0,1.4433664095447314
252,1.0,0.0,1.0,115.0,112.14927123724357,5.0,5.8682445174163265,20.0,17.537918722751463,5.0,3.1377212257609894,20.0,15.618395733662707,5.0,8.325035854774963
441,1.0,0.0,0.0,15.0,15.018693110570887,0.0,-0.32679644968254284,15.0,15.568678488611695,0.0,2.051169253598105,15.0,11.202801098613524,0.0,1.8618068309642348
413,1.0,0.0,0.0,15.0,11.861033568715444,0.0,1.901749963535479,15.0,14.604391139624667,0.0,3.7453919251718126,15.0,15.826672533427063,0.0,1.205421265771144
472,1.0,0.0,1.0,115.0,114.56161522936662,5.0,5.672269039697383,20.0,19.432414120177665,5.0,3.496712487017555,20.0,24.445318019006653,5.0,3.8231021258386315
9,0.0,0.0,0.0,0.0,-0.19965820594697284,15.0,15.330908208507513,0.0,1.7221814779761009,15.0,16.917424119781835,0.0,-1.5596358174410345,15.0,20.75444896296
62,0.0,0.0,1.0,5.0,6.7291479942282555,115.0,114.6448673870266,5.0,6.366325145430535,20.0,20.768023613358288,5.0,12.824867122265145,20.0,25.237193937468817
362,1.0,0.0,1.0,115.0,119.33548343380345,5.0,3.054956920953756,20.0,23.83572070255754,5.0,4.882731612831985,20.0,21.1732653841685,5.0,5.489683281096419
331,1.0,0.0,0.0,15.0,16.28011923270199,0.0,-4.120202227583417,15.0,13.338386735142699,0.0,0.1179920627566041,15.0,13.159344525379538,0.0,-1.978367869578595
144,1.0,0.0,1.0,115.0,114.00752238350321,5.0,6.9470171956822435,20.0,18.26691923400394,5.0,4.084478084465351,20.0,24.44995589321623,5.0,-3.565119962771959
119,1.0,0.0,0.0,15.0,14.404417978749125,0.0,-1.6535991815189135,15.0,17.27357790987477,0.0,0.26522173928469334,15.0,19.82084555498549,0.0,-0.613492762385777
2,0.0,0.0,1.0,5.0,5.229757495675644,115.0,112.99359986845943,5.0,1.9438592354017175,20.0,18.30454581510051,5.0,5.8386013052892505,20.0,19.56598170896259
232,1.0,0.0,1.0,115.0,114.91327978119432,5.0,6.917444851544293,20.0,18.851918921332274,5.0,4.757013493293017,20.0,14.680301427484025,5.0,10.10086830976279
225,1.0,0.0,0.0,15.0,11.358457640197276,0.0,2.0604615331321288,15.0,16.430051963326413,0.0,4.36009103868571,15.0,15.059002856605785,0.0,2.5611307066091022
46,0.0,0.0,1.0,5.0,5.927000328307784,115.0,112.86269106607404,5.0,0.8333932072112429,20.0,21.725394932422372,5.0,2.270230105689248,20.0,22.368544202692973
245,1.0,0.0,0.0,15.0,14.371755311390661,0.0,-3.229612676955088,15.0,9.421190608718648,0.0,-2.3641033218469376,15.0,16.809369038208324,0.0,3.4390081502439704
199,1.0,0.0,0.0,15.0,25.181140018166573,0.0,-0.5093331195312685,15.0,18.69342846524967,0.0,-0.8326577674699809,15.0,15.580175787221167,0.0,7.459024294275531
34,0.0,0.0,1.0,5.0,9.400311229625135,115.0,112.22116323154724,5.0,5.171716982489797,20.0,21.620794486991336,5.0,7.5014990337942,20.0,19.7841949340559
247,1.0,0.0,0.0,15.0,15.671883280428025,0.0,0.6764373721339771,15.0,16.154537144070165,0.0,3.698649770128312,15.0,15.487776935969517,0.0,4.588290522268632
273,1.0,0.0,0.0,15.0,18.168897337612357,0.0,5.3097664322050955,15.0,7.309412161284994,0.0,-0.5356546502496111,15.0,18.4581603734119,0.0,2.727440144969359
227,1.0,0.0,0.0,15.0,20.202425334894112,0.0,4.039530211232833,15.0,17.016695607796155,0.0,-0.09084355734770458,15.0,11.383084034957982,0.0,1.3237543884343275
416,1.0,0.0,1.0,115.0,116.23391870592359,5.0,4.888319179442682,20.0,19.024480051905137,5.0,4.880147853701246,20.0,21.56122228817026,5.0,0.399313609543694
32,0.0,0.0,1.0,5.0,6.400807486454058,115.0,107.6508495046683,5.0,-2.59224768324719,20.0,22.65142542134817,5.0,4.944852419375802,20.0,22.350754991547035
350,1.0,0.0,1.0,115.0,111.89466504346437,5.0,4.613319780383398,20.0,22.053269028169723,5.0,2.392279520021017,20.0,17.46066767854399,5.0,5.362069378692435
470,1.0,0.0,1.0,115.0,117.19039679953994,5.0,5.968154679665959,20.0,25.2415743926883,5.0,5.101487744975059,20.0,19.8329666077599,5.0,10.507944200365547
250,1.0,0.0,1.0,115.0,113.44151034987634,5.0,6.675442271570491,20.0,20.54851873139502,5.0,12.45290032644613,20.0,20.93461593084824,5.0,-1.8409183225817447
194,1.0,0.0,1.0,115.0,117.53817540439942,5.0,4.531318452563733,20.0,23.521962485095365,5.0,5.132354260998982,20.0,12.505503015843923,5.0,4.53718201883974
282,1.0,0.0,1.0,115.0,114.04206218487064,5.0,5.385627968815233,20.0,21.069931377631725,5.0,3.8881792799632815,20.0,21.273493382483778,5.0,5.8893506768760675
463,1.0,0.0,0.0,15.0,12.849779455829337,0.0,-1.761553264884356,15.0,11.587063919246699,0.0,3.350952810586512,15.0,12.5269160343951,0.0,3.222415402893199
309,1.0,0.0,0.0,15.0,13.228252785190287,0.0,11.664752766530896,15.0,11.576215761698464,0.0,1.201100527710639,15.0,14.633541796741353,0.0,1.8184088606089128
379,1.0,0.0,0.0,15.0,13.8910435962638,0.0,-4.327627127724991,15.0,15.737586622585667,0.0,0.22960159197973506,15.0,17.422729341918497,0.0,2.219020525466548
79,0.0,0.0,0.0,0.0,2.0189525193738036,15.0,18.886920229107183,0.0,5.454322059206597,15.0,22.742211494723172,0.0,4.7277588951176,15.0,12.559058763780047
198,1.0,0.0,1.0,115.0,113.16010037676041,5.0,6.36495633865991,20.0,17.175793886107126,5.0,7.74980409862406,20.0,21.18283495425596,5.0,-0.8477517029115278
179,1.0,0.0,0.0,15.0,12.966938127190437,0.0,3.3966635887746666,15.0,12.770055677739546,0.0,-3.828156707238593,15.0,12.004907812512915,0.0,2.5450894396902797
58,0.0,0.0,1.0,5.0,1.7993723629335125,115.0,114.25292300754826,5.0,5.241792924150507,20.0,18.157616415906464,5.0,5.840961491056453,20.0,21.534614045375704
218,1.0,0.0,1.0,115.0,114.09709252649367,5.0,4.727422144728234,20.0,18.74104364616572,5.0,3.5872127095276447,20.0,20.559680706053868,5.0,2.788643477065103
384,1.0,0.0,1.0,115.0,118.56458406931506,5.0,6.472887857391264,20.0,18.48613273514404,5.0,6.751716153433099,20.0,21.986317000847823,5.0,0.3960923982469611
177,1.0,0.0,0.0,15.0,14.783331951588968,0.0,-1.7959616627209367,15.0,13.421181444082688,0.0,1.748151563454277,15.0,12.271811431165501,0.0,-2.4759908131518604
105,1.0,0.0,0.0,15.0,12.870469474238254,0.0,-2.9089163624643852,15.0,16.272012570364108,0.0,-3.1724866569452317,15.0,18.388254469950287,0.0,3.0796465927531127
260,1.0,0.0,1.0,115.0,117.62997208680558,5.0,5.009781394593363,20.0,13.580599517078417,5.0,4.07270980309255,20.0,29.423270897395184,5.0,8.253495858792368
272,1.0,0.0,1.0,115.0,115.25199880851534,5.0,4.11931576098743,20.0,22.19580852748681,5.0,6.638575215949203,20.0,18.457363564467624,5.0,2.124050479782672
192,1.0,0.0,1.0,115.0,120.11638051873301,5.0,-1.0183566685122534,20.0,19.157636945091646,5.0,3.1638429364323906,20.0,22.851423654892105,5.0,4.5097950126069755
99,0.0,0.0,0.0,0.0,-3.888358665063467,15.0,14.258436058081669,0.0,2.9799186528058432,15.0,12.072196586591595,0.0,2.6379798046389604,15.0,16.68805065819228
314,1.0,0.0,1.0,115.0,110.17298158561229,5.0,5.284049448096706,20.0,13.465182692698399,5.0,5.369346980991442,20.0,20.68161051902463,5.0,5.240466594506366
261,1.0,0.0,0.0,15.0,15.155523394041415,0.0,-0.420875409734894,15.0,18.028894783975076,0.0,-0.49554529814922843,15.0,17.71296005239323,0.0,-0.10176896720104259
55,0.0,0.0,0.0,0.0,-2.9851265265318547,15.0,13.484519317720952,0.0,0.7058422330596315,15.0,20.891062100464914,0.0,1.60072565624553,15.0,13.28111658448606
116,1.0,0.0,1.0,115.0,112.68401883005733,5.0,9.40145024535056,20.0,20.481641508056136,5.0,7.929070329085588,20.0,21.456302973746315,5.0,3.6570367081835524
25,0.0,0.0,0.0,0.0,2.507102998377916,15.0,16.593731180235373,0.0,-0.6551639475159858,15.0,15.977748060009684,0.0,-4.034683822606849,15.0,17.120400609485756
367,1.0,0.0,0.0,15.0,15.815719082012384,0.0,5.318214552039388,15.0,15.767266448954764,0.0,-1.5211575145939937,15.0,15.864216690180726,0.0,1.895455953169845
28,0.0,0.0,1.0,5.0,2.1780521639754733,115.0,119.28148727889496,5.0,8.500300214898504,20.0,20.406421424910018,5.0,4.031520865718278,20.0,22.906963425965042
496,1.0,0.0,1.0,115.0,114.08728393250975,5.0,9.022767849181452,20.0,20.967778819151427,5.0,12.373077716322019,20.0,16.99137081332674,5.0,5.825845220856316
187,1.0,0.0,0.0,15.0,14.613757835688329,0.0,-3.3449313147921473,15.0,11.082433347940096,0.0,-3.9675457453126026,15.0,8.495681863965796,0.0,-3.0459798799582436
410,1.0,0.0,1.0,115.0,117.51334176658801,5.0,6.677462731083816,20.0,24.284076302908474,5.0,8.711778801325812,20.0,17.677971893157693,5.0,2.639368307730317
139,1.0,0.0,0.0,15.0,17.47480528894341,0.0,-0.22742048865089357,15.0,16.907530625310233,0.0,3.486071510909653,15.0,15.391386010040556,0.0,0.007916960063192416
31,0.0,0.0,0.0,0.0,4.006838085545229,15.0,12.68467612970792,0.0,0.10569307815874182,15.0,18.743369059619944,0.0,1.1472913127082407,15.0,13.305495431043944
491,1.0,0.0,0.0,15.0,11.720828891084594,0.0,4.41959607647547,15.0,15.965115193273082,0.0,-2.5387871808475504,15.0,11.941493019572064,0.0,-0.2974378016761257
215,1.0,0.0,0.0,15.0,19.311715074928856,0.0,3.5506173775919603,15.0,16.384695613181258,0.0,-1.582149346330594,15.0,19.944921645407113,0.0,-4.288482537728671
124,1.0,0.0,1.0,115.0,119.14198345621371,5.0,2.223514599687944,20.0,17.40792527133773,5.0,6.954329440874074,20.0,16.017810844338193,5.0,0.8136641252314938
291,1.0,0.0,0.0,15.0,17.37788527800253,0.0,-1.1538093665477036,15.0,18.284785252519583,0.0,1.0488235043003846,15.0,13.929119779846095,0.0,-1.1951056443110832
168,1.0,0.0,1.0,115.0,118.88657243214065,5.0,2.4946434020551678,20.0,24.115754835289103,5.0,3.601094959594179,20.0,20.562891436730716,5.0,1.2243382109273906
495,1.0,0.0,0.0,15.0,9.562570526408294,0.0,5.664692488345419,15.0,14.24579160758441,0.0,0.3552745538896902,15.0,15.555777016441882,0.0,-0.14246768318951958
451,1.0,0.0,0.0,15.0,15.800473774448204,0.0,-4.153689171303869,15.0,15.956740439182004,0.0,6.139967341276353,15.0,15.784314538984324,0.0,3.1872427784963686
111,1.0,0.0,0.0,15.0,14.168570627296104,0.0,1.8148552146740644,15.0,17.538616165057444,0.0,-3.9693563337042157,15.0,15.541975329836632,0.0,3.2932960399429207
295,1.0,0.0,0.0,15.0,10.978980257782204,0.0,-1.6450440312416987,15.0,18.555843951214914,0.0,3.197017275980531,15.0,13.844200359317568,0.0,-0.13670234741042026
304,1.0,0.0,1.0,115.0,118.32364179382051,5.0,8.19575493846856,20.0,21.012070444447563,5.0,1.7078995510089818,20.0,22.02997094181313,5.0,3.709984190350638
378,1.0,0.0,1.0,115.0,113.0298883654716,5.0,9.197221262580886,20.0,18.77256681716321,5.0,4.921354348146004,20.0,23.783802751042135,5.0,9.662404386492526
480,1.0,0.0,1.0,115.0,114.10680400749817,5.0,7.803516172815882,20.0,23.46658412221852,5.0,3.20189469030491,20.0,22.425648487620748,5.0,2.5110847676869392
5,0.0,0.0,0.0,0.0,1.0946422417455666,15.0,14.119427709223805,0.0,0.979783372218013,15.0,16.796043059253424,0.0,4.991284302503803,15.0,12.232883748258494
181,1.0,0.0,0.0,15.0,15.083799825712733,0.0,3.4686161548553276,15.0,16.318264077501258,0.0,-0.588804548000466,15.0,19.312672937763104,0.0,3.28198294393865
246,1.0,0.0,1.0,115.0,116.58404736456625,5.0,6.5126246727646375,20.0,15.35863745598594,5.0,4.834042769855748,20.0,17.505866440553618,5.0,0.04338754927312838
292,1.0,0.0,1.0,115.0,113.31498595118167,5.0,6.009570739504185,20.0,16.228494725324012,5.0,6.428782235334501,20.0,15.373992468379688,5.0,7.037562348094285
49,0.0,0.0,0.0,0.0,1.5689150983928286,15.0,10.708445361829273,0.0,-7.819061294847206,15.0,17.851541949734067,0.0,-1.281995630771051,15.0,19.6840562680914
257,1.0,0.0,0.0,15.0,15.35674041373535,0.0,3.892431293995166,15.0,10.39765722900705,0.0,0.2768344371041994,15.0,14.627492820520835,0.0,2.0697742354792887
494,1.0,0.0,1.0,115.0,113.04181734816211,5.0,2.809371751600487,20.0,16.487485110288354,5.0,-0.48483470579276045,20.0,27.77980874844703,5.0,11.54028868152314
11,0.0,0.0,0.0,0.0,1.2705884916478967,15.0,16.05667541912073,0.0,-4.6278446645593965,15.0,12.909459089156623,0.0,1.779941940549918,15.0,15.18944401489319
457,1.0,0.0,0.0,15.0,14.4783475173729,0.0,0.7128444667816505,15.0,14.852332347893705,0.0,-3.8710663456879066,15.0,9.958504286270198,0.0,2.3697591935371625
174,1.0,0.0,1.0,115.0,111.55414216389549,5.0,6.0246066170244195,20.0,26.677448416331544,5.0,10.972068497761343,20.0,18.392651803499334,5.0,13.250195122917965
340,1.0,0.0,1.0,115.0,118.39724211518374,5.0,2.6721343407621108,20.0,23.873479941957207,5.0,-0.8051626131578704,20.0,20.096073550927564,5.0,3.65389250497131
101,1.0,0.0,0.0,15.0,13.771201703133189,0.0,3.015020589645451,15.0,15.601903646661455,0.0,-3.362506442803991,15.0,17.53135246245364,0.0,-0.16507870250504492
173,1.0,0.0,0.0,15.0,16.951583117767484,0.0,-3.470490811154436,15.0,15.698272484370547,0.0,2.687847662674846,15.0,17.21708070294673,0.0,-3.3220977635739275
200,1.0,0.0,1.0,115.0,114.48296114207692,5.0,9.995814370855015,20.0,15.856315517626232,5.0,6.475951285584047,20.0,23.524488902629827,5.0,6.510057794790332
383,1.0,0.0,0.0,15.0,10.521351121997693,0.0,-0.7042231225810902,15.0,10.205567755716714,0.0,0.4001368796537916,15.0,19.25276501420403,0.0,-3.1920153215312426
37,0.0,0.0,0.0,0.0,0.712789283514734,15.0,15.914880714195949,0.0,5.028581159140522,15.0,11.718472356132947,0.0,1.727644474501881,15.0,13.241218568578567
54,0.0,0.0,1.0,5.0,10.412949899686662,115.0,111.62404003841893,5.0,7.274452328038706,20.0,25.129750144216334,5.0,7.156112766379878,20.0,21.974295747492455
1,0.0,0.0,0.0,0.0,3.940636405063841,15.0,14.211847614976582,0.0,-1.4073465473381215,15.0,15.121861666498834,0.0,-1.1670961513013707,15.0,14.645120171083489
264,1.0,0.0,1.0,115.0,117.2036876652949,5.0,4.246895688633884,20.0,19.435619022164666,5.0,3.0475564481985193,20.0,16.621969795118666,5.0,3.8801308047534957
347,1.0,0.0,0.0,15.0,10.776321172507835,0.0,1.4121778842631243,15.0,13.145937379443787,0.0,0.1603554559058099,15.0,12.767103509098078,0.0,1.3210191730723748
211,1.0,0.0,0.0,15.0,15.341007900493636,0.0,3.0078170142825567,15.0,15.784154055727672,0.0,-3.1981220718467864,15.0,18.185266882026806,0.0,-3.658603417932725
61,0.0,0.0,0.0,0.0,3.820213029196938,15.0,12.354644248789967,0.0,1.163662506071534,15.0,16.898940943970338,0.0,-3.0140766955383897,15.0,13.490061044605788
478,1.0,0.0,1.0,115.0,110.65902659013814,5.0,4.403752994378892,20.0,24.44092891865507,5.0,1.0878725200820534,20.0,21.751107416240483,5.0,2.396238625855045
107,1.0,0.0,0.0,15.0,13.98109003340891,0.0,8.599419369779252,15.0,18.28721445478116,0.0,4.827484601602248,15.0,13.52592171034464,0.0,-2.081446018473618
271,1.0,0.0,0.0,15.0,15.702259371218721,0.0,-0.057838061575756466,15.0,16.336145613472574,0.0,3.045643549997317,15.0,16.64020849802888,0.0,-2.2230011167518287
382,1.0,0.0,1.0,115.0,115.82772216926183,5.0,3.8913814254462906,20.0,23.515649573979484,5.0,5.847873768509137,20.0,21.101285703873838,5.0,3.175936526959227
87,0.0,0.0,0.0,0.0,0.7736596316633577,15.0,16.794903781649808,0.0,-1.3042878834855647,15.0,17.66110428935522,0.0,3.972785830234951,15.0,15.04674341268848
428,1.0,0.0,1.0,115.0,117.32227105295473,5.0,6.0220035840035315,20.0,14.88215327545397,5.0,13.314786435901036,20.0,21.01468281629698,5.0,5.294693009475859
77,0.0,0.0,0.0,0.0,-1.8471846629557835,15.0,12.627851306512781,0.0,-6.027947140286958,15.0,19.13769835430199,0.0,1.6262679890888632,15.0,14.966470392593447
388,1.0,0.0,1.0,115.0,121.2712838652487,5.0,6.643757085140925,20.0,25.70795670458767,5.0,5.800824147450806,20.0,14.200692465036918,5.0,5.159087589070839
409,1.0,0.0,0.0,15.0,17.33629699009431,0.0,-1.5054855675111414,15.0,14.959224217653793,0.0,-0.3684178732779118,15.0,20.049704095420363,0.0,-0.5513946600696334
444,1.0,0.0,1.0,115.0,112.72256315890311,5.0,7.627530838855136,20.0,17.348611701469924,5.0,7.609112805897036,20.0,20.020913675896548,5.0,5.743639478106797
21,0.0,0.0,0.0,0.0,0.8357089864655383,15.0,8.236115065511997,0.0,-0.21021848823333888,15.0,12.328776088837074,0.0,-0.15041331131314573,15.0,10.636876139942284
415,1.0,0.0,0.0,15.0,8.16959811566432,0.0,-0.6917819981963322,15.0,15.365706918910295,0.0,3.838898588367301,15.0,15.21717400929213,0.0,-2.693134386472139
127,1.0,0.0,0.0,15.0,12.513904897754125,0.0,0.7426246227602571,15.0,15.485502072402054,0.0,-1.0229730607817473,15.0,9.132404449240514,0.0,-3.289168681490816
321,1.0,0.0,0.0,15.0,18.248759153682013,0.0,-1.5217406504822701,15.0,12.171235535343506,0.0,-3.4274325001270283,15.0,14.602525823071339,0.0,5.096389909135979
156,1.0,0.0,1.0,115.0,114.5384405758468,5.0,2.954515778374599,20.0,19.43889115543456,5.0,9.253361949680786,20.0,20.634231225876594,5.0,11.090054187100034
455,1.0,0.0,0.0,15.0,17.686963419402307,0.0,0.9220104413479076,15.0,19.949154313502156,0.0,3.4030159378559777,15.0,14.638779276360314,0.0,-2.9627774848352915
95,0.0,0.0,0.0,0.0,0.015433776232782439,15.0,13.40889316912189,0.0,-1.99930733219185,15.0,12.745655729543307,0.0,-3.61334559356391,15.0,11.31098022301105
50,0.0,0.0,1.0,5.0,8.58489841617373,115.0,116.9185129684525,5.0,1.4667699032878043,20.0,26.43817404843515,5.0,7.347673099385732,20.0,15.958815883971734
219,1.0,0.0,0.0,15.0,19.6443350235071,0.0,0.9996572770047782,15.0,18.853481796260652,0.0,0.47388549220157633,15.0,16.55382727307567,0.0,-2.206432509879149
366,1.0,0.0,1.0,115.0,115.25344615946418,5.0,10.4608071456931,20.0,18.77242439061634,5.0,6.767165439423959,20.0,21.24490596543346,5.0,5.767978837173624
213,1.0,0.0,0.0,15.0,18.372676800291796,0.0,0.7487281595111085,15.0,14.809569636640823,0.0,-2.7094534377601587,15.0,16.685506729308575,0.0,3.0755499677196423
251,1.0,0.0,0.0,15.0,16.68441908650971,0.0,0.8268094174138312,15.0,8.835434141961066,0.0,-4.935026514478832,15.0,12.064339025854872,0.0,1.022670359860325
301,1.0,0.0,0.0,15.0,14.12547373963785,0.0,-3.7589567993604707,15.0,12.228023601519086,0.0,-2.047494830404461,15.0,15.938080917365898,0.0,-3.6508124171956444
0,0.0,0.0,1.0,5.0,4.289672711230718,115.0,120.59934316988857,5.0,2.6609904572953376,20.0,23.957303441506884,5.0,1.5858321680891256,20.0,17.70850954799776
91,0.0,0.0,0.0,0.0,-0.05305703804020012,15.0,18.512525833017857,0.0,2.4887649827118707,15.0,17.06493249315495,0.0,-1.6958160694280524,15.0,12.724852112532659
33,0.0,0.0,0.0,0.0,-7.251547391312098,15.0,18.045247868752085,0.0,-3.334077353331843,15.0,12.277615248316684,0.0,-5.026369364197853,15.0,17.844658511257215
185,1.0,0.0,0.0,15.0,9.689389519700223,0.0,1.579960860645563,15.0,20.79649479404198,0.0,4.47859608974539,15.0,19.06331623434334,0.0,-0.4364471178946622
126,1.0,0.0,1.0,115.0,114.91504328253643,5.0,4.642569714500656,20.0,18.1570055856367,5.0,4.5190158254508574,20.0,21.066213120594877,5.0,5.084325590627877
202,1.0,0.0,1.0,115.0,112.30952552295558,5.0,0.8334464820971004,20.0,22.78216010613682,5.0,9.793681942166536,20.0,27.85971684189464,5.0,7.279273051016761
143,1.0,0.0,0.0,15.0,16.113168781972778,0.0,-4.0948152529896795,15.0,14.503005534703261,0.0,6.797521666958739,15.0,15.365086997343514,0.0,-2.9642200596548958
12,0.0,0.0,1.0,5.0,11.439767873170217,115.0,115.53367837899509,5.0,7.544927960908879,20.0,19.926584750059323,5.0,9.48338753880019,20.0,21.231207050811868
280,1.0,0.0,1.0,115.0,116.88126264946264,5.0,5.934414595424403,20.0,22.01647714503428,5.0,4.144765271510135,20.0,21.56399276766444,5.0,3.8593747426194085
109,1.0,0.0,0.0,15.0,17.61753449782692,0.0,2.03739384288862,15.0,18.455175780470434,0.0,0.03907670622892273,15.0,14.399148737176882,0.0,-3.9206402368325417
440,1.0,0.0,1.0,115.0,115.2907812195613,5.0,10.642932853948281,20.0,17.286749278626502,5.0,7.4409194659279105,20.0,20.56643311245315,5.0,3.6437118521242473
242,1.0,0.0,1.0,115.0,118.43080626747584,5.0,2.7900586564945846,20.0,22.29385069817038,5.0,3.360941653296693,20.0,16.6598076033636,5.0,9.094307821210842
358,1.0,0.0,1.0,115.0,118.99309627207754,5.0,2.18722359468933,20.0,17.962939459801238,5.0,2.0042797161116073,20.0,19.015751889462525,5.0,8.746783943095537
414,1.0,0.0,1.0,115.0,116.45980611956209,5.0,6.487458606947543,20.0,17.295820528449124,5.0,2.5154323221416837,20.0,16.481545799155434,5.0,4.210096955448779
422,1.0,0.0,1.0,115.0,116.43626339383468,5.0,1.8284501233248927,20.0,20.4123607327543,5.0,4.598114006414767,20.0,19.81668169810339,5.0,1.3668731687747036
443,1.0,0.0,0.0,15.0,14.570999245924146,0.0,0.9025330084642089,15.0,10.813866880785156,0.0,2.5828657785838014,15.0,16.255282314594066,0.0,-0.6977852790231304
458,1.0,0.0,1.0,115.0,117.77942353277629,5.0,4.492316383079643,20.0,19.498857902208872,5.0,3.75003419185321,20.0,22.84989437548958,5.0,2.3176120622843186
24,0.0,0.0,1.0,5.0,3.5143606288303495,115.0,115.3312385484623,5.0,1.8786067948316303,20.0,20.458272192022626,5.0,0.6446056119723753,20.0,17.953530492139016
482,1.0,0.0,1.0,115.0,113.07477687569418,5.0,6.643705831393933,20.0,19.18688575457682,5.0,5.743380930965706,20.0,18.030015092490935,5.0,6.335962222825358
467,1.0,0.0,0.0,15.0,14.016487728803575,0.0,-4.311287224151284,15.0,18.39322803352572,0.0,2.485612572616025,15.0,21.398104872038587,0.0,7.08016353225938
460,1.0,0.0,1.0,115.0,115.8604281671984,5.0,3.694227058140874,20.0,17.79053580907302,5.0,5.610925293347024,20.0,15.788688053838875,5.0,7.627134761715975
197,1.0,0.0,0.0,15.0,13.317439812191642,0.0,-1.167901677680115,15.0,20.524979266944232,0.0,0.9600289397398505,15.0,18.058813049105318,0.0,3.414106746762031
288,1.0,0.0,1.0,115.0,116.88076192881304,5.0,7.528320108628415,20.0,20.80237425790053,5.0,6.881759589414387,20.0,19.898360628881942,5.0,2.4308016578738214
236,1.0,0.0,1.0,115.0,117.14696310174938,5.0,7.37457170745716,20.0,24.976948731553392,5.0,5.682554347743775,20.0,20.434813754600032,5.0,1.2628912196833149
284,1.0,0.0,1.0,115.0,114.88985435147394,5.0,3.9768084036442772,20.0,17.845322846941666,5.0,5.936393840556019,20.0,20.66214270180762,5.0,5.842314055346645
312,1.0,0.0,1.0,115.0,118.22566898723393,5.0,3.1046763679305633,20.0,21.4425827510423,5.0,3.381066267836495,20.0,20.001770813354923,5.0,5.458174565873182
459,1.0,0.0,0.0,15.0,21.254409371193915,0.0,-2.3746567062796586,15.0,16.223279978826966,0.0,-0.2928890651552007,15.0,10.896621471442714,0.0,0.5738317730140372
308,1.0,0.0,1.0,115.0,114.58659286545233,5.0,6.480891057417839,20.0,24.13630778854528,5.0,10.746698155705873,20.0,20.051679550889418,5.0,7.556518470009119
85,0.0,0.0,0.0,0.0,-2.2446079490593744,15.0,17.60326313648176,0.0,-1.350745618139803,15.0,16.972473843997435,0.0,-5.45201306684098,15.0,12.75571437388767
189,1.0,0.0,0.0,15.0,13.39131294553623,0.0,-0.04615267674625523,15.0,13.989777145221472,0.0,6.708753004328935,15.0,12.652436350688172,0.0,-1.5388817119005176
123,1.0,0.0,0.0,15.0,14.755107329533386,0.0,0.11083200698946674,15.0,13.495431239607855,0.0,-1.2998127342812351,15.0,18.40760476130295,0.0,-2.822580770994403
131,1.0,0.0,0.0,15.0,13.059933298344404,0.0,2.229326578152585,15.0,18.786703397137554,0.0,-2.8986728526404475,15.0,15.065629004892909,0.0,-1.1616082322535768
137,1.0,0.0,0.0,15.0,19.96486529913257,0.0,0.8050128402086714,15.0,16.457818156012934,0.0,0.884107263267663,15.0,10.621949728686236,0.0,-0.7550319854470801
207,1.0,0.0,0.0,15.0,16.011580563392936,0.0,4.03352147440382,15.0,16.440233203407693,0.0,0.49040988022260523,15.0,14.25683781879722,0.0,-2.537641923808767
346,1.0,0.0,1.0,115.0,116.04040968614572,5.0,6.999100902885017,20.0,20.285642906127407,5.0,4.459754438388627,20.0,15.517835032131998,5.0,7.631958367712905
297,1.0,0.0,0.0,15.0,17.299911184269384,0.0,2.3703608384612878,15.0,19.239850598323464,0.0,-2.8595051028644356,15.0,14.063658029476043,0.0,-3.365550620741871
418,1.0,0.0,1.0,115.0,115.79883269168283,5.0,6.193193624901553,20.0,21.07705824635722,5.0,3.477125191963264,20.0,22.31088063271768,5.0,0.8626224360335488
19,0.0,0.0,0.0,0.0,-3.3108068699709374,15.0,18.20757422242744,0.0,-4.251224514530353,15.0,14.147346137758449,0.0,-2.5502977780704046,15.0,13.542145321631942
132,1.0,0.0,1.0,115.0,112.6550499275041,5.0,8.09004100711026,20.0,21.683242086176843,5.0,-0.72634293798715,20.0,22.04749555626315,5.0,12.737388536447442
38,0.0,0.0,1.0,5.0,8.629052751498854,115.0,118.2086024543849,5.0,-1.4469183889168367,20.0,14.447531554526709,5.0,3.949635856891006,20.0,17.139123368366434
128,1.0,0.0,1.0,115.0,117.2175982286029,5.0,8.717020539237552,20.0,18.68015940995071,5.0,2.3635090299462256,20.0,24.803400533383684,5.0,9.996241382277644
188,1.0,0.0,1.0,115.0,115.5040343226616,5.0,1.1553111395762716,20.0,14.828492086301894,5.0,6.019149945631844,20.0,17.106352607627603,5.0,7.096418006173605
489,1.0,0.0,0.0,15.0,12.68961325076483,0.0,-4.321806145347221,15.0,21.61426750808723,0.0,-4.430980935037924,15.0,12.637749445683797,0.0,2.472018909591586
237,1.0,0.0,0.0,15.0,17.932405565723545,0.0,1.396240565429627,15.0,16.00278428880813,0.0,-3.2147987250272076,15.0,18.172345220509786,0.0,1.2001687890980675
155,1.0,0.0,0.0,15.0,15.85044820805498,0.0,-3.5603498572516594,15.0,8.765342414854974,0.0,0.42365864499940065,15.0,14.09013746702289,0.0,3.126897329104968
431,1.0,0.0,0.0,15.0,16.625473102790853,0.0,3.678233459101828,15.0,10.253889804027938,0.0,-4.624597382994191,15.0,14.509472389164932,0.0,2.8874789279764146
161,1.0,0.0,0.0,15.0,13.646067563621248,0.0,-3.9296908382666533,15.0,18.067942592332937,0.0,-8.00629956272871,15.0,15.306596267635912,0.0,-3.116736207081811
427,1.0,0.0,0.0,15.0,18.01544287851402,0.0,-0.22356423754471114,15.0,14.017377803287147,0.0,1.0792299808545072,15.0,15.962717369053657,0.0,1.3817764441301685
205,1.0,0.0,0.0,15.0,14.059008856367834,0.0,-2.0970801355240005,15.0,14.037913599888398,0.0,1.1752179453984912,15.0,14.138794055672761,0.0,0.6575666166197358
134,1.0,0.0,1.0,115.0,116.11047452494151,5.0,6.926845414025561,20.0,16.112032695945118,5.0,4.02425662567061,20.0,21.307370149181573,5.0,7.009619652806992
371,1.0,0.0,0.0,15.0,12.301459548973018,0.0,-5.145474806653547,15.0,17.790651718528906,0.0,-2.393063981842102,15.0,14.424017938629433,0.0,0.8199077993156318
78,0.0,0.0,1.0,5.0,6.309570296199979,115.0,120.08569821930934,5.0,7.885547270719854,20.0,21.275154062262857,5.0,6.956682009311573,20.0,16.615347038968075
258,1.0,0.0,1.0,115.0,114.0458723765553,5.0,7.5437011314846165,20.0,24.64194705381614,5.0,3.9244132297723584,20.0,23.773475147384474,5.0,4.594953608787682
15,0.0,0.0,0.0,0.0,-0.13061668289646813,15.0,10.68277080568298,0.0,5.7593542452559685,15.0,16.43556298931938,0.0,4.071051112674433,15.0,11.428596706575586
477,1.0,0.0,0.0,15.0,13.759962275144213,0.0,-2.419120015132582,15.0,12.100599033421293,0.0,1.392540811518529,15.0,20.297091889496105,0.0,-1.8081793666622619
310,1.0,0.0,1.0,115.0,116.49623462883606,5.0,4.764405406439687,20.0,23.973135104630597,5.0,4.340345597580113,20.0,16.430512132376876,5.0,1.9536369090451542
474,1.0,0.0,1.0,115.0,119.29585725692107,5.0,5.3168969893289955,20.0,17.03552408154532,5.0,5.93819965780948,20.0,18.805638816363228,5.0,5.457234322641596
29,0.0,0.0,0.0,0.0,1.149087868032755,15.0,13.81288008402533,0.0,2.5530525316575288,15.0,14.506485131641275,0.0,6.852889127030938,15.0,17.492212475463656
354,1.0,0.0,1.0,115.0,109.96485581852927,5.0,5.973719866295177,20.0,19.380144619616466,5.0,7.044131535761016,20.0,17.97729749749117,5.0,6.740455815742728
423,1.0,0.0,0.0,15.0,15.558730514445541,0.0,-1.9067392999227875,15.0,15.740710217079034,0.0,2.2125359840595986,15.0,17.130513598176655,0.0,1.9377352847714073
157,1.0,0.0,0.0,15.0,21.88771755634577,0.0,3.325146702389821,15.0,14.695106805845334,0.0,-2.1105863520469637,15.0,15.755902487706521,0.0,-1.317761050153443
90,0.0,0.0,1.0,5.0,5.48462763764834,115.0,112.93060138537452,5.0,5.202918459037897,20.0,18.95822295445758,5.0,4.615396347738785,20.0,19.389798065752117
402,1.0,0.0,1.0,115.0,117.58089213390289,5.0,6.976890936699817,20.0,22.690578627812886,5.0,0.8084486430229045,20.0,18.139066699102344,5.0,4.926338802532462
244,1.0,0.0,1.0,115.0,114.93938691355062,5.0,-0.08256670635454277,20.0,20.94100091352483,5.0,5.230448111048451,20.0,18.111240717528105,5.0,4.870379603049185
103,1.0,0.0,0.0,15.0,14.422544594863016,0.0,-6.210507230737202,15.0,15.346597062547515,0.0,-0.22391028057426596,15.0,19.302742447013223,0.0,-0.566078609507371
233,1.0,0.0,0.0,15.0,16.18161796844119,0.0,1.9876601316091602,15.0,15.15687143555963,0.0,7.924553054400425,15.0,16.654692602052496,0.0,1.243617843031866
169,1.0,0.0,0.0,15.0,10.268511658984275,0.0,-1.4668963035920088,15.0,13.642956073881471,0.0,6.498922084862732,15.0,14.80485743982666,0.0,-1.011256586373438
442,1.0,0.0,1.0,115.0,116.64171795579952,5.0,3.8238898221607984,20.0,15.234529087803176,5.0,4.170501660728989,20.0,22.478277545969434,5.0,1.6781284480581142
248,1.0,0.0,1.0,115.0,113.20428402649625,5.0,3.4029653267377546,20.0,24.277116252608316,5.0,3.8409121073149923,20.0,21.752643192717127,5.0,0.8841278404605326
344,1.0,0.0,1.0,115.0,112.40023534781314,5.0,3.3910309564474135,20.0,21.929258592499778,5.0,5.614311196483939,20.0,19.039849779321,5.0,8.177678788171912
17,0.0,0.0,0.0,0.0,-1.319105472747786,15.0,11.94001984427158,0.0,4.015873337738211,15.0,15.187571461739743,0.0,-0.511492059393038,15.0,13.63440215913499
164,1.0,0.0,1.0,115.0,117.62271034951137,5.0,9.93210712587647,20.0,19.810168877159306,5.0,1.9876153147691542,20.0,23.747260749525793,5.0,7.452930403444039
44,0.0,0.0,1.0,5.0,-0.7185001671313476,115.0,112.856260274848,5.0,1.2370483059071797,20.0,19.144256041541723,5.0,6.03458994353384,20.0,22.466822409986538
419,1.0,0.0,0.0,15.0,10.235515268816062,0.0,-2.132526649761786,15.0,15.06480752228925,0.0,-0.7100869966490939,15.0,20.42409428402891,0.0,1.408113024329073
135,1.0,0.0,0.0,15.0,15.480830186692053,0.0,5.676554390559549,15.0,20.61641430340751,0.0,0.14108699127817326,15.0,16.868196141174394,0.0,0.6463673194387072
364,1.0,0.0,1.0,115.0,111.69790294244082,5.0,3.1024516660628616,20.0,19.791577880789873,5.0,11.124454728343723,20.0,24.151187807523204,5.0,12.111171001965802
464,1.0,0.0,1.0,115.0,114.41199518502286,5.0,8.849594805970035,20.0,15.568197176859027,5.0,8.637191792635255,20.0,19.01337347541389,5.0,5.409206870619989
228,1.0,0.0,1.0,115.0,114.63803461247836,5.0,7.9315760931757975,20.0,18.240903223143498,5.0,6.262141450741143,20.0,23.984173214408116,5.0,9.96337519622772
214,1.0,0.0,1.0,115.0,112.44078983463751,5.0,-0.32021876106551517,20.0,19.92350418777912,5.0,10.187755045695287,20.0,21.61387739444725,5.0,-2.9071452370223554
36,0.0,0.0,1.0,5.0,0.5927175079622593,115.0,118.53182020401204,5.0,4.245422272517845,20.0,18.71353536881094,5.0,5.8149480113342,20.0,22.18361568919454
141,1.0,0.0,0.0,15.0,14.748759570026898,0.0,4.788153590577774,15.0,12.471564233169634,0.0,-3.177352273793487,15.0,14.549567408787365,0.0,0.372171046243703
274,1.0,0.0,1.0,115.0,114.31694775478695,5.0,10.470400221626544,20.0,15.642498946381318,5.0,5.583367055969948,20.0,20.022110486578534,5.0,1.363666297986982
300,1.0,0.0,1.0,115.0,110.21373664073433,5.0,7.518144798562262,20.0,18.458774946260707,5.0,-1.7990633932739772,20.0,22.071291416987197,5.0,1.1958361732539742
253,1.0,0.0,0.0,15.0,17.75062510910023,0.0,2.5932266431344395,15.0,16.872952243082192,0.0,2.1225718593129663,15.0,16.905438299862034,0.0,-1.89356112497943
446,1.0,0.0,1.0,115.0,115.5121232377137,5.0,2.2324038083862487,20.0,17.207843447949088,5.0,6.241104818982824,20.0,21.419503213537347,5.0,3.7004709848768593
222,1.0,0.0,1.0,115.0,112.11902847055687,5.0,-1.9327170059903818,20.0,22.926784405457784,5.0,3.6123538915590165,20.0,22.40251356357169,5.0,8.926343623179617
249,1.0,0.0,0.0,15.0,9.308679380189607,0.0,-5.150616167353012,15.0,7.253586094721762,0.0,1.4850208135105851,15.0,21.652673931336594,0.0,1.6022345746767177
82,0.0,0.0,1.0,5.0,3.1597717842994246,115.0,114.31657358912338,5.0,11.840469366841095,20.0,20.167233880916466,5.0,5.455951754112434,20.0,24.573863156676047
241,1.0,0.0,0.0,15.0,14.464275061096535,0.0,1.9713191178933358,15.0,16.03614835431718,0.0,1.4981309846072457,15.0,20.42803598724572,0.0,-2.4624193938456846
361,1.0,0.0,0.0,15.0,9.07549372886394,0.0,-1.8236635832434005,15.0,17.313137240759755,0.0,2.565320799640042,15.0,15.649793672423542,0.0,-0.4374143248340798
348,1.0,0.0,1.0,115.0,114.35593465968473,5.0,4.672733666728382,20.0,19.684459454233583,5.0,6.249050860347913,20.0,17.711403705652618,5.0,6.156054468689012
447,1.0,0.0,0.0,15.0,22.16925172204946,0.0,0.4852906824315977,15.0,16.11306591863496,0.0,0.6440387366625939,15.0,13.98895238574869,0.0,1.4367960572076985
317,1.0,0.0,0.0,15.0,17.984483110421085,0.0,1.8937700479088666,15.0,11.869684193165845,0.0,2.6602098303581827,15.0,14.714875802640842,0.0,-0.07773809238657907
140,1.0,0.0,1.0,115.0,115.881138211311,5.0,7.371076634654924,20.0,17.948745018720402,5.0,6.381244507763141,20.0,24.769833000878855,5.0,4.502776881106437
397,1.0,0.0,0.0,15.0,10.504756106198355,0.0,2.3632998272682015,15.0,11.54320691672161,0.0,1.401304572087283,15.0,18.766960333576826,0.0,-0.5138192131608841
372,1.0,0.0,1.0,115.0,107.7147087949441,5.0,2.612753781481044,20.0,20.456036040202232,5.0,-3.3650770910373353,20.0,18.104525000325815,5.0,3.8235820292963227
89,0.0,0.0,0.0,0.0,-4.09142155858049,15.0,9.79835950053599,0.0,-0.11268933198074332,15.0,9.072540644978174,0.0,3.653755191162525,15.0,18.628547229456366
129,1.0,0.0,0.0,15.0,17.923065495514336,0.0,2.5916636543653033,15.0,17.608089163751117,0.0,-1.8463058124159195,15.0,16.010556325036774,0.0,4.947510824812662
320,1.0,0.0,1.0,115.0,113.16522115370331,5.0,4.990637601488817,20.0,20.115007509089182,5.0,3.4009482500380948,20.0,21.095787273076436,5.0,-0.8090148280019065
66,0.0,0.0,1.0,5.0,8.152447546372144,115.0,116.49407433968946,5.0,8.673456603024096,20.0,20.475564765177747,5.0,6.139788923150514,20.0,17.18768882614791
230,1.0,0.0,1.0,115.0,114.73920782036232,5.0,3.864265253136021,20.0,19.74538211082614,5.0,4.616135692855288,20.0,27.338346747340168,5.0,2.565677693337325
386,1.0,0.0,1.0,115.0,113.31699157195857,5.0,0.7933825810749422,20.0,20.584116634877596,5.0,6.205546124257905,20.0,21.943237126696925,5.0,6.090043290886253
327,1.0,0.0,0.0,15.0,16.89960987321756,0.0,-2.5051399891711568,15.0,12.825829094385012,0.0,2.1633092332429382,15.0,6.394806804329772,0.0,-0.39464788464748185
142,1.0,0.0,1.0,115.0,114.56515055531229,5.0,1.731588083521732,20.0,22.813677377267627,5.0,-0.7830071227858664,20.0,17.157673243015434,5.0,5.369977970793105
365,1.0,0.0,0.0,15.0,9.691863394120478,0.0,3.384914513632838,15.0,15.131061134360042,0.0,-7.623798943113918,15.0,19.777611647655842,0.0,-4.206321988042548
121,1.0,0.0,0.0,15.0,16.789914794724947,0.0,1.4971620394706253,15.0,18.593355969052265,0.0,-0.11623541923007533,15.0,12.679630479905953,0.0,0.9092237355814079
267,1.0,0.0,0.0,15.0,17.157859078852773,0.0,-7.910268172362836,15.0,15.449930192211887,0.0,-1.3239456805142282,15.0,19.859828292843098,0.0,0.2668734889519343
488,1.0,0.0,1.0,115.0,117.26562025077696,5.0,11.451770401159381,20.0,19.558710325612275,5.0,5.474484438875316,20.0,23.03245769019442,5.0,2.1462769186302944
332,1.0,0.0,1.0,115.0,110.92084403678265,5.0,5.298659372541712,20.0,21.563097030319387,5.0,6.445259707556449,20.0,18.095435153535032,5.0,1.7208833291010865
363,1.0,0.0,0.0,15.0,19.024711897440255,0.0,-3.855612115186789,15.0,15.389476714709762,0.0,0.6573627585307491,15.0,14.801925487874591,0.0,1.8838640152314596
14,0.0,0.0,1.0,5.0,3.882686957664651,115.0,116.99404255371967,5.0,8.487258557429433,20.0,15.31255168128855,5.0,1.2054449956377038,20.0,21.899664555103456
40,0.0,0.0,1.0,5.0,6.770901838467831,115.0,117.47993895372812,5.0,-0.3921991537449312,20.0,19.01644472304314,5.0,6.142449986793737,20.0,22.250328720814444
290,1.0,0.0,1.0,115.0,118.77598991796705,5.0,2.3162030049563205,20.0,20.17177001373141,5.0,1.4943156243668083,20.0,17.743588430365406,5.0,7.240989836410359
293,1.0,0.0,0.0,15.0,15.336267050416522,0.0,-7.08079180747024,15.0,12.407853179384231,0.0,-2.0162229612078844,15.0,15.11512849037904,0.0,1.9363214475810366
84,0.0,0.0,1.0,5.0,8.519476853181025,115.0,115.87662935766473,5.0,0.4013308427230857,20.0,18.400841130682508,5.0,5.35593810199845,20.0,14.527530791584526
68,0.0,0.0,1.0,5.0,11.62671529968625,115.0,116.62120899164964,5.0,3.7600506747713043,20.0,19.621334096433134,5.0,3.5788986594434307,20.0,17.708786043301995
73,0.0,0.0,0.0,0.0,0.034038695851845366,15.0,13.273858249020742,0.0,-3.1948159106067457,15.0,14.462939288646021,0.0,-3.3326911465177593,15.0,14.868296030525187
176,1.0,0.0,1.0,115.0,110.61065243226375,5.0,4.31724001915009,20.0,17.619007266054236,5.0,4.069660309721748,20.0,20.903597030898236,5.0,4.170573463284267
373,1.0,0.0,0.0,15.0,13.128574178466977,0.0,0.3953709459953798,15.0,13.993820183227365,0.0,0.5386586543398872,15.0,15.134853060741987,0.0,-1.3021084860177141
22,0.0,0.0,1.0,5.0,5.804890278721045,115.0,113.47390539751163,5.0,-0.21666512138663663,20.0,21.101511315091784,5.0,8.111156300542225,20.0,18.300057470892916
136,1.0,0.0,1.0,115.0,109.68124800753502,5.0,5.086520208798199,20.0,22.75050448459501,5.0,4.967326268236186,20.0,20.62343971652149,5.0,4.487514867951536
432,1.0,0.0,1.0,115.0,110.22692343715721,5.0,10.366289079583257,20.0,17.397492263937334,5.0,8.395169164293756,20.0,22.039261778774343,5.0,2.906970712099172
279,1.0,0.0,0.0,15.0,11.368757517183647,0.0,2.0989421572853377,15.0,15.63335191655112,0.0,0.5926115904309748,15.0,10.577917572990815,0.0,-5.255546048041923
42,0.0,0.0,1.0,5.0,3.342342032298374,115.0,115.73238200182286,5.0,9.178004963177145,20.0,18.20420393137599,5.0,3.570234939460396,20.0,21.45015816710483
193,1.0,0.0,0.0,15.0,14.268135578290785,0.0,2.970302311252065,15.0,15.90992723777639,0.0,3.02579284066384,15.0,14.663135042674094,0.0,0.05425003910022763
184,1.0,0.0,1.0,115.0,110.8022244768829,5.0,8.137259088923361,20.0,20.731037726970033,5.0,1.7070905599633353,20.0,21.93661415306525,5.0,11.651318192161119
268,1.0,0.0,1.0,115.0,114.34558837639032,5.0,11.750216775131294,20.0,24.014466990559402,5.0,4.625177361719841,20.0,24.175157367268326,5.0,8.288467210732957
450,1.0,0.0,1.0,115.0,115.69503001254661,5.0,6.971291733565925,20.0,24.044014496578143,5.0,9.427114602101248,20.0,21.471496728887917,5.0,9.459337238204478
490,1.0,0.0,1.0,115.0,115.80050667000862,5.0,6.140464334464506,20.0,21.592268342483152,5.0,8.641084965948703,20.0,22.193768603817574,5.0,6.931847776004639
306,1.0,0.0,1.0,115.0,119.39256826026765,5.0,8.503171038159728,20.0,17.90550324506853,5.0,8.127575604844923,20.0,18.249796314708863,5.0,5.022444255116924
281,1.0,0.0,0.0,15.0,16.52696190388123,0.0,-0.751266656799682,15.0,12.391437482526115,0.0,-0.7435798728174186,15.0,9.870152777219701,0.0,-0.5122817072658503
499,1.0,0.0,0.0,15.0,18.829924108532683,0.0,-2.7103032379132785,15.0,15.851241727661582,0.0,-3.1949728048771693,15.0,18.075711254971736,0.0,-3.569613575051286
47,0.0,0.0,0.0,0.0,-5.405331978482757,15.0,13.06779418162894,0.0,-2.066170746945426,15.0,11.245662478159481,0.0,2.5166414724545603,15.0,16.652168879049814
235,1.0,0.0,0.0,15.0,15.448896349406628,0.0,-0.27684346475960414,15.0,15.176935941106239,0.0,-1.52915973924488,15.0,12.742222223424484,0.0,-1.3995091531260486
266,1.0,0.0,1.0,115.0,114.78245616327008,5.0,4.7308301418306,20.0,19.206545534622446,5.0,6.560512016877073,20.0,16.511867420457627,5.0,0.4366768430895851
461,1.0,0.0,0.0,15.0,14.622356202817961,0.0,2.5760228883560794,15.0,17.171699344938308,0.0,5.4517086525186835,15.0,13.972680423495996,0.0,-1.0032255851908372
201,1.0,0.0,0.0,15.0,16.931730879829477,0.0,-1.5852056001625223,15.0,16.75326519529706,0.0,-4.669909602652007,15.0,12.750301333352919,0.0,1.7368252107532358
203,1.0,0.0,0.0,15.0,22.710465802754857,0.0,3.569789607885736,15.0,17.4225855292651,0.0,3.905766252896238,15.0,12.949907639135517,0.0,4.02259478719783
149,1.0,0.0,0.0,15.0,15.171357387283855,0.0,-0.8822617255155587,15.0,10.613242223600384,0.0,4.261014961980041,15.0,17.06512157732133,0.0,-4.636208074164803
452,1.0,0.0,1.0,115.0,118.70124631910713,5.0,-0.10968399236018556,20.0,19.269982076434424,5.0,3.183047475121103,20.0,26.181423109958608,5.0,3.6602107036175524
269,1.0,0.0,0.0,15.0,18.57002260624001,0.0,-4.477180698155387,15.0,18.028433771904204,0.0,-5.0785895292692445,15.0,17.532626464003183,0.0,-1.3735446352441028
315,1.0,0.0,0.0,15.0,16.6518235259687,0.0,0.31670131806617674,15.0,9.210157261186236,0.0,1.1850963057434094,15.0,9.293508720068392,0.0,2.231312004643387
328,1.0,0.0,1.0,115.0,117.22582132541754,5.0,9.30387320067801,20.0,22.674161555529185,5.0,1.2746111307655839,20.0,28.522372828782032,5.0,6.784072294579775
323,1.0,0.0,0.0,15.0,13.121287481286009,0.0,-0.5441308829754915,15.0,13.172962612158654,0.0,0.8603830251572867,15.0,17.434578616497785,0.0,-0.4543332658205155
92,0.0,0.0,1.0,5.0,5.375816821491041,115.0,113.48333166564844,5.0,9.445608327137336,20.0,16.465174033012296,5.0,6.853944338962863,20.0,21.813721966932114
74,0.0,0.0,1.0,5.0,4.880276803681021,115.0,115.92290078982514,5.0,0.468409239920895,20.0,17.9579204693086,5.0,3.042624621680662,20.0,14.265568624291355
436,1.0,0.0,1.0,115.0,116.15714709382391,5.0,7.79900186808606,20.0,19.828671843045093,5.0,7.135301323729003,20.0,19.54724003037586,5.0,7.4865900900553175
399,1.0,0.0,0.0,15.0,20.169583096259025,0.0,-2.465155906732927,15.0,17.058926030170824,0.0,-1.3901488787305725,15.0,7.0876464178812935,0.0,-1.6445239202005417
60,0.0,0.0,1.0,5.0,9.742769649752832,115.0,106.32727506657139,5.0,5.269031108512117,20.0,19.498477606662924,5.0,5.319384327042673,20.0,17.276251374572716
311,1.0,0.0,0.0,15.0,13.84117695043583,0.0,0.5508813144732289,15.0,17.824719457299214,0.0,-0.30882306802304166,15.0,18.563931493825837,0.0,3.5378768364157187
424,1.0,0.0,1.0,115.0,115.16334195578548,5.0,4.85077103722126,20.0,23.597168393910675,5.0,4.196041428694702,20.0,16.483708730916405,5.0,1.2004434117225888
330,1.0,0.0,1.0,115.0,114.94802979724696,5.0,7.179681422087743,20.0,15.69864953471102,5.0,6.557908533980461,20.0,23.777833589541615,5.0,5.191569667192741
35,0.0,0.0,0.0,0.0,-3.5211076536929333,15.0,10.216231899726292,0.0,-1.5621226372982384,15.0,13.466893503936042,0.0,2.200006106895416,15.0,9.674037629611052
360,1.0,0.0,1.0,115.0,111.85954770716366,5.0,7.09991615858716,20.0,17.404524965738254,5.0,1.493170480547211,20.0,17.153553860416494,5.0,2.996754979446579
172,1.0,0.0,1.0,115.0,115.00088749240372,5.0,5.485366796757784,20.0,10.406982796384057,5.0,5.878699437236228,20.0,20.57272389084956,5.0,4.5897920053339
159,1.0,0.0,0.0,15.0,11.916728837476349,0.0,-3.1171052952261764,15.0,13.45410656747591,0.0,-5.734034022352656,15.0,20.103337356670576,0.0,1.7328155275485408
390,1.0,0.0,1.0,115.0,113.0324452646853,5.0,5.7722953576580815,20.0,16.824727422656082,5.0,4.971635844996379,20.0,16.71308563760851,5.0,3.037946464249924
196,1.0,0.0,1.0,115.0,116.06087911745486,5.0,6.131266624444008,20.0,14.040133773148968,5.0,2.4400452595241586,20.0,19.58142620421425,5.0,8.292179986056954
389,1.0,0.0,0.0,15.0,10.664073231563938,0.0,0.7717237782547537,15.0,17.279652368163628,0.0,-0.24085625416892542,15.0,13.408517043224846,0.0,1.6594242937392059
229,1.0,0.0,0.0,15.0,14.016292177862203,0.0,-1.4214962285598847,15.0,14.48719291426334,0.0,1.8874152280520327,15.0,14.589788850025489,0.0,0.7397652167166751
396,1.0,0.0,1.0,115.0,110.51011230093589,5.0,9.144328960330387,20.0,19.221875912522897,5.0,7.075602515422275,20.0,18.450630351652038,5.0,4.628743747346347
394,1.0,0.0,1.0,115.0,112.09630146188478,5.0,7.070113059930632,20.0,22.34049687847434,5.0,7.719760230397988,20.0,24.232260551832365,5.0,4.783200468440252
283,1.0,0.0,0.0,15.0,15.117845893985805,0.0,0.904884288060746,15.0,13.626846298381802,0.0,-2.0387921159513276,15.0,11.577220334369262,0.0,-1.8525034038726238
468,1.0,0.0,1.0,115.0,120.62495333844129,5.0,5.527142268249494,20.0,24.007042809325117,5.0,2.0242621277797257,20.0,24.48405328620629,5.0,2.960787284573371
170,1.0,0.0,1.0,115.0,115.55922939739477,5.0,4.3660213821798655,20.0,20.731635393144177,5.0,-1.2116088940496912,20.0,19.487785757124268,5.0,2.301382615388714
30,0.0,0.0,1.0,5.0,7.1543991515721,115.0,119.70485228744937,5.0,9.485938838034937,20.0,21.75727041434391,5.0,8.82691575958138,20.0,17.07101101010033
48,0.0,0.0,1.0,5.0,5.62035079353406,115.0,112.70564227544489,5.0,5.447955782009401,20.0,19.288795559385935,5.0,8.142686987927508,20.0,20.74580729656586
393,1.0,0.0,0.0,15.0,15.395727848166485,0.0,-2.3982312190563446,15.0,17.056259252521883,0.0,0.11145017695548377,15.0,12.379917001835706,0.0,-0.6930782802762073
178,1.0,0.0,1.0,115.0,116.35474075477582,5.0,1.7180773574784753,20.0,18.083219441060933,5.0,3.5745275328753072,20.0,14.834086876754114,5.0,7.133699365375559
265,1.0,0.0,0.0,15.0,11.093992873629583,0.0,0.510214202056223,15.0,15.546044227587801,0.0,3.0824636931286475,15.0,10.026439273315724,0.0,-1.0091844790352664
72,0.0,0.0,1.0,5.0,9.613759994558647,115.0,118.71155967618012,5.0,0.46123374195575106,20.0,20.762313508691577,5.0,5.036070633592826,20.0,18.07371017601371
298,1.0,0.0,1.0,115.0,113.74706092572357,5.0,3.5293763817443624,20.0,21.404378732441547,5.0,2.5849239904979173,20.0,25.58728584949482,5.0,5.6101831862087765
133,1.0,0.0,0.0,15.0,18.41588000114452,0.0,-5.3854454843751,15.0,19.36102051895172,0.0,4.058345132738148,15.0,10.239984068283764,0.0,-3.454634820623615
483,1.0,0.0,0.0,15.0,14.860177477722274,0.0,-0.698374159255033,15.0,17.417625335210246,0.0,3.431576660210105,15.0,15.343902977431581,0.0,-0.18687192432346195
392,1.0,0.0,1.0,115.0,114.08495797688256,5.0,3.8087895203280704,20.0,20.124007359820162,5.0,8.639242945645453,20.0,19.00224340460664,5.0,6.6105319009899866
163,1.0,0.0,0.0,15.0,14.565116851427291,0.0,0.03849005640944987,15.0,16.332877186149698,0.0,0.6030227571058262,15.0,14.536448784196281,0.0,-5.275496833954576
417,1.0,0.0,0.0,15.0,13.589564281226298,0.0,4.188664298237136,15.0,19.73294460376716,0.0,0.47427274210650316,15.0,10.908748067986615,0.0,4.916589926784212
411,1.0,0.0,0.0,15.0,17.39226534617775,0.0,1.068366386425073,15.0,17.28532327232054,0.0,-4.9017116994807335,15.0,17.240555812243425,0.0,2.367575173908077
434,1.0,0.0,1.0,115.0,116.70853112860263,5.0,4.485362558141283,20.0,20.037995922380343,5.0,7.634409426790545,20.0,20.863776460454908,5.0,-3.6051342170869383
338,1.0,0.0,1.0,115.0,109.84215347131328,5.0,7.892417597656802,20.0,16.338880423563296,5.0,7.2536940307052085,20.0,21.22457698106537,5.0,1.7240452703640066
175,1.0,0.0,0.0,15.0,12.624952770878856,0.0,0.9813772944813269,15.0,15.18056430527213,0.0,2.237005689092235,15.0,14.017401793695543,0.0,-5.797101700911891
117,1.0,0.0,0.0,15.0,18.310500535732565,0.0,-3.0725447591860746,15.0,16.43827008203066,0.0,-1.6298115119028136,15.0,17.07231987712649,0.0,1.5336968823790382
223,1.0,0.0,0.0,15.0,15.87169153167555,0.0,-4.469082029520609,15.0,10.89482119910457,0.0,-1.075325297081651,15.0,19.255919259256153,0.0,-3.8923685797896557
209,1.0,0.0,0.0,15.0,12.328794444697458,0.0,-4.078095398719395,15.0,15.192929048148228,0.0,0.8700210271100719,15.0,18.40180764738889,0.0,-2.4611970147399256
374,1.0,0.0,1.0,115.0,110.07118848101604,5.0,8.338673076712372,20.0,21.94472592352509,5.0,9.088850382879244,20.0,21.839623684487954,5.0,5.100417116629718
191,1.0,0.0,0.0,15.0,17.734205008922824,0.0,-3.1533054189159877,15.0,12.915953703292937,0.0,2.565409218486787,15.0,21.227346443519885,0.0,-2.031994235531701
341,1.0,0.0,0.0,15.0,13.411525476309889,0.0,1.9049358756027415,15.0,15.79393971761355,0.0,0.9620162870446036,15.0,17.833838227103644,0.0,-4.465660517558708
65,0.0,0.0,0.0,0.0,-1.8129464331494822,15.0,16.42165749889418,0.0,-5.264676676466859,15.0,10.325665799813066,0.0,-1.14318998686382,15.0,14.732295361310966
106,1.0,0.0,1.0,115.0,113.53235471136102,5.0,5.010132170317267,20.0,15.191555066705522,5.0,6.58727980589674,20.0,20.373673680222925,5.0,3.455325203772837
83,0.0,0.0,0.0,0.0,1.4633625259845902,15.0,16.15042559260835,0.0,-2.10306278720421,15.0,15.746789511849265,0.0,0.007075739936681494,15.0,16.395374212110024
147,1.0,0.0,0.0,15.0,16.971459857726888,0.0,1.9747857033806908,15.0,11.10096965081093,0.0,-2.577211298340003,15.0,17.156177796186817,0.0,-0.3778414604438419
438,1.0,0.0,1.0,115.0,121.842363915492,5.0,3.6056353601052686,20.0,16.641647306619692,5.0,1.9964520994478328,20.0,20.96275826297788,5.0,2.1579798175742027
476,1.0,0.0,1.0,115.0,117.89949033234589,5.0,7.775834909047047,20.0,18.35799806989611,5.0,3.016737055683905,20.0,18.686636282918407,5.0,3.5203376199033176
454,1.0,0.0,1.0,115.0,109.90506491660088,5.0,2.655083466274007,20.0,22.02458554328229,5.0,4.517351174518949,20.0,22.227185334257808,5.0,6.055159805443256
345,1.0,0.0,0.0,15.0,12.633407939590143,0.0,1.0324467922834268,15.0,7.6453843405912405,0.0,2.9327804863272373,15.0,8.661725821228183,0.0,-1.1481374811115186
471,1.0,0.0,0.0,15.0,12.87942050263364,0.0,-1.6332439520001119,15.0,10.836041890586513,0.0,2.3478539641939298,15.0,10.80988398213139,0.0,-4.742369208767249
462,1.0,0.0,1.0,115.0,114.82799356310272,5.0,8.55591986892848,20.0,20.2425438696503,5.0,7.136489311241341,20.0,23.80545206082125,5.0,6.257267152017399
113,1.0,0.0,0.0,15.0,18.108018532017876,0.0,0.17771258808971177,15.0,20.98440351540586,0.0,6.196487295677887,15.0,15.00755447032821,0.0,4.719681292340568
160,1.0,0.0,1.0,115.0,113.28719457653509,5.0,5.195021915533946,20.0,18.812756030536676,5.0,4.93818453111639,20.0,14.250733375559864,5.0,0.7177545088971087
122,1.0,0.0,1.0,115.0,115.82997428771601,5.0,0.9348146769100136,20.0,25.89402158653224,5.0,5.461310122145671,20.0,23.874932877256022,5.0,6.538000997407081
243,1.0,0.0,0.0,15.0,14.208194140874912,0.0,-2.7623319799924753,15.0,13.382024152549857,0.0,-0.5350009472946727,15.0,15.928321923721523,0.0,3.232942450280936
13,0.0,0.0,0.0,0.0,-1.5471047599811918,15.0,14.66253827026287,0.0,-1.471001502704024,15.0,12.190453396903685,0.0,-3.5419870832850586,15.0,18.183045907968037
429,1.0,0.0,0.0,15.0,11.31459561780569,0.0,-3.232083740221146,15.0,17.772368198347156,0.0,-2.0921712532206347,15.0,15.698102463441487,0.0,-2.7116814445983333
406,1.0,0.0,1.0,115.0,116.69351591891163,5.0,4.269379053797571,20.0,18.14058472300756,5.0,6.439015979589438,20.0,17.544863878142454,5.0,5.934770658314237
259,1.0,0.0,0.0,15.0,13.987302304814442,0.0,5.728680141342085,15.0,14.954315298918333,0.0,3.3325128535806052,15.0,15.13348288062827,0.0,4.057226590806407
359,1.0,0.0,0.0,15.0,15.999791579957268,0.0,-2.9812674799843926,15.0,12.332905806131384,0.0,-1.7402508356049093,15.0,13.583811102690154,0.0,0.6411591665026071
104,1.0,0.0,1.0,115.0,117.7366803755544,5.0,2.1831091701968415,20.0,20.00145361437175,5.0,5.272832369991346,20.0,23.929339081532436,5.0,8.336505752835532
318,1.0,0.0,1.0,115.0,117.10699661040012,5.0,6.19923945652558,20.0,16.986675792990017,5.0,3.906481933430425,20.0,16.47039759608541,5.0,7.078351294565321
289,1.0,0.0,0.0,15.0,16.16071065634781,0.0,3.0624131764476767,15.0,13.247876294736542,0.0,-0.09350024243188886,15.0,9.889181820435798,0.0,2.102687506805322
100,1.0,0.0,1.0,115.0,118.85339657996042,5.0,-0.0641422742211013,20.0,18.732155713346927,5.0,4.2120405165117525,20.0,19.96169185448513,5.0,4.447778892223166
3,0.0,0.0,0.0,0.0,-2.401810079429991,15.0,14.363446150529768,0.0,0.006813496529452977,15.0,13.688228520258358,0.0,-2.359720805550532,15.0,14.617200906360358
