,T,Age,AgeTag,Sex,yo1,y1,yo1CF,y1CF,yo2,y2,yo2CF,y2CF,yo3,y3,yo3CF,y3CF
223,1.0,0.48,-1.0,-1.0,-125.0,-128.3729500362095,-5.0,-4.87087996459151,-54.0,-57.64187475337775,-124.0,-127.70948447365548,37.2,37.47091326826264,-124.0,-123.8822687841718
204,-1.0,0.08,-1.0,1.0,-65.0,-68.20128328975554,195.0,199.41910210488973,41.2,43.36975928302074,111.19999999999999,122.76468797033407,26.0,26.160381037068486,111.19999999999999,104.9757719763574
437,-1.0,0.46,-1.0,-1.0,-5.0,-0.18283935771997406,-125.0,-130.479717540539,-123.0,-129.95656962911275,-53.0,-53.30031089715436,-123.0,-119.44996819321537,34.400000000000006,42.494304907043784
73,1.0,0.34,-1.0,1.0,195.0,195.80538940185212,-65.0,-67.95946933712455,147.6,151.8851928292454,77.6,84.04755296203257,147.6,148.37694127592042,12.999999999999993,8.777213810791658
250,1.0,0.08,-1.0,-1.0,-125.0,-125.14868722972534,-5.0,-7.970351710878825,-34.0,-18.23651325820572,-104.0,-101.12270225263927,-18.799999999999997,-21.510153776773045,-104.0,-101.54372271422557
394,1.0,0.36,-1.0,-1.0,-125.0,-126.26230014742728,-5.0,-5.122304220297142,-48.0,-54.65147109164274,-118.0,-118.59485977861206,20.399999999999995,24.35640205385382,-118.0,-118.57670730016028
48,1.0,0.24,-1.0,1.0,195.0,197.64615435606197,-65.0,-74.3226360034233,133.6,127.9056594807897,63.599999999999994,69.41661648698997,133.6,138.45475160656102,17.999999999999996,22.08376828454733
78,1.0,0.1,-1.0,1.0,195.0,188.1965338532264,-65.0,-60.92866399596679,114.0,118.22887933161876,44.0,37.96148510125473,114.0,120.18661669963284,25.0,19.3380667118886
83,1.0,0.14,-1.0,1.0,195.0,202.00893942459766,-65.0,-58.09754271865845,119.6,130.74644339864597,49.599999999999994,48.21537875248059,119.6,119.18925780081796,22.999999999999996,24.827901548227516
53,1.0,0.32,-1.0,1.0,195.0,191.97894483520918,-65.0,-69.52160511886754,144.8,136.9442235883036,74.8,74.64303792806028,144.8,150.91601746175888,13.999999999999996,21.889940483651255
319,1.0,0.36,-1.0,-1.0,-125.0,-122.07758647828337,-5.0,-7.472548748626485,-48.0,-44.816736320487784,-118.0,-118.7630414314264,20.399999999999995,19.821991837292543,-118.0,-115.49170318072592
374,1.0,0.04,-1.0,-1.0,-125.0,-131.37595600866484,-5.0,-4.576048085524994,-32.0,-41.11790988075919,-102.0,-101.0044523752001,-24.4,-25.079740614750797,-102.0,-105.40443413317321
422,1.0,0.08,-1.0,-1.0,-125.0,-125.07160568853874,-5.0,-11.607473525316294,-34.0,-36.783618902920416,-104.0,-101.05134479464826,-18.799999999999997,-15.654064658364195,-104.0,-94.10106195622154
338,1.0,0.36,-1.0,-1.0,-125.0,-127.88073807789101,-5.0,-4.998990795359541,-48.0,-44.703059979011925,-118.0,-116.73476734516026,20.399999999999995,16.938438056315384,-118.0,-126.08895539746234
413,1.0,0.3,-1.0,-1.0,-125.0,-130.87071380427628,-5.0,0.11367574579836859,-45.0,-48.09351781552547,-115.0,-117.28875913523082,12.0,11.821497655424343,-115.0,-115.50169583982483
483,-1.0,0.48,-1.0,-1.0,-5.0,-2.5160356982693384,-125.0,-131.43500721753617,-124.0,-118.09133147599843,-54.0,-54.239320238419474,-124.0,-130.72573478195335,37.2,24.75858053254003
7,1.0,0.04,-1.0,1.0,195.0,191.5754711901277,-65.0,-61.93619483041465,105.6,109.04515468519223,35.6,31.120074859737485,105.6,112.66856399336886,28.0,32.897776558510316
433,1.0,0.32,-1.0,-1.0,-125.0,-123.66072771198951,-5.0,-13.139604212650994,-46.0,-42.49171333981491,-116.0,-116.46501428015719,14.800000000000002,14.050149429677477,-116.0,-109.13094863743729
8,1.0,0.46,-1.0,1.0,195.0,199.11207116521302,-65.0,-71.26266967038849,164.4,159.27442271027525,94.4,89.83951697053885,164.4,172.78142421188977,7.0,4.811050779572548
357,1.0,0.48,-1.0,-1.0,-125.0,-126.40322864629216,-5.0,-9.341127430091003,-54.0,-53.203553826792096,-124.0,-111.79346675003792,37.2,40.23720845928602,-124.0,-129.41319743733385
257,1.0,0.32,-1.0,-1.0,-125.0,-122.95523726546402,-5.0,-5.09825125443267,-46.0,-43.96353839489482,-116.0,-119.80932833068883,14.800000000000002,18.473774740394973,-116.0,-120.56978381027876
383,1.0,0.08,-1.0,-1.0,-125.0,-130.38587429664116,-5.0,-9.09819173750531,-34.0,-32.04582953309377,-104.0,-95.53754946317463,-18.799999999999997,-19.18213392724363,-104.0,-103.1642102329239
228,-1.0,0.14,-1.0,1.0,-65.0,-67.35030490429585,195.0,195.38573022373862,49.599999999999994,49.89200002593277,119.6,109.17382217788423,22.999999999999996,32.54194345232139,119.6,117.35614751039185
233,-1.0,0.26,-1.0,1.0,-65.0,-69.90090310206077,195.0,188.70145168214543,66.4,60.39991439180002,136.4,142.63385230650417,17.000000000000004,20.820367802573784,136.4,137.17342758546107
337,1.0,0.06,-1.0,-1.0,-125.0,-134.12741316053882,-5.0,-2.9429653259026525,-33.0,-32.35942171593952,-103.0,-112.76454829821986,-21.6,-18.425896695981795,-103.0,-101.46974735453611
189,1.0,0.2,-1.0,1.0,195.0,195.36159353789364,-65.0,-62.033434716786964,128.0,134.08818570453988,58.0,60.52718743697145,128.0,133.93541227782754,20.0,26.72380635424485
355,1.0,0.34,-1.0,-1.0,-125.0,-132.43767198743498,-5.0,2.2649924563943715,-47.0,-44.744163550623476,-117.0,-115.49902796465985,17.600000000000005,21.352821329177495,-117.0,-113.35173395438186
151,1.0,0.12,-1.0,1.0,195.0,198.34613425665455,-65.0,-57.12938489036267,116.80000000000001,119.04361393306887,46.8,43.474076046160604,116.80000000000001,125.6832720728538,24.0,23.342452048062178
82,1.0,0.22,-1.0,1.0,195.0,189.7646833986578,-65.0,-74.20203099082008,130.8,128.09119741911624,60.8,60.64113207005409,130.8,134.82316029661027,19.0,23.724071982066725
478,-1.0,0.46,-1.0,-1.0,-5.0,-5.159439881969581,-125.0,-122.97861496689134,-123.0,-116.80679807549312,-53.0,-49.51387811007785,-123.0,-116.2250194975612,34.400000000000006,37.727728386442315
288,-1.0,0.18,-1.0,1.0,-65.0,-64.39071904547215,195.0,189.4371911880875,55.2,57.33557274739166,125.19999999999999,123.53370890311906,21.000000000000004,22.199204248491785,125.19999999999999,134.55675821084935
313,1.0,0.3,-1.0,-1.0,-125.0,-124.66673518658884,-5.0,-3.227031927692698,-45.0,-40.81687737681913,-115.0,-121.41899760426743,12.0,8.674250820662056,-115.0,-112.09695133268903
193,-1.0,0.18,-1.0,1.0,-65.0,-73.46978361144863,195.0,186.61890588451618,55.2,58.01412305160359,125.19999999999999,133.31050259645448,21.000000000000004,19.5972820801025,125.19999999999999,133.07002189331735
63,1.0,0.24,-1.0,1.0,195.0,197.37016460701855,-65.0,-58.80026991120755,133.6,128.2964122752623,63.599999999999994,66.9230132222883,133.6,133.52614932405314,17.999999999999996,7.421387834561083
184,1.0,0.28,-1.0,1.0,195.0,194.74114882374937,-65.0,-65.62843126978244,139.2,146.7878785198752,69.2,67.65798787150868,139.2,139.2437865581822,16.0,10.272454594123431
156,1.0,0.44,-1.0,1.0,195.0,194.01046277079644,-65.0,-70.37428789989697,161.6,161.51098097160863,91.6,83.40730915189378,161.6,156.26130721206502,8.0,7.949214774386108
497,-1.0,0.16,-1.0,-1.0,-5.0,-4.35215270226529,-125.0,-119.35627756529253,-108.0,-114.30843395861231,-38.0,-41.19333049791359,-108.0,-104.87292370410844,-7.6,-18.042781743334338
408,1.0,0.18,-1.0,-1.0,-125.0,-136.26235996330115,-5.0,-3.956606566989069,-39.0,-48.68016287906428,-109.0,-119.11897180110782,-4.800000000000001,-4.61956977158677,-109.0,-113.89618441159293
40,1.0,0.34,-1.0,1.0,195.0,204.31982218061452,-65.0,-75.47117167285066,147.6,143.55078590229505,77.6,76.78857018365674,147.6,149.93745535335196,12.999999999999993,19.978503356026543
197,-1.0,0.06,-1.0,1.0,-65.0,-71.40500910952592,195.0,194.9502077649674,38.400000000000006,39.04900442238092,108.4,107.85366746943505,27.000000000000004,24.321139849484894,108.4,110.91076700221306
364,1.0,0.02,-1.0,-1.0,-125.0,-129.1071575933549,-5.0,-6.234198477732428,-31.0,-29.29054376391944,-101.0,-101.53156244511797,-27.200000000000003,-26.809502080531697,-101.0,-99.55097431378057
210,-1.0,0.02,-1.0,1.0,-65.0,-73.49203400187922,195.0,190.76211691388534,32.8,30.247164509310913,102.80000000000001,106.20860104311109,29.0,23.944657849149543,102.80000000000001,97.99202510781114
165,1.0,0.08,-1.0,1.0,195.0,189.4452930224254,-65.0,-64.23107567609608,111.19999999999999,106.06160332078463,41.2,40.69588139731482,111.19999999999999,116.08445366086319,26.0,22.377631404414267
94,1.0,0.08,-1.0,1.0,195.0,197.52155255739098,-65.0,-62.070735180249365,111.19999999999999,103.46655998279743,41.2,41.409594972149705,111.19999999999999,112.45110758418924,26.0,32.24912195674566
16,1.0,0.48,-1.0,1.0,195.0,186.80171896745566,-65.0,-63.68712649281704,167.2,164.07071231347157,97.19999999999999,105.61371194527803,167.2,158.40254981198632,5.999999999999993,10.670899640852404
396,1.0,0.46,-1.0,-1.0,-125.0,-119.24108350523355,-5.0,-5.949341597898018,-53.0,-46.56209915338792,-123.0,-121.71830621848858,34.400000000000006,36.52541139311576,-123.0,-117.47994625991042
293,1.0,0.06,-1.0,-1.0,-125.0,-133.4158618394883,-5.0,-11.468158911655486,-33.0,-28.806901057701168,-103.0,-95.35983373790343,-21.6,-19.812808392001763,-103.0,-104.99774687074114
96,1.0,0.08,-1.0,1.0,195.0,190.8903002970299,-65.0,-55.981765909364654,111.19999999999999,118.11994936771686,41.2,46.69695416245977,111.19999999999999,112.6308308895089,26.0,18.13206024698162
187,1.0,0.18,-1.0,1.0,195.0,190.7947618908325,-65.0,-61.82222598047255,125.19999999999999,123.06746244554137,55.2,55.87697495041656,125.19999999999999,129.5162506923941,21.000000000000004,18.05163254604997
398,1.0,0.38,-1.0,-1.0,-125.0,-118.77608279801821,-5.0,1.9044491392205822,-49.0,-57.945399421384934,-119.0,-116.2094115524742,23.200000000000003,21.729152889512154,-119.0,-122.39979831898853
328,1.0,0.24,-1.0,-1.0,-125.0,-120.60571123268618,-5.0,-5.082550025932306,-42.0,-48.87567324630364,-112.0,-112.78742292168998,3.599999999999998,3.136765815664994,-112.0,-113.84084618602226
438,-1.0,0.14,-1.0,-1.0,-5.0,-6.781570850167475,-125.0,-127.05784608092951,-107.0,-108.84967992862825,-37.0,-40.52284355468727,-107.0,-97.04284467119109,-10.399999999999999,-10.28346376160885
456,-1.0,0.46,-1.0,-1.0,-5.0,0.07088258176457174,-125.0,-114.39734190582935,-123.0,-123.30241961735301,-53.0,-55.02503265309662,-123.0,-120.50213381510255,34.400000000000006,31.08329782816717
417,1.0,0.04,-1.0,-1.0,-125.0,-122.82440631213996,-5.0,-2.3490407283833092,-32.0,-27.07499786781279,-102.0,-96.09421066784068,-24.4,-26.06012694386942,-102.0,-102.9060802777991
51,1.0,0.16,-1.0,1.0,195.0,182.31210823952196,-65.0,-68.1167585214171,122.4,127.40864946482014,52.400000000000006,47.90304739088369,122.4,127.55899359341569,22.0,23.047752341621752
258,-1.0,0.5,-1.0,1.0,-65.0,-68.40016742686349,195.0,194.16120346783677,100.0,104.65060066599906,170.0,173.85338368590433,5.0,-2.3424110606198134,170.0,177.73364937675035
474,-1.0,0.16,-1.0,-1.0,-5.0,-4.618004326679099,-125.0,-130.40628054971887,-108.0,-105.96552568901552,-38.0,-41.15719791935001,-108.0,-111.98623144224341,-7.6,-1.2860882427502442
61,1.0,0.3,-1.0,1.0,195.0,194.19167396580585,-65.0,-58.48536176965829,142.0,140.1470422047935,72.0,64.78321530393137,142.0,139.3909770737142,15.0,10.418895635672794
213,1.0,0.32,-1.0,-1.0,-125.0,-126.77974330509595,-5.0,-9.286511908063627,-46.0,-53.54692412564589,-116.0,-115.60216613492958,14.800000000000002,17.808130598831948,-116.0,-124.38979477168655
493,-1.0,0.1,-1.0,-1.0,-5.0,-11.297826095432926,-125.0,-119.47843973630978,-105.0,-111.23655788206456,-35.0,-31.74178803895479,-105.0,-113.61363980506488,-16.0,-15.414930837136588
142,1.0,0.14,-1.0,1.0,195.0,187.0844554069309,-65.0,-64.96107750561929,119.6,122.58401634364856,49.599999999999994,44.88589442007965,119.6,129.44868100589935,22.999999999999996,25.744586629054837
36,1.0,0.04,-1.0,1.0,195.0,194.29600097280232,-65.0,-76.73286599138416,105.6,101.59538535596786,35.6,32.007506645236745,105.6,106.60868699115935,28.0,25.022578665936344
225,-1.0,0.18,-1.0,1.0,-65.0,-63.97251111523447,195.0,200.8646367264408,55.2,58.565021074585715,125.19999999999999,119.97712607370501,21.000000000000004,25.31409384590349,125.19999999999999,121.37950308395074
236,-1.0,0.26,-1.0,1.0,-65.0,-57.62850633415547,195.0,199.66289850109763,66.4,65.50191192515362,136.4,145.10477868073244,17.000000000000004,23.04546577556304,136.4,138.13291472822
301,1.0,0.28,-1.0,-1.0,-125.0,-127.49376647338238,-5.0,-10.989874753432264,-44.0,-38.537228297818295,-114.0,-111.37275518680116,9.200000000000003,9.984884869668656,-114.0,-108.39037475517488
335,1.0,0.3,-1.0,-1.0,-125.0,-123.82355765595823,-5.0,-6.357241344221434,-45.0,-50.073236762976016,-115.0,-111.95369394276173,12.0,14.488429021051456,-115.0,-112.88813973069726
465,-1.0,0.12,-1.0,-1.0,-5.0,-12.812393760469782,-125.0,-136.07907338980183,-106.0,-101.77566962635375,-36.0,-37.856520067313554,-106.0,-97.76860726653109,-13.200000000000001,-10.354652546543598
220,-1.0,0.28,-1.0,1.0,-65.0,-64.1260202124335,195.0,196.71753063652883,69.2,80.11648152595623,139.2,143.4228647265337,16.0,14.321609085431511,139.2,141.81835778626922
341,1.0,0.08,-1.0,-1.0,-125.0,-124.87341708414057,-5.0,-11.990688366838238,-34.0,-25.648749845565177,-104.0,-108.92410873345733,-18.799999999999997,-24.885120093187645,-104.0,-102.91587607834099
311,1.0,0.02,-1.0,-1.0,-125.0,-129.70888789582608,-5.0,-13.182548984487084,-31.0,-32.38500194588684,-101.0,-106.41213394350059,-27.200000000000003,-23.521376689552532,-101.0,-95.67281927557647
129,1.0,0.24,-1.0,1.0,195.0,195.95101199843927,-65.0,-66.23236301017293,133.6,137.2856455811796,63.599999999999994,59.13321057209875,133.6,127.38527103466055,17.999999999999996,20.48735288652356
380,1.0,0.18,-1.0,-1.0,-125.0,-122.06648336602743,-5.0,-0.040183284020668175,-39.0,-43.02166322253987,-109.0,-108.63410102394387,-4.800000000000001,-11.628127601173388,-109.0,-107.74841364456464
411,1.0,0.1,-1.0,-1.0,-125.0,-117.61566315553861,-5.0,-8.16713580071597,-35.0,-37.864832812558056,-105.0,-107.04309605294566,-16.0,-20.258980050322048,-105.0,-102.12246292730013
430,1.0,0.02,-1.0,-1.0,-125.0,-123.8038635670618,-5.0,6.862199631826556,-31.0,-26.8835191786241,-101.0,-93.18774461965133,-27.200000000000003,-23.894178640093006,-101.0,-107.48450015283946
219,-1.0,0.2,-1.0,1.0,-65.0,-73.84328250226608,195.0,203.76637974251685,58.0,59.30095184506809,128.0,125.10190820705226,20.0,19.61869412490773,128.0,129.70464497414633
292,-1.0,0.36,-1.0,1.0,-65.0,-58.18058994470373,195.0,197.05795763418894,80.4,84.84437055401897,150.4,156.79733061512056,12.000000000000007,5.155054378582561,150.4,149.28129896714242
290,-1.0,0.28,-1.0,1.0,-65.0,-64.78083810766535,195.0,191.40015280325625,69.2,73.05906782063683,139.2,139.85251820748667,16.0,24.528204012101178,139.2,140.30379378411834
35,1.0,0.48,-1.0,1.0,195.0,194.22509193089414,-65.0,-64.93607640339837,167.2,164.20439107984905,97.19999999999999,101.89058480615842,167.2,178.05001536844503,5.999999999999993,7.8846463992438895
441,-1.0,0.38,-1.0,-1.0,-5.0,-8.982875237676526,-125.0,-118.06141477192725,-119.0,-115.67580541071239,-49.0,-48.62870755214836,-119.0,-124.89103653492721,23.200000000000003,27.24210636123342
91,1.0,0.02,-1.0,1.0,195.0,196.71522558769078,-65.0,-62.36319315491801,102.80000000000001,101.75838408064033,32.8,39.34546570466583,102.80000000000001,102.80145824799664,29.0,21.35484046509436
354,1.0,0.46,-1.0,-1.0,-125.0,-129.206755499,-5.0,-2.931513406061493,-53.0,-50.09212298327046,-123.0,-121.56869774811081,34.400000000000006,37.59629750937117,-123.0,-123.41981795865934
17,1.0,0.4,-1.0,1.0,195.0,194.2883485996415,-65.0,-63.90748756002855,156.0,160.16422477675556,86.0,82.99278944217377,156.0,159.95344854672553,10.0,7.991095604450391
467,-1.0,0.06,-1.0,-1.0,-5.0,-1.642948209385911,-125.0,-127.46777694656117,-103.0,-102.41582585200973,-33.0,-33.39088337795708,-103.0,-88.72370026348536,-21.6,-31.478126697108923
130,1.0,0.04,-1.0,1.0,195.0,196.00572738236477,-65.0,-65.59653331636282,105.6,96.13801252612755,35.6,32.86037598690468,105.6,110.8136996197423,28.0,27.084104913951567
397,1.0,0.46,-1.0,-1.0,-125.0,-131.51987057587664,-5.0,2.5271561087600114,-53.0,-57.48129651762217,-123.0,-117.9365775448651,34.400000000000006,33.559363206192444,-123.0,-122.5094665394382
407,1.0,0.12,-1.0,-1.0,-125.0,-135.94349422990183,-5.0,-5.483345106771068,-36.0,-39.39682361622262,-106.0,-104.70425759441343,-13.200000000000001,-11.720032035398734,-106.0,-98.60970467824846
370,1.0,0.04,-1.0,-1.0,-125.0,-117.9866351077957,-5.0,-11.791795428891902,-32.0,-27.625792433857743,-102.0,-109.00043663591178,-24.4,-28.625396227645986,-102.0,-104.43259308138997
239,1.0,0.06,-1.0,-1.0,-125.0,-133.00140969162268,-5.0,-1.4532406364577137,-33.0,-31.889004767569485,-103.0,-92.37919107833966,-21.6,-24.125464856726786,-103.0,-110.26506850997363
18,1.0,0.5,-1.0,1.0,195.0,195.09720175636377,-65.0,-76.39462140109151,170.0,165.1794142010605,100.0,104.90811645325417,170.0,164.12408546037443,5.0,4.572812567907123
296,1.0,0.28,-1.0,-1.0,-125.0,-128.91876139219792,-5.0,-2.9087241366082734,-44.0,-42.46485103752255,-114.0,-110.34808555375591,9.200000000000003,1.4157307337973384,-114.0,-115.47040751327627
76,1.0,0.26,-1.0,1.0,195.0,193.1580944545966,-65.0,-65.88048562251436,136.4,132.13483660779835,66.4,64.51126340508623,136.4,131.60162860051602,17.000000000000004,12.871600890297636
384,1.0,0.34,-1.0,-1.0,-125.0,-119.60751082779014,-5.0,-5.2599125460354,-47.0,-51.41572445375742,-117.0,-117.02494609594022,17.600000000000005,23.710751951107277,-117.0,-120.85426783107398
279,1.0,0.2,-1.0,-1.0,-125.0,-126.4775437946605,-5.0,-5.031547591468054,-40.0,-36.68261258851973,-110.0,-114.42793057373436,-2.0,2.680859393794493,-110.0,-118.06280803088316
314,1.0,0.16,-1.0,-1.0,-125.0,-128.8794029358676,-5.0,-9.118761339649122,-38.0,-37.81980115372075,-108.0,-110.91843284171384,-7.6,-17.700558925781404,-108.0,-112.91354296240833
171,1.0,0.32,-1.0,1.0,195.0,198.68882833266412,-65.0,-70.21480544685386,144.8,140.65183712910627,74.8,73.51354301803268,144.8,141.9852661932056,13.999999999999996,17.19664775263122
119,1.0,0.08,-1.0,1.0,195.0,195.62770879393722,-65.0,-62.08259979687594,111.19999999999999,108.17870088814226,41.2,41.86654137770045,111.19999999999999,109.67868310031365,26.0,25.697653801430675
127,1.0,0.42,-1.0,1.0,195.0,198.91540772825553,-65.0,-63.07798293932227,158.8,156.51407388488852,88.8,92.84768784286268,158.8,164.6413464539332,9.0,10.266043403305588
211,-1.0,0.16,-1.0,1.0,-65.0,-64.58869759427758,195.0,192.2412934618463,52.400000000000006,53.54538889353825,122.4,121.4602742847654,22.0,15.715937961484205,122.4,121.77514323402428
194,-1.0,0.1,-1.0,1.0,-65.0,-64.0770345539011,195.0,207.2294213633652,44.0,33.31857295750778,114.0,112.69415270091349,25.0,24.624383076520623,114.0,108.92997163461223
492,-1.0,0.36,-1.0,-1.0,-5.0,0.4952496048456645,-125.0,-128.49145228729031,-118.0,-110.08991843797222,-48.0,-44.15196437648228,-118.0,-122.92691305997845,20.399999999999995,16.60242969300049
480,-1.0,0.18,-1.0,-1.0,-5.0,-3.455362822276779,-125.0,-118.09276597471376,-109.0,-114.79591516066326,-39.0,-46.31809877569809,-109.0,-110.19569331771903,-4.800000000000001,7.416657315518723
2,1.0,0.28,-1.0,1.0,195.0,188.4587061220692,-65.0,-63.00740394697121,139.2,134.58305170749878,69.2,65.22099454557348,139.2,137.0092660275963,16.0,15.964965949967226
207,-1.0,0.02,-1.0,1.0,-65.0,-68.32287920954067,195.0,196.63263254472102,32.8,35.18290035712315,102.80000000000001,96.60204758976973,29.0,28.385542651939634,102.80000000000001,99.39694601509406
268,1.0,0.38,-1.0,-1.0,-125.0,-125.75322301443006,-5.0,2.220817962352008,-49.0,-55.41916480328189,-119.0,-116.24662768382609,23.200000000000003,20.605613879499195,-119.0,-122.79009842053132
103,1.0,0.24,-1.0,1.0,195.0,193.34908608189414,-65.0,-58.24200927199088,133.6,135.40572627451675,63.599999999999994,64.30536822349605,133.6,126.09655813227496,17.999999999999996,17.689461310024566
209,-1.0,0.02,-1.0,1.0,-65.0,-70.0122742476108,195.0,201.83785059940806,32.8,28.42687476124025,102.80000000000001,102.93116510372568,29.0,21.23133309831769,102.80000000000001,110.43078876701156
112,1.0,0.1,-1.0,1.0,195.0,197.7900695808675,-65.0,-59.23334482714821,114.0,125.10165778857079,44.0,46.979260984248356,114.0,114.38792947825905,25.0,32.62369099281182
461,-1.0,0.02,-1.0,-1.0,-5.0,-5.652152680594758,-125.0,-126.97874284461341,-101.0,-98.83392941991146,-31.0,-22.391905527679086,-101.0,-114.0235536574964,-27.200000000000003,-29.41732739656728
469,-1.0,0.22,-1.0,-1.0,-5.0,-6.313861607535444,-125.0,-125.1942500426164,-111.0,-106.42573147031793,-41.0,-48.534973680146834,-111.0,-109.70489668735297,0.7999999999999972,-3.75841354876054
278,1.0,0.24,-1.0,-1.0,-125.0,-126.60704543770017,-5.0,-2.799961548755181,-42.0,-43.383453901905234,-112.0,-119.09703550990112,3.599999999999998,-1.1288273039770118,-112.0,-116.53255918157302
443,-1.0,0.24,-1.0,-1.0,-5.0,-0.09823573344956227,-125.0,-123.46825698963127,-112.0,-115.84903881738612,-42.0,-44.04067433253829,-112.0,-114.2449250691423,3.599999999999998,-2.524593866248394
163,1.0,0.22,-1.0,1.0,195.0,185.64810989972153,-65.0,-61.37651364823509,130.8,137.9419557194972,60.8,65.92685617631194,130.8,131.98254435871635,19.0,16.80564573296211
378,1.0,0.02,-1.0,-1.0,-125.0,-128.2884722625297,-5.0,-8.421468366211,-31.0,-45.94414596749091,-101.0,-95.1234444230006,-27.200000000000003,-28.18173758982666,-101.0,-97.26351252607905
424,1.0,0.14,-1.0,-1.0,-125.0,-123.47873845206624,-5.0,-1.1752507974662652,-37.0,-35.40619582075899,-107.0,-117.28310019164782,-10.399999999999999,-10.04094934674269,-107.0,-112.88511769479561
472,-1.0,0.22,-1.0,-1.0,-5.0,-8.377409785968634,-125.0,-125.6991497214323,-111.0,-116.2653756566959,-41.0,-37.93675910480949,-111.0,-115.95902924118896,0.7999999999999972,-3.0536573777031952
427,1.0,0.32,-1.0,-1.0,-125.0,-130.70557348469455,-5.0,-12.199103122670042,-46.0,-47.35554959154329,-116.0,-116.3144612362196,14.800000000000002,10.996411873295502,-116.0,-118.09797064834132
38,1.0,0.2,-1.0,1.0,195.0,189.35744000549036,-65.0,-61.60939322499145,128.0,127.92595813256446,58.0,60.70650346338845,128.0,138.5020290693779,20.0,16.76307086044352
442,-1.0,0.34,-1.0,-1.0,-5.0,-5.013307477977856,-125.0,-118.36631031834123,-117.0,-117.28552556064984,-47.0,-47.84673911492743,-117.0,-113.03753009140728,17.600000000000005,19.314424670709705
66,1.0,0.32,-1.0,1.0,195.0,195.84812850819506,-65.0,-61.30411923705635,144.8,144.4985011139442,74.8,73.55835552260365,144.8,134.21094379982873,13.999999999999996,8.972193978851795
487,-1.0,0.26,-1.0,-1.0,-5.0,-6.2970655447472605,-125.0,-120.32872399170179,-113.0,-117.94264939160591,-43.0,-36.04878919450448,-113.0,-121.4644854753165,6.400000000000002,11.379324848083526
342,1.0,0.42,-1.0,-1.0,-125.0,-123.18854209624801,-5.0,-7.506067430497241,-51.0,-45.85599103094824,-121.0,-115.92494975344934,28.799999999999997,26.183602841325456,-121.0,-117.43322256945447
43,1.0,0.34,-1.0,1.0,195.0,189.66368340242065,-65.0,-58.56760236112212,147.6,143.57636889214592,77.6,79.95767002611004,147.6,146.9013552223056,12.999999999999993,8.322289925813124
58,1.0,0.4,-1.0,1.0,195.0,196.789725068885,-65.0,-73.50877463225315,156.0,157.1680006704061,86.0,92.2040902056371,156.0,158.40155745068515,10.0,13.457300137701308
118,1.0,0.34,-1.0,1.0,195.0,192.05881205969806,-65.0,-71.43028734323514,147.6,141.82340589666077,77.6,74.60927046055967,147.6,151.1604025268156,12.999999999999993,17.60642700553403
423,1.0,0.44,-1.0,-1.0,-125.0,-127.57606229872142,-5.0,-4.226854277940141,-52.0,-56.64882352232001,-122.0,-127.52062078486982,31.599999999999998,37.03514122484872,-122.0,-120.94619591328167
155,1.0,0.44,-1.0,1.0,195.0,187.04005890351388,-65.0,-66.25288033190381,161.6,157.6882861382451,91.6,85.75428369195181,161.6,165.66770499357855,8.0,11.28034333450586
282,-1.0,0.1,-1.0,1.0,-65.0,-61.61199483352801,195.0,189.4062253802647,44.0,44.709813820348984,114.0,118.55216388746408,25.0,26.273647098362137,114.0,126.62261488179558
362,1.0,0.12,-1.0,-1.0,-125.0,-121.6325192147269,-5.0,-6.512222974347305,-36.0,-30.659041014930565,-106.0,-97.0779315206487,-13.200000000000001,-17.463897440188532,-106.0,-109.1283000545711
392,1.0,0.1,-1.0,-1.0,-125.0,-120.54788885396823,-5.0,-10.99040821615997,-35.0,-37.92572769911781,-105.0,-112.11898492071106,-16.0,-11.309630963176918,-105.0,-114.636753458416
144,1.0,0.3,-1.0,1.0,195.0,199.35103269099702,-65.0,-64.04998879062668,142.0,153.8247347366951,72.0,76.33684543617457,142.0,144.0256114381772,15.0,17.995694075710908
126,1.0,0.06,-1.0,1.0,195.0,197.99080406324197,-65.0,-63.35259557960522,108.4,121.91958393132947,38.400000000000006,33.59390305804931,108.4,113.16869992257762,27.000000000000004,27.254029087606856
44,1.0,0.12,-1.0,1.0,195.0,190.82987040620682,-65.0,-66.58566942358068,116.80000000000001,110.59081513782768,46.8,48.200589767133195,116.80000000000001,111.54796558405636,24.0,21.819261547365713
365,1.0,0.4,-1.0,-1.0,-125.0,-129.0788831880012,-5.0,-16.083869436632774,-50.0,-46.26869639604616,-120.0,-124.2318078843461,26.0,34.46825682163449,-120.0,-128.0698761501319
104,1.0,0.34,-1.0,1.0,195.0,189.64071218682224,-65.0,-62.43414133689868,147.6,143.2992740580157,77.6,76.31044234050952,147.6,141.46561452459733,12.999999999999993,10.064381637873016
140,1.0,0.26,-1.0,1.0,195.0,190.9550066844987,-65.0,-76.91602053251148,136.4,143.21616517905085,66.4,61.975887802953594,136.4,134.3514572418541,17.000000000000004,18.569489183947
226,-1.0,0.16,-1.0,1.0,-65.0,-58.0326597266938,195.0,199.8525201393306,52.400000000000006,53.546264028922764,122.4,122.30747824813506,22.0,24.265339110476038,122.4,122.3701627190062
221,-1.0,0.38,-1.0,1.0,-65.0,-75.2908218714942,195.0,190.3579666076187,83.2,88.35994398716396,153.2,151.35541751453567,11.0,7.348635704728844,153.2,156.27316599652133
67,1.0,0.3,-1.0,1.0,195.0,195.3518946608715,-65.0,-67.51728029681911,142.0,137.80004880300427,72.0,61.80116481745017,142.0,146.48528113207846,15.0,16.61606874421908
449,-1.0,0.44,-1.0,-1.0,-5.0,0.8469644561730503,-125.0,-123.7460420499163,-122.0,-122.25181464644163,-52.0,-40.35816294234887,-122.0,-115.17278451297257,31.599999999999998,34.828177107366905
176,1.0,0.24,-1.0,1.0,195.0,190.21056081677466,-65.0,-67.61662132898412,133.6,140.1519962483357,63.599999999999994,65.81105916258419,133.6,123.59398270762702,17.999999999999996,18.365740596276247
234,-1.0,0.44,-1.0,1.0,-65.0,-54.68962641609298,195.0,197.49783084715648,91.6,89.11470785042079,161.6,155.42835150874606,8.0,0.9511990723846502,161.6,158.69230326162787
57,1.0,0.4,-1.0,1.0,195.0,199.08507521101274,-65.0,-66.24889246687545,156.0,149.61959796887476,86.0,82.58700101368208,156.0,155.58497970442644,10.0,16.68887929031574
482,-1.0,0.44,-1.0,-1.0,-5.0,-7.054974553337029,-125.0,-121.40171957726717,-122.0,-122.81558600788226,-52.0,-53.82315470888494,-122.0,-134.54638675072056,31.599999999999998,35.60490859985731
432,1.0,0.18,-1.0,-1.0,-125.0,-127.7793867648526,-5.0,-2.5759379634489608,-39.0,-32.89575989751762,-109.0,-110.67595838184391,-4.800000000000001,-8.682997271353159,-109.0,-110.20819947437673
468,-1.0,0.38,-1.0,-1.0,-5.0,3.0145933439975323,-125.0,-126.15214384429046,-119.0,-120.84677155765525,-49.0,-40.30517361191308,-119.0,-123.72169510254224,23.200000000000003,21.424230708135138
426,1.0,0.2,-1.0,-1.0,-125.0,-124.68315784604363,-5.0,-4.533939175802517,-40.0,-34.66414039296119,-110.0,-112.49839452535727,-2.0,-4.7884796580308935,-110.0,-107.90244934958763
275,1.0,0.04,-1.0,-1.0,-125.0,-127.01482811539566,-5.0,-2.417117097257144,-32.0,-38.8419081387101,-102.0,-97.32403069886486,-24.4,-16.93549771262368,-102.0,-104.42600306106579
345,1.0,0.24,-1.0,-1.0,-125.0,-120.3668047344654,-5.0,-6.2468206133313,-42.0,-45.379795912547536,-112.0,-112.00402081788995,3.599999999999998,10.807867808698946,-112.0,-111.9989879034714
272,1.0,0.48,-1.0,-1.0,-125.0,-127.53318411230902,-5.0,-6.878795342838954,-54.0,-63.073242536993625,-124.0,-123.55401896729926,37.2,44.991069467488614,-124.0,-127.34169373438547
303,1.0,0.36,-1.0,-1.0,-125.0,-126.11112237372697,-5.0,-6.256123259299925,-48.0,-41.81756315058589,-118.0,-113.0517281008142,20.399999999999995,13.193219427053917,-118.0,-117.39272345097967
307,1.0,0.32,-1.0,-1.0,-125.0,-129.06597170718817,-5.0,-6.021044267127864,-46.0,-40.32114064801152,-116.0,-122.24332456459604,14.800000000000002,9.158239119885494,-116.0,-115.95136308145464
360,1.0,0.5,-1.0,-1.0,-125.0,-127.41783108956645,-5.0,-6.67680356130243,-55.0,-53.797813772762346,-125.0,-123.79835584492857,40.0,46.39890487268198,-125.0,-111.61313216190499
113,1.0,0.42,-1.0,1.0,195.0,195.79641370584147,-65.0,-63.88439745812848,158.8,153.4629071177392,88.8,92.17119680709938,158.8,163.0686576369128,9.0,13.427342344975553
22,1.0,0.38,-1.0,1.0,195.0,190.46348316161695,-65.0,-71.79162644818237,153.2,154.50175220095934,83.2,86.25598040541105,153.2,153.97675994509942,11.0,16.541207239684386
294,1.0,0.24,-1.0,-1.0,-125.0,-123.738757678009,-5.0,-13.819390251564574,-42.0,-39.97902508935838,-112.0,-105.01815548229578,3.599999999999998,8.243928835318755,-112.0,-107.64239289349409
361,1.0,0.28,-1.0,-1.0,-125.0,-122.74432707150525,-5.0,-4.658904244576166,-44.0,-39.33530572248124,-114.0,-115.97308724834078,9.200000000000003,5.5634689723853405,-114.0,-117.87698411746541
264,-1.0,0.14,-1.0,1.0,-65.0,-63.43789667472597,195.0,189.1750575607634,49.599999999999994,43.42515423613396,119.6,114.36495539010183,22.999999999999996,17.372716745746125,119.6,117.75888324683292
402,1.0,0.04,-1.0,-1.0,-125.0,-127.51017636706062,-5.0,-8.768275942059137,-32.0,-34.127269572634354,-102.0,-90.32341352083134,-24.4,-26.824913879204107,-102.0,-102.92816697215957
174,1.0,0.28,-1.0,1.0,195.0,203.21754123472604,-65.0,-68.1871903679092,139.2,136.57392544805253,69.2,70.15628942605227,139.2,141.30359399310913,16.0,12.123900769675123
120,1.0,0.5,-1.0,1.0,195.0,200.58851449184183,-65.0,-65.74657617461521,170.0,171.17711594480684,100.0,101.7040942743855,170.0,163.59601286530477,5.0,1.3970977100098625
270,1.0,0.02,-1.0,-1.0,-125.0,-130.15787207050624,-5.0,-9.267284548648501,-31.0,-39.84038150472179,-101.0,-102.56614112085057,-27.200000000000003,-32.045324847481794,-101.0,-99.81316448414614
135,1.0,0.22,-1.0,1.0,195.0,197.34256190129022,-65.0,-68.74074594993132,130.8,125.13926451183815,60.8,55.61014774734235,130.8,139.42784900493766,19.0,20.35805204355121
379,1.0,0.5,-1.0,-1.0,-125.0,-128.59015388253678,-5.0,-4.535692796373456,-55.0,-47.72209752958691,-125.0,-121.48111275293823,40.0,34.592654876664156,-125.0,-130.52374433150774
256,1.0,0.06,-1.0,-1.0,-125.0,-123.83919728198275,-5.0,-9.947448536616474,-33.0,-29.414944906733286,-103.0,-100.13087177976959,-21.6,-13.908135642626288,-103.0,-104.81934013560756
455,-1.0,0.4,-1.0,-1.0,-5.0,-3.688889883825109,-125.0,-118.99131749022504,-120.0,-119.58156360631943,-50.0,-49.24344090043356,-120.0,-120.86639955137407,26.0,26.129054532402225
114,1.0,0.38,-1.0,1.0,195.0,195.13611488331856,-65.0,-62.88749050924236,153.2,160.6908632966019,83.2,81.73271386411383,153.2,150.53352553507088,11.0,13.904062940139829
488,-1.0,0.28,-1.0,-1.0,-5.0,-11.803657208354574,-125.0,-120.59181490894774,-114.0,-125.04731650403879,-44.0,-47.317430069844484,-114.0,-114.42519186330694,9.200000000000003,-0.4594595137589934
203,-1.0,0.5,-1.0,1.0,-65.0,-61.041001285533326,195.0,192.75736059398304,100.0,98.55754819733629,170.0,167.8972117628811,5.0,2.2677961946368437,170.0,171.5248512876535
376,1.0,0.5,-1.0,-1.0,-125.0,-127.12519609863095,-5.0,-3.3218434884726777,-55.0,-41.84337354759927,-125.0,-126.82160785127972,40.0,31.430528561372093,-125.0,-121.6259467644249
454,-1.0,0.32,-1.0,-1.0,-5.0,0.8852470054531549,-125.0,-120.446856837576,-116.0,-119.39947883139303,-46.0,-45.52489839987556,-116.0,-116.80005305677452,14.800000000000002,3.0788338322751247
183,1.0,0.34,-1.0,-1.0,-125.0,-130.1757197306618,-5.0,-3.819394114622123,-47.0,-44.0136388821136,-117.0,-119.86649897184653,17.600000000000005,19.129239852442616,-117.0,-113.95852305247377
312,1.0,0.04,-1.0,-1.0,-125.0,-129.31585888978282,-5.0,-7.950434552737274,-32.0,-29.820669189895185,-102.0,-100.45811279126696,-24.4,-20.989243628500486,-102.0,-100.80407435901796
241,-1.0,0.5,-1.0,1.0,-65.0,-57.957867034630645,195.0,197.14506135240558,100.0,93.62403316690549,170.0,167.12411217757827,5.0,4.049203893470311,170.0,168.5048724350334
436,1.0,0.2,-1.0,-1.0,-125.0,-130.63007952148232,-5.0,-10.531736673075596,-40.0,-36.71318855821107,-110.0,-107.6467223817284,-2.0,-7.510660735881524,-110.0,-109.73896406545161
356,1.0,0.38,-1.0,-1.0,-125.0,-122.78821220098891,-5.0,-6.164488464437071,-49.0,-50.44038083286095,-119.0,-110.72606483735795,23.200000000000003,29.27947836866894,-119.0,-119.34607996962927
462,-1.0,0.48,-1.0,-1.0,-5.0,-16.479351527616732,-125.0,-113.18386722767033,-124.0,-130.00693505041608,-54.0,-61.08741956023666,-124.0,-131.10514132234619,37.2,29.92721293833987
471,-1.0,0.42,-1.0,-1.0,-5.0,-1.8589939686196226,-125.0,-125.85345459420962,-121.0,-122.30759463563749,-51.0,-51.528457517686505,-121.0,-112.18973622095041,28.799999999999997,35.80388201472583
215,-1.0,0.42,-1.0,1.0,-65.0,-63.291683196348394,195.0,191.1719354951452,88.8,89.47516216397004,158.8,165.55904098158996,9.0,-0.11174914725216567,158.8,163.36136096215952
452,-1.0,0.5,-1.0,-1.0,-5.0,-14.771870198470596,-125.0,-121.57644813337988,-125.0,-134.87168393364186,-55.0,-49.9921451261014,-125.0,-123.93131646120928,40.0,35.547110555480316
340,1.0,0.4,-1.0,-1.0,-125.0,-125.08687376320273,-5.0,-15.554406120688622,-50.0,-38.93231290248946,-120.0,-112.82755314989986,26.0,26.143334904335266,-120.0,-121.70298852115225
315,1.0,0.4,-1.0,-1.0,-125.0,-136.0736923173213,-5.0,-2.081209577031527,-50.0,-45.231551142705854,-120.0,-128.5695604253644,26.0,20.35544344266288,-120.0,-125.20304183437798
421,1.0,0.38,-1.0,-1.0,-125.0,-114.22889713699867,-5.0,-3.7014802751230915,-49.0,-46.790065455173576,-119.0,-120.50479901302933,23.200000000000003,18.955655765587682,-119.0,-121.0490942287373
106,1.0,0.3,-1.0,1.0,195.0,192.33813680989195,-65.0,-67.53217303987404,142.0,141.11747791433802,72.0,73.62474413996203,142.0,135.6269249042489,15.0,16.05154038810676
42,1.0,0.48,-1.0,1.0,195.0,181.69168977949403,-65.0,-58.055737696144746,167.2,167.6671950867645,97.19999999999999,97.00423594370127,167.2,162.28312117455593,5.999999999999993,8.348558885614091
419,1.0,0.26,-1.0,-1.0,-125.0,-130.0970721264934,-5.0,-2.7789637326117993,-43.0,-44.89631976244412,-113.0,-110.02128951166787,6.400000000000002,-0.6087724026583086,-113.0,-119.11757862195171
428,1.0,0.26,-1.0,-1.0,-125.0,-130.26736126039094,-5.0,0.585466895338075,-43.0,-37.779018992929984,-113.0,-113.08088938465498,6.400000000000002,7.689394789990686,-113.0,-107.30043384150355
128,1.0,0.02,-1.0,1.0,195.0,194.91932509026415,-65.0,-72.09172390567782,102.80000000000001,103.04304883677457,32.8,32.87067173949556,102.80000000000001,107.77866099824512,29.0,36.37580666907154
416,1.0,0.28,-1.0,-1.0,-125.0,-119.4005701408481,-5.0,0.30573873980183386,-44.0,-45.08195239569798,-114.0,-114.75531823732031,9.200000000000003,12.563341971701455,-114.0,-122.77248471161599
159,1.0,0.48,-1.0,1.0,195.0,193.90114020901774,-65.0,-76.42417626072407,167.2,174.47464227745414,97.19999999999999,94.52421990749559,167.2,165.9088694204455,5.999999999999993,10.902815931627673
70,1.0,0.16,-1.0,1.0,195.0,193.33611442051355,-65.0,-54.07118347078615,122.4,119.7625707850674,52.400000000000006,53.91790383823098,122.4,123.08309382813236,22.0,20.394287444400163
93,1.0,0.16,-1.0,1.0,195.0,197.15185328878707,-65.0,-61.875647107759804,122.4,120.26951565036957,52.400000000000006,50.12018762935185,122.4,117.72229104148455,22.0,26.168127257545237
121,1.0,0.14,-1.0,1.0,195.0,198.38647952406143,-65.0,-64.36710405709117,119.6,120.53036385213485,49.599999999999994,50.717688076329,119.6,124.36483556456082,22.999999999999996,20.44410779396576
401,1.0,0.42,-1.0,-1.0,-125.0,-118.2241511693537,-5.0,0.08351876177414486,-51.0,-57.5914221719612,-121.0,-121.09159503008426,28.799999999999997,23.830802886939132,-121.0,-114.80095491881433
137,1.0,0.24,-1.0,1.0,195.0,198.37631413002617,-65.0,-53.599694943030336,133.6,133.34044248560383,63.599999999999994,59.17712366806707,133.6,138.77778440421932,17.999999999999996,15.223247674056662
190,1.0,0.02,-1.0,1.0,195.0,186.47400382257618,-65.0,-70.77958478029934,102.80000000000001,103.07487553457916,32.8,32.99866220744882,102.80000000000001,98.21474606210066,29.0,29.83903398404667
252,1.0,0.48,-1.0,-1.0,-125.0,-129.10475549417203,-5.0,1.7103534892655778,-54.0,-63.58057356163452,-124.0,-126.161597751476,37.2,32.567959029194114,-124.0,-121.80268178924088
230,-1.0,0.2,-1.0,1.0,-65.0,-68.38742557814712,195.0,198.46465365720132,58.0,55.45690086811124,128.0,133.00847229081708,20.0,27.08281622876215,128.0,129.68161968196856
227,1.0,0.3,-1.0,-1.0,-125.0,-130.53284097016825,-5.0,-4.915320180020584,-45.0,-39.555126054168014,-115.0,-113.89007405280313,12.0,8.841088927338326,-115.0,-117.10293142531404
37,1.0,0.02,-1.0,1.0,195.0,201.98409866969067,-65.0,-70.26243741726998,102.80000000000001,97.80553941082661,32.8,32.93570597983567,102.80000000000001,94.6208800780447,29.0,17.388928172165954
405,1.0,0.08,-1.0,-1.0,-125.0,-131.3890178250134,-5.0,-8.105278097297234,-34.0,-34.21137628698913,-104.0,-97.0130932487,-18.799999999999997,-15.456817635957105,-104.0,-101.2619589229571
336,1.0,0.06,-1.0,-1.0,-125.0,-117.02278441473203,-5.0,-1.5976874170344764,-33.0,-38.765295402024535,-103.0,-110.53373161117291,-21.6,-12.53661307755317,-103.0,-94.05985760828942
102,1.0,0.22,-1.0,1.0,195.0,186.4635668815963,-65.0,-56.5678325816186,130.8,128.53304065183056,60.8,52.5342323936713,130.8,135.71543386572145,19.0,31.30774315871365
68,1.0,0.1,-1.0,1.0,195.0,190.919569108177,-65.0,-69.690325137544,114.0,114.19185349436823,44.0,39.35659712140418,114.0,113.58134355980806,25.0,26.545792377827482
9,1.0,0.46,-1.0,1.0,195.0,194.77491687050795,-65.0,-61.76212375825545,164.4,162.19406980946073,94.4,101.97973843794705,164.4,162.1233019104861,7.0,5.774315190573579
363,1.0,0.34,-1.0,-1.0,-125.0,-128.10103880020344,-5.0,-3.454734395208634,-47.0,-50.91975519722535,-117.0,-120.1296183896728,17.600000000000005,19.674113999206348,-117.0,-122.53762379968582
255,1.0,0.02,-1.0,-1.0,-125.0,-128.16462102040444,-5.0,-16.830536236483148,-31.0,-32.45724952682328,-101.0,-95.65915853661488,-27.200000000000003,-30.449296141360776,-101.0,-100.34541686991913
23,1.0,0.1,-1.0,1.0,195.0,193.00045348266886,-65.0,-73.83210718571661,114.0,112.55625934357006,44.0,51.151791754430725,114.0,115.42371556747763,25.0,19.037949072338865
166,1.0,0.3,-1.0,-1.0,-125.0,-127.41597016543986,-5.0,-2.622333026808463,-45.0,-39.1823481114454,-115.0,-111.83176373850601,12.0,9.87506406518736,-115.0,-118.95840242786632
100,1.0,0.36,-1.0,1.0,195.0,192.79235553920802,-65.0,-63.813836225796805,150.4,148.56280396536832,80.4,77.38421701762198,150.4,150.15975904995443,12.000000000000007,-1.9157936884393187
244,-1.0,0.26,-1.0,1.0,-65.0,-68.03357063206312,195.0,186.83338842279926,66.4,68.52764134926909,136.4,139.90471637298396,17.000000000000004,9.567792985231254,136.4,143.818772437345
72,1.0,0.3,-1.0,1.0,195.0,206.39427596707392,-65.0,-75.69309414467894,142.0,138.5297164949157,72.0,77.53614649396226,142.0,140.09152277863456,15.0,21.489542363874957
62,1.0,0.08,-1.0,1.0,195.0,190.4108934631882,-65.0,-70.86360395340785,111.19999999999999,110.54977334483587,41.2,47.21279197508569,111.19999999999999,104.73991194013851,26.0,22.435667734505124
160,1.0,0.32,-1.0,1.0,195.0,196.6106221812069,-65.0,-66.57130924038898,144.8,150.23909191378033,74.8,77.77883679976058,144.8,138.05305226994747,13.999999999999996,5.640730447918466
330,1.0,0.22,-1.0,-1.0,-125.0,-131.65821576888982,-5.0,-1.2796314336829617,-41.0,-45.615855952564544,-111.0,-112.11772462439035,0.7999999999999972,4.160471963865419,-111.0,-108.8061576909957
390,1.0,0.32,-1.0,-1.0,-125.0,-118.11778624403343,-5.0,-8.595335572580227,-46.0,-49.15238225676099,-116.0,-122.38251548573707,14.800000000000002,13.263126042752976,-116.0,-108.7478276006021
317,1.0,0.34,-1.0,-1.0,-125.0,-117.45266843899378,-5.0,-3.744097747365788,-47.0,-45.936315640532754,-117.0,-110.0391648112188,17.600000000000005,16.602678894749687,-117.0,-110.79680102992033
6,1.0,0.24,-1.0,1.0,195.0,195.74273300052027,-65.0,-63.95840544135131,133.6,130.44929315043723,63.599999999999994,59.12780535217752,133.6,137.334302130535,17.999999999999996,16.008779435072825
280,-1.0,0.36,-1.0,1.0,-65.0,-67.11157266602768,195.0,200.50016873950952,80.4,76.62385719330008,150.4,147.72549023805163,12.000000000000007,19.204629788792246,150.4,153.83268681876942
245,1.0,0.4,-1.0,-1.0,-125.0,-130.14021121381217,-5.0,-5.202964925136534,-50.0,-52.74640741583079,-120.0,-123.8114620000525,26.0,26.76426005865774,-120.0,-124.64058351507883
65,1.0,0.04,-1.0,1.0,195.0,198.82831948789172,-65.0,-72.16296777294207,105.6,116.67216534495861,35.6,39.72584801119931,105.6,104.10353923093561,28.0,26.15346031694036
34,1.0,0.4,-1.0,1.0,195.0,195.40808076957748,-65.0,-70.67939247693954,156.0,160.47140162896662,86.0,82.7220530375267,156.0,154.0869338679182,10.0,7.919450911706601
391,1.0,0.26,-1.0,-1.0,-125.0,-111.80492100534836,-5.0,-1.0622311174153065,-43.0,-38.58306978111608,-113.0,-114.70442733868647,6.400000000000002,7.059718606170097,-113.0,-118.43743997091583
490,-1.0,0.26,-1.0,-1.0,-5.0,-2.25034564892278,-125.0,-124.75415220968739,-113.0,-115.32633698501432,-43.0,-48.55187785227504,-113.0,-106.87268555699931,6.400000000000002,12.928462319134754
451,-1.0,0.12,-1.0,-1.0,-5.0,-2.47848499750059,-125.0,-127.78854660893103,-106.0,-110.37023616692383,-36.0,-34.53500573353358,-106.0,-103.1410135537172,-13.200000000000001,-15.932871125184066
175,1.0,0.2,-1.0,1.0,195.0,195.63390435424148,-65.0,-67.51523373349303,128.0,119.47049696785426,58.0,65.20318772580316,128.0,131.79786635598165,20.0,23.435888971728453
273,1.0,0.16,-1.0,-1.0,-125.0,-131.64665706848723,-5.0,-6.825095657063189,-38.0,-35.610771365744384,-108.0,-107.88150208107466,-7.6,-15.074604382058954,-108.0,-108.46564837514042
55,1.0,0.14,-1.0,1.0,195.0,197.80271430932092,-65.0,-64.14044038490435,119.6,112.2812109033845,49.599999999999994,52.841305050688625,119.6,114.79775464409818,22.999999999999996,23.801217794602735
321,1.0,0.42,-1.0,-1.0,-125.0,-129.8740768148457,-5.0,-10.765879754746033,-51.0,-38.77309621586669,-121.0,-121.82945484120887,28.799999999999997,27.871826809719057,-121.0,-120.00726518724927
353,1.0,0.36,-1.0,-1.0,-125.0,-124.89000689180995,-5.0,-0.8553559941363522,-48.0,-60.14018758415333,-118.0,-119.96121841112131,20.399999999999995,27.248651788890044,-118.0,-121.5560533847035
486,-1.0,0.04,-1.0,-1.0,-5.0,-0.8402869163070514,-125.0,-123.98222646969741,-102.0,-104.26068198818443,-32.0,-31.228434685734594,-102.0,-96.44213793373498,-24.4,-32.19012569742087
89,1.0,0.38,-1.0,1.0,195.0,192.43246054035748,-65.0,-59.75451309822019,153.2,163.36314672760045,83.2,71.07244984116234,153.2,155.3818316494587,11.0,13.47833392537089
5,1.0,0.04,-1.0,1.0,195.0,195.41623878986564,-65.0,-63.2374993086855,105.6,109.26453792821943,35.6,35.7080107657956,105.6,108.75174843953657,28.0,24.393253905871703
499,-1.0,0.32,-1.0,-1.0,-5.0,-10.66665129254355,-125.0,-123.54060113357194,-116.0,-118.52381233747411,-46.0,-48.280631181000174,-116.0,-113.19618485103452,14.800000000000002,11.608958293314407
152,1.0,0.12,-1.0,1.0,195.0,203.70118847563447,-65.0,-71.6763622877151,116.80000000000001,125.09861074062304,46.8,48.26009110119847,116.80000000000001,120.40633537859254,24.0,28.493032455691058
386,1.0,0.26,-1.0,-1.0,-125.0,-124.11552694740737,-5.0,-11.605908327963391,-43.0,-45.83284038367871,-113.0,-117.54351869965404,6.400000000000002,4.944160665821329,-113.0,-122.36389498452337
425,1.0,0.4,-1.0,-1.0,-125.0,-128.25208520045993,-5.0,-5.052388754411926,-50.0,-45.73988679763209,-120.0,-117.65274572061632,26.0,34.73443709416547,-120.0,-122.48089469672318
164,1.0,0.38,-1.0,1.0,195.0,200.61848982293589,-65.0,-67.09620645657087,153.2,158.2439287861375,83.2,88.9511573851211,153.2,154.33107780799088,11.0,-0.34197636149597166
138,1.0,0.48,-1.0,1.0,195.0,190.58756293936673,-65.0,-68.08451055347685,167.2,172.49044658502874,97.19999999999999,91.64108076718868,167.2,166.8213177922642,5.999999999999993,11.215139233700434
87,1.0,0.42,-1.0,1.0,195.0,194.30961381959258,-65.0,-60.350253618767894,158.8,160.1368290033147,88.8,81.89778571495218,158.8,152.03120274763765,9.0,7.20828223264383
395,1.0,0.38,-1.0,-1.0,-125.0,-119.24600333367248,-5.0,-0.9662671082861598,-49.0,-50.8889779567423,-119.0,-120.56190234707103,23.200000000000003,30.01880804013753,-119.0,-119.40471602741167
191,-1.0,0.02,-1.0,1.0,-65.0,-68.80100490210536,195.0,192.54568282214592,32.8,33.33376790566401,102.80000000000001,104.3844665097721,29.0,31.782462506973335,102.80000000000001,107.85445013701809
52,1.0,0.12,-1.0,1.0,195.0,189.55450658195107,-65.0,-62.78985649584813,116.80000000000001,118.36432476157114,46.8,44.41759832493661,116.80000000000001,109.53668518320721,24.0,23.211637725650974
358,1.0,0.02,-1.0,-1.0,-125.0,-121.87565718609135,-5.0,-7.5595722318785175,-31.0,-28.62539592095206,-101.0,-97.51268179906084,-27.200000000000003,-39.18130722131116,-101.0,-102.8226051695853
188,1.0,0.12,-1.0,1.0,195.0,187.46890315642338,-65.0,-61.61897402334821,116.80000000000001,121.68635470024101,46.8,42.808467091698056,116.80000000000001,113.7139306951459,24.0,19.65070237644879
429,1.0,0.5,-1.0,-1.0,-125.0,-130.0785132553787,-5.0,-10.835393752313252,-55.0,-46.98771474647354,-125.0,-122.04832810511972,40.0,33.661767396310125,-125.0,-122.71705388902467
453,-1.0,0.46,-1.0,-1.0,-5.0,-11.051292187734365,-125.0,-117.3968683917449,-123.0,-114.35287532551533,-53.0,-53.31116783814264,-123.0,-127.19360245687265,34.400000000000006,35.815834274826265
393,1.0,0.18,-1.0,-1.0,-125.0,-130.52782207071314,-5.0,-4.425520470914432,-39.0,-40.3778918525556,-109.0,-113.8437608718705,-4.800000000000001,-11.862527790402325,-109.0,-106.68765161813964
237,-1.0,0.44,-1.0,1.0,-65.0,-60.73388474186868,195.0,196.68939476514305,91.6,82.96091644546296,161.6,160.8170054720775,8.0,6.56955303092279,161.6,168.88508665130038
205,-1.0,0.18,-1.0,1.0,-65.0,-56.27799292892455,195.0,199.9886808512439,55.2,51.83650812647411,125.19999999999999,126.28632970338847,21.000000000000004,28.5099413456214,125.19999999999999,128.33861056559138
271,-1.0,0.5,-1.0,1.0,-65.0,-62.29408497398803,195.0,189.51787013852876,100.0,102.39740350775686,170.0,170.9785427918487,5.0,3.31002955809383,170.0,167.58777798096264
284,1.0,0.12,-1.0,-1.0,-125.0,-128.57520687630407,-5.0,-0.7077137364363271,-36.0,-37.618470422928176,-106.0,-105.06177996606854,-13.200000000000001,-10.435655260723145,-106.0,-106.21260405806447
269,1.0,0.2,-1.0,-1.0,-125.0,-127.88438499178208,-5.0,-0.8589264528633329,-40.0,-37.43421220734125,-110.0,-113.02766747603661,-2.0,-9.124469313170056,-110.0,-111.58323294179036
179,1.0,0.4,-1.0,1.0,195.0,199.1556298467121,-65.0,-61.30690043689478,156.0,163.71048947213052,86.0,91.90305866755175,156.0,156.77594141172688,10.0,9.13621223067297
217,-1.0,0.44,-1.0,1.0,-65.0,-72.53923705570263,195.0,196.69837081847203,91.6,98.13636852655092,161.6,162.9315870041122,8.0,8.98527923487075,161.6,157.60164390539035
60,1.0,0.06,-1.0,1.0,195.0,194.66056474929766,-65.0,-68.6211768106254,108.4,100.91085544152462,38.400000000000006,35.4111306821425,108.4,108.49799542052746,27.000000000000004,20.16513338641826
12,1.0,0.06,-1.0,1.0,195.0,197.6914226406871,-65.0,-64.98117829489078,108.4,112.2864760042618,38.400000000000006,36.00633322577147,108.4,112.77977673694886,27.000000000000004,32.81464932412187
54,1.0,0.14,-1.0,1.0,195.0,193.82619163075495,-65.0,-59.53208120024657,119.6,112.78281828216727,49.599999999999994,46.93554733671364,119.6,117.32499972977755,22.999999999999996,14.863042111065363
134,1.0,0.5,-1.0,1.0,195.0,185.51346375227175,-65.0,-72.01094738274057,170.0,171.33505798723345,100.0,109.41363860164496,170.0,169.57134458149142,5.0,0.8429936306252124
95,1.0,0.38,-1.0,1.0,195.0,198.31675431944214,-65.0,-67.54687580967992,153.2,153.1293085748593,83.2,68.9812275969725,153.2,154.22907257572618,11.0,13.886353813730627
289,-1.0,0.36,-1.0,1.0,-65.0,-71.54456236908032,195.0,198.14017706306308,80.4,79.22307655188125,150.4,145.93310426082346,12.000000000000007,19.696702184220708,150.4,147.67738888281875
324,1.0,0.28,-1.0,-1.0,-125.0,-125.12475325963288,-5.0,-19.400853169174773,-44.0,-39.45285979072994,-114.0,-112.89189596349655,9.200000000000003,6.268739179856228,-114.0,-112.33638697286156
495,-1.0,0.36,-1.0,-1.0,-5.0,-1.1566505409405452,-125.0,-122.97374377745408,-118.0,-113.46104219139568,-48.0,-44.172656875087725,-118.0,-110.46398514193804,20.399999999999995,20.550328416796212
31,1.0,0.04,-1.0,1.0,195.0,186.68411626014705,-65.0,-61.51560869582496,105.6,106.56663976869362,35.6,40.47436737713609,105.6,97.24157290034324,28.0,24.07380147495084
28,1.0,0.14,-1.0,1.0,195.0,193.2062993526196,-65.0,-70.42919826140077,119.6,118.23065348201469,49.599999999999994,46.26401723754079,119.6,115.82620007652739,22.999999999999996,26.713028153393505
20,1.0,0.34,-1.0,1.0,195.0,191.33339512657201,-65.0,-69.37483655777802,147.6,146.9210690808739,77.6,83.51515267250706,147.6,143.9548023862652,12.999999999999993,14.014014258417589
332,1.0,0.26,-1.0,-1.0,-125.0,-128.92216728636046,-5.0,-9.182189487509628,-43.0,-45.36014810317408,-113.0,-119.78991972293086,6.400000000000002,3.5657992367966167,-113.0,-117.45128665193987
498,-1.0,0.42,-1.0,-1.0,-5.0,-14.414574761717166,-125.0,-122.52170951465234,-121.0,-119.24632119364479,-51.0,-47.307994606087064,-121.0,-121.50915318651637,28.799999999999997,28.38510601445152
185,1.0,0.08,-1.0,1.0,195.0,194.73318990575171,-65.0,-57.54480936078605,111.19999999999999,117.67562259496265,41.2,44.20028823893011,111.19999999999999,114.27447505151619,26.0,29.885335311988136
247,1.0,0.06,-1.0,-1.0,-125.0,-121.80266679292744,-5.0,-7.3730749171203716,-33.0,-33.65894724046467,-103.0,-102.55712077329707,-21.6,-17.427166570542944,-103.0,-105.067116288173
170,1.0,0.12,-1.0,1.0,195.0,199.40919022259794,-65.0,-74.96241303214767,116.80000000000001,119.10407208822986,46.8,44.099093572646005,116.80000000000001,119.08289714369435,24.0,20.916166593262407
111,1.0,0.42,-1.0,1.0,195.0,199.79593985919573,-65.0,-66.46131551429251,158.8,160.99629283671496,88.8,91.60088155895413,158.8,157.71755875318533,9.0,7.715611549951612
260,1.0,0.48,-1.0,-1.0,-125.0,-126.46065894921328,-5.0,-1.368762732875135,-54.0,-50.82041605217609,-124.0,-121.11304785955579,37.2,44.87357376033792,-124.0,-122.64952971025238
46,1.0,0.3,-1.0,1.0,195.0,189.39080736820273,-65.0,-62.706393575005485,142.0,140.16143342400895,72.0,76.97001238413888,142.0,144.7738248254343,15.0,14.892189959023591
117,1.0,0.42,-1.0,1.0,195.0,200.7185519897118,-65.0,-59.499614402578125,158.8,150.14137846518776,88.8,91.70798614388656,158.8,164.5831223421414,9.0,2.43352024710469
110,1.0,0.32,-1.0,1.0,195.0,195.22225953957513,-65.0,-60.12883145219324,144.8,148.32076655312628,74.8,71.07179715958678,144.8,152.42006416558118,13.999999999999996,4.660967256691132
431,1.0,0.3,-1.0,-1.0,-125.0,-121.45709026294892,-5.0,3.743504327746015,-45.0,-39.375766104941306,-115.0,-119.20051521888504,12.0,11.658730083666027,-115.0,-115.2506873423913
218,-1.0,0.02,-1.0,1.0,-65.0,-73.76686486367554,195.0,195.17244221574714,32.8,36.86360713154104,102.80000000000001,102.05734842811677,29.0,30.068018034427304,102.80000000000001,107.89640405582709
494,-1.0,0.16,-1.0,-1.0,-5.0,5.523484531200257,-125.0,-129.50239088386505,-108.0,-110.90881815765006,-38.0,-39.04955391347496,-108.0,-109.07941135433157,-7.6,-5.4219900963844045
348,1.0,0.2,-1.0,-1.0,-125.0,-115.77124239976959,-5.0,-11.631372966022354,-40.0,-38.33691972662316,-110.0,-121.89098023760317,-2.0,4.0278574490313925,-110.0,-115.64569523748177
310,1.0,0.02,-1.0,-1.0,-125.0,-128.84958408848988,-5.0,-0.651271451442522,-31.0,-38.54215249066198,-101.0,-97.11175886327072,-27.200000000000003,-30.75056170712221,-101.0,-98.3917690206895
414,1.0,0.18,-1.0,-1.0,-125.0,-126.2548238438777,-5.0,-7.982369146123045,-39.0,-43.21177179716816,-109.0,-104.53050172134701,-4.800000000000001,-5.021160549971832,-109.0,-109.29220041164994
71,1.0,0.2,-1.0,1.0,195.0,194.7598421091475,-65.0,-65.70857230790288,128.0,130.73864099664442,58.0,60.07354735830263,128.0,129.40524802575035,20.0,22.54796326222695
318,-1.0,0.18,-1.0,1.0,-65.0,-66.40689455966027,195.0,195.49256469159457,55.2,58.864248223084914,125.19999999999999,128.60935837202922,21.000000000000004,25.128710760718736,125.19999999999999,123.78177556549983
352,1.0,0.1,-1.0,-1.0,-125.0,-127.35641098562131,-5.0,-6.147653813345804,-35.0,-32.82753352129667,-105.0,-104.86610317259965,-16.0,-6.182742509204214,-105.0,-96.324701855554
496,-1.0,0.28,-1.0,-1.0,-5.0,-13.316544557671087,-125.0,-130.23353175559416,-114.0,-114.15083123828742,-44.0,-44.96024021457274,-114.0,-112.92489607501075,9.200000000000003,11.913928638511763
263,-1.0,0.46,-1.0,1.0,-65.0,-64.24928938232611,195.0,194.1972521151469,94.4,91.41756230879992,164.4,161.3106005173176,7.0,0.5258122897360247,164.4,168.01131314156154
98,1.0,0.3,-1.0,1.0,195.0,188.80566872572788,-65.0,-53.7424809312196,142.0,145.9792700026645,72.0,75.70110197199044,142.0,141.3829221408769,15.0,17.559860929028705
254,1.0,0.12,-1.0,-1.0,-125.0,-131.67998743845152,-5.0,-1.681335693931076,-36.0,-34.32499432075695,-106.0,-104.68288461771509,-13.200000000000001,-20.160622796918464,-106.0,-107.1313007842148
277,1.0,0.2,-1.0,-1.0,-125.0,-122.20446634917035,-5.0,1.6382312192710753,-40.0,-35.84501749867239,-110.0,-109.26142637946377,-2.0,0.3361986598140394,-110.0,-116.50080368650012
372,1.0,0.36,-1.0,-1.0,-125.0,-131.97415708548098,-5.0,-12.663060388450909,-48.0,-52.960256372514074,-118.0,-112.9170627435221,20.399999999999995,18.478889044441363,-118.0,-123.09455484174045
64,1.0,0.22,-1.0,1.0,195.0,199.95444007245897,-65.0,-57.462880100944716,130.8,133.27083075677865,60.8,61.66396427510767,130.8,136.07803006481703,19.0,21.63130258115027
385,1.0,0.1,-1.0,-1.0,-125.0,-130.40842795708193,-5.0,-8.12237521854378,-35.0,-31.210612830022026,-105.0,-103.11717949340647,-16.0,-7.88907363081751,-105.0,-109.05219241249279
387,1.0,0.08,-1.0,-1.0,-125.0,-127.15008034356576,-5.0,-3.303229187626558,-34.0,-30.991151618411802,-104.0,-103.20125756245542,-18.799999999999997,-11.309624232026597,-104.0,-105.91295437043597
59,1.0,0.44,-1.0,1.0,195.0,185.53748921367776,-65.0,-66.19790144156829,161.6,159.4847598524023,91.6,90.41997203611434,161.6,152.13238946910508,8.0,9.867304403084677
216,1.0,0.4,-1.0,-1.0,-125.0,-126.7003088896175,-5.0,-3.1053190244230255,-50.0,-42.93011035274523,-120.0,-121.7820429061441,26.0,26.75763261077605,-120.0,-114.53824055473959
369,1.0,0.06,-1.0,-1.0,-125.0,-125.39330992702803,-5.0,-9.089433115562267,-33.0,-42.711170016171984,-103.0,-96.69958626579457,-21.6,-22.805287229454162,-103.0,-105.98676712294609
371,1.0,0.22,-1.0,-1.0,-125.0,-122.98768347042392,-5.0,-1.325725312235888,-41.0,-44.74308434167413,-111.0,-114.4915906332439,0.7999999999999972,-0.279904137461374,-111.0,-114.58481406828032
249,1.0,0.48,-1.0,-1.0,-125.0,-125.50767985975793,-5.0,-3.892561346182454,-54.0,-67.82776577374163,-124.0,-116.30898730360464,37.2,40.93576712329111,-124.0,-125.35522110046776
251,1.0,0.12,-1.0,-1.0,-125.0,-134.08730413870367,-5.0,-2.726151068272027,-36.0,-34.529589386170564,-106.0,-104.69467574304136,-13.200000000000001,-17.54472570856813,-106.0,-106.6754945204799
27,1.0,0.08,-1.0,1.0,195.0,203.18420005115536,-65.0,-69.613457916341,111.19999999999999,107.96430863993425,41.2,33.74034979464567,111.19999999999999,107.60594864226573,26.0,19.942255737905768
403,1.0,0.24,-1.0,-1.0,-125.0,-124.68686566246147,-5.0,-4.059122882826657,-42.0,-34.36784317654344,-112.0,-113.50384125558314,3.599999999999998,-1.2246994132177793,-112.0,-103.15545442482204
457,-1.0,0.44,-1.0,-1.0,-5.0,-5.427262672123014,-125.0,-129.9761927334247,-122.0,-119.74553386246129,-52.0,-50.154944810837584,-122.0,-117.76973205367914,31.599999999999998,35.34897087862482
148,1.0,0.32,-1.0,1.0,195.0,198.18036193535852,-65.0,-60.56646731952303,144.8,143.19726353908146,74.8,73.59030396632811,144.8,152.10949889011508,13.999999999999996,8.135199935617662
139,1.0,0.22,-1.0,1.0,195.0,199.04273986819123,-65.0,-73.96321905881528,130.8,133.56490884400722,60.8,65.693276623781,130.8,133.8931078655533,19.0,21.408355004843774
123,1.0,0.48,-1.0,1.0,195.0,205.42378615302982,-65.0,-66.22764864980537,167.2,163.11708832792252,97.19999999999999,103.50183813789202,167.2,169.76110887008394,5.999999999999993,6.1447830292438494
299,1.0,0.5,-1.0,-1.0,-125.0,-131.03251891095317,-5.0,-2.2264628124396566,-55.0,-60.50547031139541,-125.0,-127.04181247766275,40.0,44.71691022787981,-125.0,-127.27349989872971
79,1.0,0.16,-1.0,1.0,195.0,205.99586565628883,-65.0,-54.42499890502424,122.4,129.1845232865511,52.400000000000006,54.23470110550294,122.4,118.99013934983597,22.0,27.004357523474933
477,-1.0,0.3,-1.0,-1.0,-5.0,7.838797827553158,-125.0,-128.3651041372934,-115.0,-106.80405937546301,-45.0,-48.555735589435024,-115.0,-118.6721350852674,12.0,7.87835183780904
4,1.0,0.22,-1.0,1.0,195.0,198.7781318333955,-65.0,-60.29640021403337,130.8,132.22347611957852,60.8,56.08248519564225,130.8,128.3842366869265,19.0,16.308045496884308
195,-1.0,0.4,-1.0,1.0,-65.0,-69.69609056185142,195.0,190.39696810133435,86.0,82.31622986885449,156.0,151.80035126496088,10.0,20.43704744405356,156.0,144.90735807527534
143,1.0,0.28,-1.0,1.0,195.0,193.0783144354936,-65.0,-67.1300585123003,139.2,133.67819315670397,69.2,72.1261728218952,139.2,147.4576806172744,16.0,8.566980144664882
24,1.0,0.14,-1.0,1.0,195.0,206.8646615511853,-65.0,-64.12031055805906,119.6,122.06551657864395,49.599999999999994,54.05012649391267,119.6,123.32603232557892,22.999999999999996,23.6113123849565
186,1.0,0.32,-1.0,1.0,195.0,191.1208306762704,-65.0,-72.46485300043139,144.8,144.73459015883532,74.8,74.03886545388994,144.8,143.13100302542648,13.999999999999996,12.963729875381375
306,1.0,0.42,-1.0,-1.0,-125.0,-125.19073754086165,-5.0,-1.6182936692708756,-51.0,-55.431473120819646,-121.0,-121.46436141614225,28.799999999999997,21.9296529156041,-121.0,-123.79155904534844
420,1.0,0.24,-1.0,-1.0,-125.0,-123.58603405708618,-5.0,-13.439328556202856,-42.0,-40.156101976314055,-112.0,-105.97399422701956,3.599999999999998,1.96425612787119,-112.0,-113.05158667155155
99,1.0,0.2,-1.0,1.0,195.0,192.84670833708765,-65.0,-64.7562153167805,128.0,131.4047889039008,58.0,60.9653023705496,128.0,136.99082146241338,20.0,14.280583745058752
406,1.0,0.08,-1.0,-1.0,-125.0,-119.83785978831476,-5.0,-3.1549028830040515,-34.0,-37.73725459702792,-104.0,-105.29024183791329,-18.799999999999997,-19.372208673711246,-104.0,-102.97190573330414
77,1.0,0.26,-1.0,1.0,195.0,193.08197852015905,-65.0,-61.91845392654291,136.4,132.08369265250602,66.4,64.31212326213995,136.4,138.98243894900963,17.000000000000004,14.095145205415315
286,-1.0,0.42,-1.0,1.0,-65.0,-60.59292351522407,195.0,189.4827771765801,88.8,91.15593510457394,158.8,161.8868962751023,9.0,-0.33492937764699704,158.8,153.1672508152706
458,-1.0,0.44,-1.0,-1.0,-5.0,-7.262059148935354,-125.0,-124.37241869811115,-122.0,-125.33387242970645,-52.0,-49.6756833328301,-122.0,-119.92205889274454,31.599999999999998,40.29147190452716
224,1.0,0.3,-1.0,-1.0,-125.0,-116.72696387351459,-5.0,-1.4495127030368824,-45.0,-36.34943241299018,-115.0,-118.62650986452819,12.0,18.04447189373388,-115.0,-111.90892973049041
33,1.0,0.34,-1.0,1.0,195.0,193.77366695220792,-65.0,-62.42564959343392,147.6,140.8582076442438,77.6,76.91439741834235,147.6,149.05571769589676,12.999999999999993,14.788291757944101
485,-1.0,0.38,-1.0,-1.0,-5.0,-19.36149860120324,-125.0,-116.64989418492841,-119.0,-124.45133454197631,-49.0,-60.200943026438985,-119.0,-121.98302053694391,23.200000000000003,19.79260277607921
450,-1.0,0.1,-1.0,-1.0,-5.0,-2.877395612856948,-125.0,-120.72585250038898,-105.0,-108.10921005971464,-35.0,-35.40495754193686,-105.0,-102.28120370672679,-16.0,-14.603545488718071
105,1.0,0.22,-1.0,1.0,195.0,202.30576538105544,-65.0,-62.54738140582775,130.8,135.60349133785036,60.8,64.41933527725517,130.8,129.72244717532698,19.0,31.07118488176121
21,1.0,0.28,-1.0,1.0,195.0,199.63108506445982,-65.0,-56.92717388124195,139.2,137.44068494198856,69.2,58.81261698157702,139.2,135.57854920905405,16.0,12.420450688175608
29,1.0,0.1,-1.0,1.0,195.0,198.4101872940331,-65.0,-65.81745391617096,114.0,108.50186264801926,44.0,51.1502452237586,114.0,105.69167846720043,25.0,36.20382096413384
75,1.0,0.28,-1.0,1.0,195.0,194.59185085492857,-65.0,-55.49920638965469,139.2,140.8189467862773,69.2,67.61865775792212,139.2,141.44483931271526,16.0,11.227810876902883
489,-1.0,0.16,-1.0,-1.0,-5.0,-4.774483317071606,-125.0,-128.2096006959389,-108.0,-100.80522124111197,-38.0,-42.51324180801464,-108.0,-104.37588929054021,-7.6,-5.39815989894017
162,1.0,0.06,-1.0,1.0,195.0,196.0807113982063,-65.0,-71.84067877830036,108.4,109.65722031204722,38.400000000000006,43.39111535746178,108.4,108.45157437898919,27.000000000000004,14.685339602168039
351,1.0,0.42,-1.0,-1.0,-125.0,-129.8521967919116,-5.0,-13.165065393594302,-51.0,-61.71903261843831,-121.0,-136.62323988121173,28.799999999999997,34.588977433297735,-121.0,-118.7360243358283
25,1.0,0.2,-1.0,1.0,195.0,196.5519189036682,-65.0,-65.9207804211328,128.0,128.8906711858459,58.0,55.79337217066419,128.0,126.48883048554714,20.0,28.862695915939398
373,1.0,0.44,-1.0,-1.0,-125.0,-121.57159637208699,-5.0,-6.52507051091542,-52.0,-54.75141297886615,-122.0,-118.75782447650536,31.599999999999998,32.0988388463445,-122.0,-122.18253409419135
212,-1.0,0.48,-1.0,1.0,-65.0,-68.6950653018326,195.0,200.45021067878935,97.19999999999999,86.33677349385637,167.2,169.32746344461947,5.999999999999993,9.662565509537218,167.2,174.11250241893893
3,1.0,0.06,-1.0,1.0,195.0,184.75184922063468,-65.0,-63.818686842032626,108.4,115.12829635639534,38.400000000000006,46.21251184635527,108.4,110.10890445229929,27.000000000000004,30.48475812113455
375,1.0,0.26,-1.0,-1.0,-125.0,-126.07170126234901,-5.0,-3.828507695527467,-43.0,-33.292785539795226,-113.0,-116.36616556267451,6.400000000000002,8.531386212350117,-113.0,-122.45264795939876
86,1.0,0.38,-1.0,1.0,195.0,188.40838365465254,-65.0,-65.98348806422871,153.2,156.89069138363473,83.2,84.55266762791095,153.2,146.59009365297098,11.0,14.952573702290632
377,1.0,0.46,-1.0,-1.0,-125.0,-123.31055506528236,-5.0,-1.0283633448864666,-53.0,-52.506806573497734,-123.0,-121.7652222370895,34.400000000000006,32.92870550680529,-123.0,-115.81450479239236
274,-1.0,0.36,-1.0,1.0,-65.0,-62.85386672471743,195.0,198.3309284236769,80.4,72.57598052251147,150.4,154.57355298040113,12.000000000000007,5.7363606228308335,150.4,150.4009193479702
368,1.0,0.02,-1.0,-1.0,-125.0,-126.24932181350262,-5.0,-4.10046522928017,-31.0,-25.91311158571837,-101.0,-104.52256819576445,-27.200000000000003,-19.793325219389185,-101.0,-109.39136423199474
262,-1.0,0.24,-1.0,1.0,-65.0,-65.97414797471356,195.0,195.243043942455,63.599999999999994,70.8177218861767,133.6,127.9740710657092,17.999999999999996,22.671851818421906,133.6,136.19011013548715
109,1.0,0.44,-1.0,1.0,195.0,200.15197351745093,-65.0,-64.64225056558818,161.6,165.65435675902478,91.6,87.58343973459753,161.6,157.32876913204225,8.0,8.22593978657731
238,1.0,0.48,-1.0,-1.0,-125.0,-125.36576690558046,-5.0,-6.963746298249021,-54.0,-51.83767696509384,-124.0,-122.06012387880183,37.2,44.04386334448019,-124.0,-127.05635646008265
41,1.0,0.48,-1.0,1.0,195.0,184.05863303355264,-65.0,-58.81838262860811,167.2,172.59492297515467,97.19999999999999,102.26642469156837,167.2,165.26595522535004,5.999999999999993,11.888417189291358
266,1.0,0.4,-1.0,-1.0,-125.0,-127.25416463154542,-5.0,-3.9105682255706546,-50.0,-44.71244462300342,-120.0,-117.64802944488868,26.0,32.822594929808474,-120.0,-122.9866151033768
199,-1.0,0.4,-1.0,1.0,-65.0,-62.3724477874136,195.0,198.37016302037543,86.0,95.46185624459916,156.0,157.15408064865733,10.0,9.541061493205223,156.0,157.42529674715448
115,1.0,0.16,-1.0,1.0,195.0,195.41107429952942,-65.0,-59.99502511534002,122.4,126.19862308241142,52.400000000000006,52.88881322529478,122.4,123.74457015425986,22.0,10.876883815990556
448,-1.0,0.24,-1.0,-1.0,-5.0,-9.601083188185427,-125.0,-120.596457366984,-112.0,-116.61863518603366,-42.0,-38.35685036407802,-112.0,-118.72648228082498,3.599999999999998,-0.7746477758797212
447,-1.0,0.1,-1.0,-1.0,-5.0,-9.238011490671857,-125.0,-119.84522153739985,-105.0,-97.71789131775652,-35.0,-34.93407904799485,-105.0,-96.61357988546008,-16.0,-24.424475829182825
440,-1.0,0.18,-1.0,-1.0,-5.0,-7.881134559161871,-125.0,-134.79572418359368,-109.0,-110.46446758369571,-39.0,-36.158670226324176,-109.0,-114.15891614145693,-4.800000000000001,-2.223799928851854
122,1.0,0.48,-1.0,1.0,195.0,203.9357295976061,-65.0,-63.66573049439201,167.2,172.33386710580297,97.19999999999999,100.2477121820062,167.2,165.2976023262825,5.999999999999993,4.701534551610114
141,1.0,0.08,-1.0,1.0,195.0,191.02097331373398,-65.0,-68.7809274173544,111.19999999999999,118.41655620366097,41.2,41.518692442170234,111.19999999999999,112.17643685281011,26.0,25.454113692570232
150,1.0,0.14,-1.0,1.0,195.0,189.1297340701751,-65.0,-60.7124220042935,119.6,120.98749818249976,49.599999999999994,48.01963978990549,119.6,106.23880424737857,22.999999999999996,25.378681529659
267,1.0,0.26,-1.0,-1.0,-125.0,-130.3002614436067,-5.0,-4.281692709477335,-43.0,-42.48384597948196,-113.0,-113.72346402132615,6.400000000000002,4.085026510266646,-113.0,-114.32578103775106
49,1.0,0.08,-1.0,1.0,195.0,198.3866413231374,-65.0,-57.51136596074578,111.19999999999999,106.33352695370054,41.2,44.30112741388904,111.19999999999999,101.50437379296508,26.0,23.99902374363054
56,1.0,0.06,-1.0,1.0,195.0,198.66755197984335,-65.0,-65.03781897661315,108.4,116.48150443064056,38.400000000000006,44.27553585005077,108.4,108.07460332140211,27.000000000000004,31.30426336448573
476,-1.0,0.5,-1.0,-1.0,-5.0,-8.441678574876637,-125.0,-129.6233241570298,-125.0,-122.62170770214263,-55.0,-53.43982570315639,-125.0,-124.68315893716985,40.0,36.447976390155986
158,1.0,0.26,-1.0,1.0,195.0,192.15692845266406,-65.0,-65.28449862420727,136.4,128.00866146897715,66.4,65.78554710463563,136.4,137.13829886020082,17.000000000000004,16.653310872961487
466,-1.0,0.42,-1.0,-1.0,-5.0,-5.698962893942843,-125.0,-130.66468492654013,-121.0,-124.84564284119766,-51.0,-53.52802983762817,-121.0,-133.34766744504964,28.799999999999997,29.063122410098956
308,1.0,0.28,-1.0,-1.0,-125.0,-128.33548855923252,-5.0,-4.067301956356726,-44.0,-38.51810139603902,-114.0,-108.88526242052194,9.200000000000003,12.856873922340885,-114.0,-112.36145214653324
435,1.0,0.5,-1.0,-1.0,-125.0,-126.66718961706196,-5.0,-0.7851360854982019,-55.0,-49.13073962401757,-125.0,-133.8331365996012,40.0,45.26337117129376,-125.0,-126.42499477837913
13,1.0,0.32,-1.0,1.0,195.0,190.01272351209434,-65.0,-73.0183116907449,144.8,142.3476286293151,74.8,80.1334551862829,144.8,146.55162673439534,13.999999999999996,15.882395207507457
19,1.0,0.06,-1.0,1.0,195.0,187.15353328638182,-65.0,-65.86930450560811,108.4,108.67291124414506,38.400000000000006,32.79605444178337,108.4,100.2585729785169,27.000000000000004,31.2318305778676
196,-1.0,0.26,-1.0,1.0,-65.0,-60.47517998517892,195.0,193.23904576129593,66.4,70.09021354964388,136.4,124.94539953532133,17.000000000000004,21.544548943500388,136.4,141.38888600902655
382,1.0,0.28,-1.0,-1.0,-125.0,-117.24577121414869,-5.0,-4.030433246859897,-44.0,-49.27490247519161,-114.0,-109.80844312410696,9.200000000000003,8.125441406603084,-114.0,-115.0474585897337
287,1.0,0.14,-1.0,-1.0,-125.0,-128.0304386702204,-5.0,-13.348770776759638,-37.0,-38.34203046420565,-107.0,-109.50136986856951,-10.399999999999999,-11.475257282056763,-107.0,-108.36482771042589
208,-1.0,0.48,-1.0,1.0,-65.0,-58.8368340638613,195.0,189.87298221744234,97.19999999999999,91.32332429050581,167.2,171.60488990626527,5.999999999999993,1.662971755340081,167.2,162.88397866629774
1,1.0,0.02,-1.0,1.0,195.0,195.6036662201484,-65.0,-70.52203967955721,102.80000000000001,106.50748241624933,32.8,29.37553223544985,102.80000000000001,107.16051910319062,29.0,37.0098006700736
305,-1.0,0.18,-1.0,1.0,-65.0,-70.8945381868001,195.0,191.31244620626143,55.2,53.918509141503925,125.19999999999999,116.70135088247065,21.000000000000004,20.66033985184955,125.19999999999999,127.29859263590758
26,1.0,0.1,-1.0,1.0,195.0,197.49528723919173,-65.0,-64.42374547074256,114.0,124.50428209883746,44.0,43.419951461270145,114.0,100.03618182071709,25.0,23.41390578556146
389,1.0,0.2,-1.0,-1.0,-125.0,-125.76622553539471,-5.0,-9.834220439643534,-40.0,-37.449153148520885,-110.0,-109.1842750509142,-2.0,-1.1561277320706393,-110.0,-108.99218148776961
136,1.0,0.38,-1.0,1.0,195.0,199.7697117792112,-65.0,-64.82445230799902,153.2,157.93003052077782,83.2,82.56225918192105,153.2,158.33894928459998,11.0,9.591761704537273
333,1.0,0.14,-1.0,-1.0,-125.0,-118.1174028317649,-5.0,-5.337022718734019,-37.0,-33.357651029149906,-107.0,-102.51461394113682,-10.399999999999999,-15.922088578606573,-107.0,-99.90386898572632
459,-1.0,0.22,-1.0,-1.0,-5.0,3.0070895984002526,-125.0,-127.92237159011847,-111.0,-103.20821268539758,-41.0,-36.50169625927266,-111.0,-105.44497672395306,0.7999999999999972,-5.557639782414825
84,1.0,0.46,-1.0,1.0,195.0,188.26224176408982,-65.0,-75.03610886215267,164.4,163.5276546381274,94.4,86.19931472831239,164.4,170.1777003412338,7.0,3.253888076051457
344,1.0,0.38,-1.0,-1.0,-125.0,-122.40766133585186,-5.0,-11.329367093084418,-49.0,-57.351633756376565,-119.0,-118.17208729458606,23.200000000000003,32.22604555708821,-119.0,-118.75794612847683
320,1.0,0.16,-1.0,-1.0,-125.0,-132.73880708837103,-5.0,-4.267439003850731,-38.0,-37.38818103083141,-108.0,-106.28401652872031,-7.6,-3.0628747408520187,-108.0,-110.69912248745788
446,-1.0,0.4,-1.0,-1.0,-5.0,-8.500603365292807,-125.0,-124.27483958567329,-120.0,-125.32440032296161,-50.0,-40.79150124166109,-120.0,-116.6303965802017,26.0,27.465638054011627
107,1.0,0.3,-1.0,1.0,195.0,202.44414891254883,-65.0,-63.0556403824943,142.0,155.65310719756204,72.0,66.83416652885828,142.0,143.04933646302388,15.0,16.438428887162566
167,1.0,0.42,-1.0,1.0,195.0,190.99486514527877,-65.0,-64.912060273599,158.8,156.0031292226938,88.8,92.39388051056773,158.8,159.75288768166996,9.0,7.606498275288567
81,1.0,0.22,-1.0,1.0,195.0,195.78566449754393,-65.0,-59.818537126380185,130.8,130.4096497398356,60.8,58.04574648997942,130.8,133.3525882200584,19.0,14.703601653499343
45,1.0,0.22,-1.0,1.0,195.0,193.07569537634964,-65.0,-66.6398950943427,130.8,128.77073684186976,60.8,60.25940582208197,130.8,118.46350388041277,19.0,21.30861429948987
92,1.0,0.06,-1.0,1.0,195.0,189.80831478208242,-65.0,-60.348017305448636,108.4,109.74285106461632,38.400000000000006,34.39453798800612,108.4,107.64356586023067,27.000000000000004,26.71781956531337
265,1.0,0.34,-1.0,-1.0,-125.0,-122.33319236188866,-5.0,-11.553755125406429,-47.0,-50.46717894251423,-117.0,-119.48093242557648,17.600000000000005,19.98090364091093,-117.0,-123.80417193807519
339,1.0,0.24,-1.0,-1.0,-125.0,-120.6002375490365,-5.0,-22.595088395914104,-42.0,-38.92010739884624,-112.0,-112.60667538269442,3.599999999999998,5.270062260489491,-112.0,-102.53669143253046
161,1.0,0.4,-1.0,1.0,195.0,192.26936444999248,-65.0,-61.139474522627495,156.0,154.60930867866938,86.0,79.57529579115044,156.0,154.54936336051043,10.0,3.230194357431583
325,1.0,0.18,-1.0,-1.0,-125.0,-127.20703779815659,-5.0,-17.141529274158003,-39.0,-39.41741868949118,-109.0,-105.9256882759886,-4.800000000000001,-9.579833037762363,-109.0,-104.00557662551138
242,1.0,0.12,-1.0,-1.0,-125.0,-129.59088044584246,-5.0,-9.484412425233764,-36.0,-31.301482358328943,-106.0,-104.85141863814789,-13.200000000000001,-11.554550527226471,-106.0,-95.213980855984
439,-1.0,0.08,-1.0,-1.0,-5.0,-5.411959995963318,-125.0,-131.50333477317562,-104.0,-112.92725674514142,-34.0,-27.09511399307962,-104.0,-109.52645401125032,-18.799999999999997,-22.382134750574217
304,1.0,0.14,-1.0,-1.0,-125.0,-119.8786650149508,-5.0,-6.346248677234835,-37.0,-40.64327281999197,-107.0,-106.16308838960532,-10.399999999999999,-7.342090506941085,-107.0,-95.01825519420514
283,1.0,0.1,-1.0,-1.0,-125.0,-118.40928615329975,-5.0,-4.2307009375627995,-35.0,-36.49741891806132,-105.0,-104.91507909445205,-16.0,-11.038767305219135,-105.0,-100.84421210879316
444,-1.0,0.18,-1.0,-1.0,-5.0,2.0849357941878406,-125.0,-135.80971508029822,-109.0,-110.13539786394861,-39.0,-43.28424016543422,-109.0,-111.99652719814446,-4.800000000000001,0.0391955125153185
85,1.0,0.26,-1.0,1.0,195.0,193.84151793065988,-65.0,-63.223528895986256,136.4,128.78954105689274,66.4,72.34171618355593,136.4,134.71262070326176,17.000000000000004,18.172913917790925
295,1.0,0.34,-1.0,-1.0,-125.0,-128.66973361407074,-5.0,-8.648244234999627,-47.0,-47.162787177533524,-117.0,-108.26625176580502,17.600000000000005,12.95721613072262,-117.0,-115.00936684999125
246,1.0,0.2,-1.0,-1.0,-125.0,-124.33775674848205,-5.0,-5.496327458044999,-40.0,-37.516480386780714,-110.0,-111.11058746108533,-2.0,0.6594394782492219,-110.0,-108.27025680870621
359,1.0,0.06,-1.0,-1.0,-125.0,-128.20657696356392,-5.0,-1.5328033662562435,-33.0,-26.937389445979,-103.0,-101.88180077994247,-21.6,-33.967078481507905,-103.0,-105.15373810095842
343,1.0,0.36,-1.0,-1.0,-125.0,-125.7834105914498,-5.0,-8.183404013145779,-48.0,-42.95934370105483,-118.0,-119.35148447000094,20.399999999999995,21.989937418277986,-118.0,-120.54521768597968
404,1.0,0.24,-1.0,-1.0,-125.0,-121.91848227419075,-5.0,-3.3377143600341403,-42.0,-41.03387539073258,-112.0,-118.84221858063154,3.599999999999998,1.7264708918546348,-112.0,-115.25225744038381
285,-1.0,0.5,-1.0,1.0,-65.0,-67.75482578742782,195.0,193.31967156545318,100.0,90.64906931863473,170.0,170.16090122711378,5.0,7.426024896907679,170.0,167.16381514686404
154,1.0,0.5,-1.0,1.0,195.0,193.15428954194164,-65.0,-65.58232483815193,170.0,172.2708226505727,100.0,108.82423231820896,170.0,173.3049882547145,5.0,0.44482963274433196
388,1.0,0.32,-1.0,-1.0,-125.0,-129.53813235254302,-5.0,-4.478566741907209,-46.0,-60.57906776376825,-116.0,-111.74996094671276,14.800000000000002,14.84923529648961,-116.0,-110.94832182053203
253,1.0,0.34,-1.0,-1.0,-125.0,-117.02414570446908,-5.0,-10.705253418366409,-47.0,-47.73065904118863,-117.0,-111.59015709637711,17.600000000000005,20.303494165080327,-117.0,-114.94506139535919
346,1.0,0.14,-1.0,-1.0,-125.0,-126.04753398164067,-5.0,-5.287045380282047,-37.0,-43.18307597236558,-107.0,-118.35493412617166,-10.399999999999999,-7.594087476710401,-107.0,-105.71107189139997
131,1.0,0.3,-1.0,1.0,195.0,189.5392999436967,-65.0,-64.57915563416411,142.0,141.7006086325927,72.0,61.64315081763421,142.0,147.70846902116116,15.0,21.036280693115167
347,1.0,0.14,-1.0,-1.0,-125.0,-121.87931862001734,-5.0,-5.655722276382043,-37.0,-44.741992467096104,-107.0,-112.58513214533939,-10.399999999999999,-15.077490614743411,-107.0,-105.78669806636036
30,1.0,0.16,-1.0,1.0,195.0,193.15576432191926,-65.0,-61.01492875364833,122.4,110.10221264835641,52.400000000000006,52.81050274259349,122.4,122.38393340460206,22.0,27.20583448977787
222,-1.0,0.16,-1.0,1.0,-65.0,-58.16715948992014,195.0,203.39225488660068,52.400000000000006,54.117359300125415,122.4,118.49233018773636,22.0,23.676436066650208,122.4,121.0329114667414
331,1.0,0.34,-1.0,-1.0,-125.0,-129.68629963714616,-5.0,-11.820923774316011,-47.0,-51.53654310134365,-117.0,-115.57369441796965,17.600000000000005,19.349205507488406,-117.0,-109.80411084537099
240,-1.0,0.36,-1.0,1.0,-65.0,-57.47431930136473,195.0,193.74389224610738,80.4,79.07100532773714,150.4,155.464626339996,12.000000000000007,5.577854850102559,150.4,150.5213410704843
475,-1.0,0.14,-1.0,-1.0,-5.0,-10.830751964454928,-125.0,-127.07946461465298,-107.0,-107.967555555728,-37.0,-40.20312824979875,-107.0,-112.79286849360503,-10.399999999999999,-21.55069147917977
445,-1.0,0.42,-1.0,-1.0,-5.0,-10.054682305633984,-125.0,-128.191995032517,-121.0,-114.91297798203712,-51.0,-50.834768323417975,-121.0,-118.42016100235016,28.799999999999997,30.62044442872767
90,1.0,0.34,-1.0,1.0,195.0,196.11804776322455,-65.0,-65.46704883897668,147.6,148.44880334673985,77.6,76.54610239705488,147.6,144.98192569632835,12.999999999999993,3.686556173622213
479,-1.0,0.06,-1.0,-1.0,-5.0,-0.391611198437416,-125.0,-118.46459545759316,-103.0,-102.3510734822739,-33.0,-31.56414572197332,-103.0,-105.27150214738157,-21.6,-18.77361204159787
101,1.0,0.34,-1.0,1.0,195.0,194.57836755762253,-65.0,-56.13860983052075,147.6,131.93824093311582,77.6,76.12695323169568,147.6,147.04382222932264,12.999999999999993,5.392966042566727
349,1.0,0.14,-1.0,-1.0,-125.0,-117.87707531577074,-5.0,2.209568579829563,-37.0,-38.427271445608476,-107.0,-109.82357559848802,-10.399999999999999,-13.504587240042632,-107.0,-110.76021461515191
0,1.0,0.24,-1.0,1.0,195.0,198.4292985196889,-65.0,-62.55392624019803,133.6,134.32687437366562,63.599999999999994,69.12980872405285,133.6,126.79908263095888,17.999999999999996,24.176474114846883
88,1.0,0.42,-1.0,1.0,195.0,196.27490102640496,-65.0,-67.59671242851935,158.8,161.13781260327065,88.8,92.82902009690197,158.8,158.46820350235942,9.0,9.145129466619121
400,1.0,0.22,-1.0,-1.0,-125.0,-123.74677520469788,-5.0,-1.30582620063167,-41.0,-40.07380749396774,-111.0,-112.385563182378,0.7999999999999972,4.209905007613931,-111.0,-108.06112480810576
366,1.0,0.22,-1.0,-1.0,-125.0,-120.26131614225197,-5.0,-3.7366677758360334,-41.0,-37.244595430647735,-111.0,-110.0721119652962,0.7999999999999972,-5.408447711211169,-111.0,-105.19868923785432
14,1.0,0.2,-1.0,1.0,195.0,190.51063778020017,-65.0,-63.83431794159756,128.0,127.30902935657754,58.0,57.31134218329343,128.0,136.12983453194494,20.0,17.745158184536276
192,-1.0,0.44,-1.0,1.0,-65.0,-69.6471304782669,195.0,189.83760192223707,91.6,103.04065936335687,161.6,168.80937690922033,8.0,8.465376401477547,161.6,158.7349443717984
248,1.0,0.04,-1.0,-1.0,-125.0,-123.37318093855657,-5.0,-5.17635878786696,-32.0,-35.18125797660167,-102.0,-107.15277848160653,-24.4,-31.839456954729492,-102.0,-103.65958379031
412,1.0,0.36,-1.0,-1.0,-125.0,-124.10658506984558,-5.0,-16.205072949886194,-48.0,-43.464952222097416,-118.0,-118.21097932243698,20.399999999999995,16.001968955125015,-118.0,-113.68405303805866
300,1.0,0.22,-1.0,-1.0,-125.0,-120.88314937689451,-5.0,-3.0733062040398647,-41.0,-46.055297212767805,-111.0,-108.59104599813416,0.7999999999999972,-6.994377798215956,-111.0,-104.18971912446577
74,1.0,0.3,-1.0,1.0,195.0,194.2136392494744,-65.0,-70.45343896968745,142.0,142.46591580114344,72.0,72.68961398836997,142.0,144.28395676666997,15.0,25.086848386798728
409,1.0,0.48,-1.0,-1.0,-125.0,-125.055552868411,-5.0,-4.4902222986801625,-54.0,-63.5089961581439,-124.0,-118.85895879066902,37.2,39.78864877774309,-124.0,-123.41486408494603
108,1.0,0.38,-1.0,1.0,195.0,205.16708061882335,-65.0,-70.07028419935571,153.2,148.52762383432184,83.2,80.8230880637663,153.2,151.62348016780064,11.0,9.807831377646188
322,1.0,0.4,-1.0,-1.0,-125.0,-135.22507856530532,-5.0,0.3995092609796158,-50.0,-51.85623710156367,-120.0,-115.8193367667885,26.0,30.40148885925419,-120.0,-123.00898903768754
298,1.0,0.04,-1.0,-1.0,-125.0,-123.98129023010372,-5.0,-6.416116052776437,-32.0,-36.03291355224565,-102.0,-103.4024227035458,-24.4,-21.18236967041425,-102.0,-101.27300352091862
181,1.0,0.18,-1.0,1.0,195.0,200.67708398802364,-65.0,-69.85722796348122,125.19999999999999,123.01621219830389,55.2,54.41330329989354,125.19999999999999,120.72537857560773,21.000000000000004,18.10551431800525
39,1.0,0.4,-1.0,1.0,195.0,189.865238066484,-65.0,-64.75231753330714,156.0,155.42460521924113,86.0,96.07956722625936,156.0,153.1928271987533,10.0,4.83478262754401
157,1.0,0.12,-1.0,1.0,195.0,193.6711191224067,-65.0,-62.939767936315015,116.80000000000001,115.72200249164955,46.8,52.31827823133379,116.80000000000001,118.0568990363001,24.0,16.443690983357794
463,-1.0,0.12,-1.0,-1.0,-5.0,-6.4561418410101155,-125.0,-115.0814992717304,-106.0,-104.57525195172649,-36.0,-42.734639271388595,-106.0,-102.49162894096614,-13.200000000000001,-16.93535219138896
177,1.0,0.28,-1.0,1.0,195.0,195.4521771771491,-65.0,-61.6991060984794,139.2,141.3165372399567,69.2,73.28020047404183,139.2,134.4258980335383,16.0,12.489655991793654
198,-1.0,0.12,-1.0,1.0,-65.0,-58.85796763343127,195.0,198.5878095455297,46.8,46.02117989803234,116.80000000000001,114.314870508584,24.0,31.128046483523455,116.80000000000001,111.00068299961089
350,1.0,0.44,-1.0,-1.0,-125.0,-120.73739301842552,-5.0,-15.290561883474542,-52.0,-51.6059361325345,-122.0,-120.34430305024331,31.599999999999998,33.82966079558638,-122.0,-126.13583899470228
229,1.0,0.04,-1.0,-1.0,-125.0,-120.43761288502051,-5.0,-5.605010769576351,-32.0,-29.90517229013523,-102.0,-102.73548816118343,-24.4,-19.670778036959867,-102.0,-99.29484489421993
125,1.0,0.44,-1.0,1.0,195.0,195.9928730791479,-65.0,-69.83104372875398,161.6,167.04110221110625,91.6,85.5103706695391,161.6,157.49004161664107,8.0,9.345793441620724
381,1.0,0.14,-1.0,-1.0,-125.0,-123.67313369202459,-5.0,1.167106593140116,-37.0,-37.90931220712896,-107.0,-99.12758513323624,-10.399999999999999,0.4090924875067099,-107.0,-106.44604115515006
464,-1.0,0.2,-1.0,-1.0,-5.0,-10.25324865798197,-125.0,-125.50765036900043,-110.0,-111.93373231414326,-40.0,-42.566130788245175,-110.0,-117.40513866583227,-2.0,4.642684913244571
329,1.0,0.08,-1.0,-1.0,-125.0,-115.61491311353804,-5.0,-2.867711009761175,-34.0,-38.27811625055205,-104.0,-107.77499596136579,-18.799999999999997,-25.12638253144322,-104.0,-109.23214068156703
309,1.0,0.16,-1.0,-1.0,-125.0,-126.4247408432901,-5.0,1.3216191415688279,-38.0,-43.904149922670214,-108.0,-108.40877588423974,-7.6,-6.220170704347018,-108.0,-101.90949757059003
201,-1.0,0.32,-1.0,1.0,-65.0,-64.47345263981725,195.0,199.61208236281072,74.8,81.16574346318959,144.8,146.75099166859832,13.999999999999996,19.474976807287238,144.8,140.94297798137168
50,1.0,0.38,-1.0,1.0,195.0,188.72441813801328,-65.0,-65.38751391688632,153.2,153.059737974074,83.2,84.33747382821404,153.2,146.95381288430391,11.0,15.470113642660728
147,1.0,0.12,-1.0,1.0,195.0,196.10422966169804,-65.0,-71.4647236429903,116.80000000000001,115.3488521639411,46.8,44.13304031777004,116.80000000000001,113.49107641346885,24.0,27.420821103677074
200,-1.0,0.46,-1.0,1.0,-65.0,-56.37664776302123,195.0,203.42098154300908,94.4,86.35575438570794,164.4,164.2080730491186,7.0,6.290397495328696,164.4,168.3290367269493
47,1.0,0.04,-1.0,1.0,195.0,189.4700324753975,-65.0,-70.44793507415065,105.6,104.51797764775237,35.6,31.635489029276,105.6,96.79737260664238,28.0,26.080828649398555
231,-1.0,0.28,-1.0,1.0,-65.0,-65.10197344443989,195.0,200.84166675980205,69.2,63.4289292747042,139.2,141.7886280671467,16.0,20.289605807167288,139.2,140.55872694492197
172,1.0,0.26,-1.0,1.0,195.0,190.89449444255675,-65.0,-62.860347443865976,136.4,133.98132880407496,66.4,68.65658960069253,136.4,138.28006253935902,17.000000000000004,14.74282708485737
460,-1.0,0.5,-1.0,-1.0,-5.0,-8.479720128170404,-125.0,-128.68280625240598,-125.0,-123.20961002395171,-55.0,-51.884234043478365,-125.0,-117.24455478212194,40.0,37.80972444026363
124,1.0,0.24,-1.0,1.0,195.0,190.29849122335048,-65.0,-60.50000894808742,133.6,130.69692764812567,63.599999999999994,72.64262157930526,133.6,132.7675414142486,17.999999999999996,17.94292646101092
281,-1.0,0.36,-1.0,1.0,-65.0,-70.59411599494867,195.0,197.92282670803633,80.4,74.07866883211656,150.4,144.44068510118706,12.000000000000007,9.305837505983167,150.4,152.73407012469656
259,-1.0,0.42,-1.0,1.0,-65.0,-70.62831234496421,195.0,186.92071761171033,88.8,92.7946883481067,158.8,159.60939245528954,9.0,7.858266741001399,158.8,165.74331591877154
327,-1.0,0.46,-1.0,1.0,-65.0,-57.93425932658311,195.0,188.807548955896,94.4,89.60875372079464,164.4,154.20656793399667,7.0,1.4176116816283963,164.4,159.80370501797532
261,1.0,0.44,-1.0,-1.0,-125.0,-122.90867922281724,-5.0,-9.130488036659017,-52.0,-47.741274326301266,-122.0,-130.4930898260469,31.599999999999998,26.951830710588933,-122.0,-123.5583243524862
316,1.0,0.44,-1.0,-1.0,-125.0,-124.97358519144748,-5.0,-2.244948636852546,-52.0,-52.51000707366986,-122.0,-115.24849410929558,31.599999999999998,23.332079867141875,-122.0,-123.03063262851438
97,1.0,0.06,-1.0,1.0,195.0,190.83401985612107,-65.0,-66.19522479705051,108.4,115.66156296117427,38.400000000000006,44.63088027005974,108.4,115.34311901105467,27.000000000000004,23.0969952070312
11,1.0,0.36,-1.0,1.0,195.0,191.9237744714055,-65.0,-72.29652357143652,150.4,143.7454701765059,80.4,77.85234519668127,150.4,163.5251121917338,12.000000000000007,11.679145652423
145,1.0,0.46,-1.0,1.0,195.0,195.06608881047043,-65.0,-59.004674083863094,164.4,168.80575693732686,94.4,86.63513540680451,164.4,167.90976056120599,7.0,3.534900625469499
410,1.0,0.12,-1.0,-1.0,-125.0,-119.80384960065301,-5.0,-15.473992127425305,-36.0,-41.987933287205294,-106.0,-104.36496929488891,-13.200000000000001,-16.87147984717869,-106.0,-93.60021720198895
116,1.0,0.34,-1.0,1.0,195.0,193.14304575876366,-65.0,-62.850589237663584,147.6,156.82110081925222,77.6,73.26402544742544,147.6,153.4891124473973,12.999999999999993,10.467811214908892
182,1.0,0.3,-1.0,-1.0,-125.0,-124.23415133233368,-5.0,-4.1778135512747365,-45.0,-49.240144434587336,-115.0,-123.24960791571303,12.0,16.438999382798166,-115.0,-112.67289622739939
10,1.0,0.12,-1.0,1.0,195.0,194.573026674574,-65.0,-56.146102821765965,116.80000000000001,122.07276334592764,46.8,52.42691298492404,116.80000000000001,118.38779648008662,24.0,23.218226077343168
418,1.0,0.5,-1.0,-1.0,-125.0,-130.68993494965684,-5.0,-7.577568926085971,-55.0,-58.15213119590697,-125.0,-123.45505948330174,40.0,43.679418211093285,-125.0,-121.7843678764759
276,1.0,0.44,-1.0,-1.0,-125.0,-122.2807900678521,-5.0,-4.922556238261463,-52.0,-60.78868045523307,-122.0,-128.62402542831893,31.599999999999998,33.29158678449861,-122.0,-116.7069846085232
399,1.0,0.46,-1.0,-1.0,-125.0,-128.89408492797475,-5.0,-13.988263992598744,-53.0,-52.32665695593208,-123.0,-127.43699274876634,34.400000000000006,29.26534316964217,-123.0,-121.37366442302543
297,-1.0,0.46,-1.0,1.0,-65.0,-64.25580006921363,195.0,194.9774187364062,94.4,82.82111778718668,164.4,164.55993223416354,7.0,5.518318356443318,164.4,171.6758198264954
481,-1.0,0.1,-1.0,-1.0,-5.0,-12.561040191096104,-125.0,-127.19230944433028,-105.0,-96.84050609421824,-35.0,-30.42062826302601,-105.0,-100.09216721133939,-16.0,-14.320337049141951
473,-1.0,0.46,-1.0,-1.0,-5.0,-5.695670988559709,-125.0,-123.26000867362387,-123.0,-120.00731995635353,-53.0,-49.89849492562116,-123.0,-128.03076962072734,34.400000000000006,30.64919428071011
80,1.0,0.16,-1.0,1.0,195.0,192.77337774082514,-65.0,-62.492475115944885,122.4,114.28492846645416,52.400000000000006,50.700093030247125,122.4,124.03566751274302,22.0,28.876744113222493
367,1.0,0.42,-1.0,-1.0,-125.0,-120.2977294491778,-5.0,-4.910911056414511,-51.0,-47.85722725180219,-121.0,-115.29460856059075,28.799999999999997,32.44351757579028,-121.0,-116.4512771507022
133,1.0,0.2,-1.0,1.0,195.0,194.65187970362743,-65.0,-64.07933441741451,128.0,130.83284720952508,58.0,57.02179261912641,128.0,131.46631227097217,20.0,19.86116355845349
484,-1.0,0.22,-1.0,-1.0,-5.0,-0.14633931265386924,-125.0,-122.23282382160342,-111.0,-115.61826335072806,-41.0,-36.6412612439377,-111.0,-103.12417524158556,0.7999999999999972,-4.250786912931613
334,1.0,0.16,-1.0,-1.0,-125.0,-130.5862567234056,-5.0,-5.2142958680185405,-38.0,-34.455298510834766,-108.0,-112.24110811742527,-7.6,-12.280013980120131,-108.0,-109.48084214853029
206,1.0,0.22,-1.0,-1.0,-125.0,-122.89752730868032,-5.0,2.3289573584330405,-41.0,-39.001298575623125,-111.0,-108.58894813703061,0.7999999999999972,0.787636061445454,-111.0,-112.21006206344923
491,-1.0,0.1,-1.0,-1.0,-5.0,-8.470588410541808,-125.0,-115.9708425493215,-105.0,-114.53126283049386,-35.0,-36.78243295395394,-105.0,-105.28684323433022,-16.0,-13.708919842159975
415,1.0,0.26,-1.0,-1.0,-125.0,-118.46268149971614,-5.0,-0.11421150348966247,-43.0,-44.01159824559591,-113.0,-114.9590733866717,6.400000000000002,9.88632209808915,-113.0,-121.17778659883786
323,1.0,0.08,-1.0,-1.0,-125.0,-139.9998344261016,-5.0,-10.58464336596943,-34.0,-33.42672465133237,-104.0,-107.28935078289436,-18.799999999999997,-14.9762687509477,-104.0,-101.8517312055585
149,1.0,0.3,-1.0,-1.0,-125.0,-128.6458200458269,-5.0,-6.028215484775739,-45.0,-46.5599874473967,-115.0,-110.22443887726266,12.0,18.138517241187536,-115.0,-115.69718988405583
202,-1.0,0.04,-1.0,1.0,-65.0,-64.30005061257937,195.0,199.83345448170758,35.6,35.8272966929964,105.6,113.0508700073146,28.0,26.44249819154276,105.6,107.00414634323974
291,-1.0,0.18,-1.0,1.0,-65.0,-56.90573653772769,195.0,190.039524004487,55.2,59.784875011894385,125.19999999999999,128.22712065745705,21.000000000000004,19.50886539282981,125.19999999999999,134.96673216024018
235,-1.0,0.46,-1.0,1.0,-65.0,-59.26534574007553,195.0,199.50966927876235,94.4,91.99131507099169,164.4,158.4537442999078,7.0,10.581026556493834,164.4,167.16633091974137
153,1.0,0.4,-1.0,1.0,195.0,195.7504564573386,-65.0,-72.46713245037604,156.0,150.21903763411513,86.0,90.35277977465896,156.0,148.61584115033952,10.0,10.002299754902849
169,1.0,0.18,-1.0,1.0,195.0,199.35884811070522,-65.0,-64.80240656165259,125.19999999999999,125.02026785601568,55.2,57.9263150607001,125.19999999999999,127.96361938229767,21.000000000000004,17.88657972722789
434,1.0,0.28,-1.0,-1.0,-125.0,-121.18186095110937,-5.0,3.339406199506735,-44.0,-43.847506088593924,-114.0,-124.65445467796931,9.200000000000003,15.434443207062682,-114.0,-117.3696317401189
168,1.0,0.36,-1.0,1.0,195.0,195.71416229892677,-65.0,-59.470864414459335,150.4,142.7669544238529,80.4,85.33833786117948,150.4,150.08855642768924,12.000000000000007,12.146404005441477
302,1.0,0.2,-1.0,-1.0,-125.0,-125.98003679951898,-5.0,-8.77366912951112,-40.0,-39.642743340410505,-110.0,-109.48849610737514,-2.0,-5.017881332875176,-110.0,-115.65228563678741
178,1.0,0.5,-1.0,1.0,195.0,197.57044574737122,-65.0,-73.53945877502466,170.0,168.5118905436219,100.0,100.56521380156708,170.0,167.80160204487026,5.0,5.144223353364079
470,-1.0,0.18,-1.0,-1.0,-5.0,-9.385743094858695,-125.0,-129.01293698967206,-109.0,-110.35839630966082,-39.0,-33.951355836397575,-109.0,-115.7165194754217,-4.800000000000001,-8.958513578358017
69,1.0,0.46,-1.0,1.0,195.0,197.62884268921957,-65.0,-69.19000223294833,164.4,163.12489796971383,94.4,88.46502420563654,164.4,172.6189922236177,7.0,6.4304672467047475
180,1.0,0.36,-1.0,1.0,195.0,203.85429812071462,-65.0,-68.76682397308188,150.4,152.57229636849533,80.4,78.23570317499993,150.4,156.06638178832662,12.000000000000007,8.007094917911159
146,1.0,0.32,-1.0,1.0,195.0,190.42471879293265,-65.0,-63.89979225785208,144.8,140.4823929948855,74.8,74.77088877409989,144.8,144.98865299556496,13.999999999999996,16.727929946741853
32,1.0,0.1,-1.0,1.0,195.0,185.53541784148308,-65.0,-65.37486777305296,114.0,120.74565844184508,44.0,49.34912497429363,114.0,117.50008171627525,25.0,24.76065293241427
232,1.0,0.38,-1.0,-1.0,-125.0,-129.0946946974093,-5.0,-2.3299124148954315,-49.0,-51.54710289316865,-119.0,-117.47399257589564,23.200000000000003,19.7381080087083,-119.0,-128.60582825363787
173,1.0,0.04,-1.0,1.0,195.0,196.11769902200288,-65.0,-68.65357564090115,105.6,112.44802248787092,35.6,28.814106023206016,105.6,106.27296017051452,28.0,29.513888262500455
15,1.0,0.04,-1.0,1.0,195.0,197.5373940965725,-65.0,-66.65973407671308,105.6,100.61184631957408,35.6,33.4815558148836,105.6,110.1082500063398,28.0,24.746005068087513
132,1.0,0.1,-1.0,1.0,195.0,194.19512473926198,-65.0,-73.86127121630284,114.0,109.6523505752651,44.0,45.33768264142004,114.0,108.70609067784729,25.0,26.525956742504416
243,-1.0,0.44,-1.0,1.0,-65.0,-68.24255392026107,195.0,193.46276080629954,91.6,92.93025102427981,161.6,156.772257231224,8.0,4.613698747459493,161.6,161.87893919316048
326,1.0,0.16,-1.0,-1.0,-125.0,-124.79535206624746,-5.0,-9.594230135593154,-38.0,-36.69793813870951,-108.0,-115.40691274531142,-7.6,-5.804433172787264,-108.0,-114.12998943231325
214,1.0,0.32,-1.0,-1.0,-125.0,-129.0342664979068,-5.0,1.1391659779929721,-46.0,-53.22667983819288,-116.0,-117.17950571813704,14.800000000000002,11.70233878531155,-116.0,-113.01813432446667
