,T,Age,AgeTag,Sex,yo1,yo1CF,y1,y1CF,yo2,yo2CF,y2,y2CF,yo3,yo3CF,y3,y3CF
84,-1.0,0.78,1.0,1.0,-95.0,225.0,-98.05052415435838,225.02253440889186,37.599999999999994,357.6,37.19396010398283,353.6134115204105,-32.400000000000006,232.6,-33.73540626644705,232.57561859629595
76,-1.0,0.8,1.0,1.0,-95.0,225.0,-88.60114135254905,227.38925677670022,41.00000000000001,361.0,38.62358610350369,360.7116207213841,-34.0,236.0,-34.0993494145614,237.32903819334365
477,-1.0,0.58,1.0,-1.0,25.0,-155.0,30.231149160261165,-154.4144339250597,-21.4,-201.4,-22.43120208867332,-202.93918019341507,-146.4,68.6,-154.78520378573907,63.33851412513059
466,-1.0,0.8400000000000001,1.0,-1.0,25.0,-155.0,22.037147122825733,-157.07779150205616,-42.2,-222.2,-37.15281407972869,-216.77621280147804,-167.20000000000002,112.80000000000001,-166.65877567491276,119.67415426144152
105,-1.0,0.98,1.0,1.0,-95.0,225.0,-98.67500943804232,223.05406398228655,71.6,391.6,70.5504238281256,392.10228398996554,-48.400000000000006,266.6,-51.79437043568995,269.45400788267096
411,-1.0,1.0,1.0,-1.0,25.0,-155.0,28.604863407223355,-153.69164765606558,-55.0,-235.0,-52.473485122402245,-233.83841461021922,-180.0,140.0,-173.21772082834036,139.93376700485803
263,-1.0,0.86,1.0,1.0,-95.0,225.0,-95.24795772231718,224.60021347433408,51.2,371.19999999999993,58.26644573017204,367.8500158292534,-38.8,246.2,-38.15206905269825,248.61585652625175
137,-1.0,0.62,1.0,1.0,-95.0,225.0,-93.94070909685628,220.2491714139003,10.399999999999999,330.4,10.609002390929382,330.9205084684395,-19.6,205.4,-22.67790260702181,204.88315842825273
163,-1.0,0.56,1.0,1.0,-95.0,225.0,-96.04581349293046,225.50346054436042,0.20000000000000995,320.2,-1.2599483889959382,323.08607224709823,-14.799999999999997,195.2,-12.087628165425457,192.00363870558533
222,1.0,0.64,1.0,-1.0,-155.0,25.0,-158.94055838606636,22.933628276189168,-206.20000000000002,-26.200000000000003,-205.15745842732207,-25.60946722764535,78.8,-151.2,81.07401269528962,-149.07575825576853
337,-1.0,0.86,1.0,-1.0,25.0,-155.0,23.29460600328393,-158.72267266529187,-43.8,-223.79999999999995,-47.79102403564432,-224.12810304294783,-168.8,116.2,-168.13937509103414,118.88472343748931
362,-1.0,0.58,1.0,-1.0,25.0,-155.0,27.13082645681343,-151.9203661915339,-21.4,-201.4,-20.885862927843352,-198.8389831667825,-146.4,68.6,-146.95921172254165,66.37849927282171
135,-1.0,0.9199999999999999,1.0,1.0,-95.0,225.0,-101.70179004389567,223.69200958145868,61.4,381.4,60.95465958575408,374.5538458760642,-43.59999999999998,256.4,-43.89699378630832,262.96239661953723
313,-1.0,0.8400000000000001,1.0,-1.0,25.0,-155.0,25.151577595829124,-152.80908650820078,-42.2,-222.2,-42.19991867929784,-225.74745832807452,-167.20000000000002,112.80000000000001,-166.42925740821818,112.35732436038472
448,-1.0,0.6,1.0,-1.0,25.0,-155.0,24.36230500427705,-151.3222084197314,-23.0,-203.0,-23.053235224798026,-202.48115857440382,-148.0,72.0,-147.83101331905658,73.03613726271675
430,-1.0,0.74,1.0,-1.0,25.0,-155.0,29.2115583874119,-155.32807820920712,-34.2,-214.2,-33.774231602008776,-215.60635453339782,-159.2,95.8,-160.34312703971463,93.43687878700612
241,1.0,0.9199999999999999,1.0,-1.0,-155.0,25.0,-155.7393532216393,26.921173944843165,-228.6,-48.599999999999994,-234.99265734275596,-46.414111518680116,126.39999999999998,-173.6,123.53528934163376,-170.0781912938983
398,-1.0,1.0,1.0,-1.0,25.0,-155.0,23.498315680336145,-152.07407806799932,-55.0,-235.0,-51.72713066435631,-233.81694372866687,-180.0,140.0,-184.1747651005263,140.09034493673275
16,1.0,0.78,1.0,1.0,225.0,-95.0,222.98978796529116,-92.86659773832574,357.6,37.599999999999994,357.59662971603086,31.78761827478325,232.6,-32.400000000000006,230.4256389113427,-31.872256645639876
82,-1.0,0.88,1.0,1.0,-95.0,225.0,-98.43210370518516,226.7189684211923,54.599999999999994,374.6,55.638127897096794,379.26270316185435,-40.400000000000006,249.6,-40.90938056797527,248.58873293130804
61,-1.0,0.8200000000000001,1.0,1.0,-95.0,225.0,-90.39668167330815,228.04945294793325,44.40000000000001,364.4,42.96254149387558,362.95818479130554,-35.60000000000001,239.40000000000003,-40.070458810899744,236.306028272444
449,-1.0,1.0,1.0,-1.0,25.0,-155.0,23.86709040197035,-157.64816274142282,-55.0,-235.0,-54.31650849242219,-235.42956685623565,-180.0,140.0,-178.6311295242259,134.06609977054507
131,-1.0,0.9,1.0,1.0,-95.0,225.0,-94.05643495207352,229.0654628926511,58.0,378.0,58.30917921078479,379.28461890597504,-42.0,253.0,-46.01138644030232,250.52153585898046
428,-1.0,0.6799999999999999,1.0,-1.0,25.0,-155.0,20.03668800525695,-153.9247269975208,-29.4,-209.4,-31.482236155704893,-206.29737416521178,-154.39999999999998,85.59999999999998,-153.6322826471007,85.47602263448259
445,-1.0,0.86,1.0,-1.0,25.0,-155.0,26.142742730088415,-154.11960007890892,-43.8,-223.79999999999995,-47.22813342253438,-218.8726826606296,-168.8,116.2,-162.70957876920033,114.29880400371563
427,-1.0,0.8,1.0,-1.0,25.0,-155.0,24.526248391726167,-153.94550421641782,-39.00000000000001,-219.0,-43.17396148128616,-227.26562876141,-164.0,106.0,-161.12840289849512,104.13734593564224
484,-1.0,0.76,1.0,-1.0,25.0,-155.0,29.48112473368751,-154.92110681754667,-35.8,-215.8,-37.43948369120377,-217.12761317457,-160.8,99.2,-161.88522567065442,99.56481750953168
491,-1.0,0.88,1.0,-1.0,25.0,-155.0,23.683473308228713,-152.55594332246542,-45.4,-225.4,-41.976922671912874,-217.75837738936872,-170.4,119.6,-166.3808371572299,112.65785338775638
182,-1.0,0.7,1.0,1.0,-95.0,225.0,-98.2514312818586,228.20965365633282,23.999999999999993,344.0,25.523075993439498,346.8307616043182,-26.0,219.0,-24.906080346074337,220.4944131888662
274,-1.0,0.88,1.0,1.0,-95.0,225.0,-93.07177871870975,224.2653164942946,54.599999999999994,374.6,53.54496333239752,376.44934128375996,-40.400000000000006,249.6,-39.03467452316194,252.38897760598257
381,-1.0,0.76,1.0,-1.0,25.0,-155.0,25.59850456987129,-155.26482672983207,-35.8,-215.8,-28.239816184023454,-214.01961390384145,-160.8,99.2,-162.27268363219395,96.77920976416868
456,-1.0,0.8200000000000001,1.0,-1.0,25.0,-155.0,29.690335521841906,-157.6619690797004,-40.6,-220.6,-42.00418985678744,-224.293171123983,-165.60000000000002,109.40000000000002,-167.80359693266587,104.62313241533573
280,-1.0,0.88,1.0,1.0,-95.0,225.0,-95.68774391820729,222.65475766479,54.599999999999994,374.6,55.64141088695232,371.94315061735716,-40.400000000000006,249.6,-41.47604555322767,251.62177676009622
226,1.0,0.9199999999999999,1.0,-1.0,-155.0,25.0,-156.93505919029184,19.5621733621455,-228.6,-48.599999999999994,-226.71448825029424,-50.77846655075967,126.39999999999998,-173.6,120.99694845610907,-177.64198549293795
283,-1.0,0.56,1.0,-1.0,25.0,-155.0,22.72630776778459,-157.6387681577486,-19.800000000000004,-199.8,-19.23741664413681,-196.83560677498772,-144.8,65.2,-142.41912905768297,69.63563042627095
416,-1.0,0.72,1.0,-1.0,25.0,-155.0,30.198947278430097,-153.59825787327225,-32.599999999999994,-212.6,-35.78816821455704,-212.03196259683676,-157.6,92.4,-157.77992429916242,92.82796358241971
294,-1.0,0.88,1.0,-1.0,25.0,-155.0,22.637550321527442,-158.53237214278695,-45.4,-225.4,-44.65259839184874,-224.36759651309936,-170.4,119.6,-169.4780532147618,120.86263048198394
325,-1.0,0.54,1.0,-1.0,25.0,-155.0,25.27186265336684,-158.5408559919196,-18.20000000000001,-198.2,-21.151059952569966,-199.24121695040913,-143.2,61.8,-141.82094764322292,57.24068903150794
11,1.0,0.8,1.0,1.0,225.0,-95.0,219.07263641849386,-92.580418535365,361.0,41.00000000000001,360.7635784267165,40.56949090620589,236.0,-34.0,241.31240846647242,-33.99874074476074
301,-1.0,0.52,1.0,-1.0,25.0,-155.0,27.773519458673736,-160.1064026122925,-16.599999999999994,-196.6,-15.738222619763288,-197.7456031256438,-141.6,58.400000000000006,-143.2371919025559,59.16031732337456
110,-1.0,0.56,1.0,1.0,-95.0,225.0,-95.59806527150252,225.2227845377514,0.20000000000000995,320.2,-0.17134454684432116,317.0060945448642,-14.799999999999997,195.2,-17.60256885272064,192.80205540439223
209,1.0,0.98,1.0,-1.0,-155.0,25.0,-153.85417014080159,19.745645283501624,-233.4,-53.4,-235.71219278519,-62.220126630955235,136.6,-178.4,137.1423612266135,-184.08588467495392
213,-1.0,0.94,1.0,1.0,-95.0,225.0,-94.3973654516199,222.83178713124136,64.79999999999998,384.8,67.0825658992329,377.666884531532,-45.2,259.8,-44.0522908099293,258.28247921146783
368,-1.0,0.66,1.0,-1.0,25.0,-155.0,25.223426661462234,-154.25035214714896,-27.800000000000004,-207.8,-31.559164637717576,-209.23668098340215,-152.8,82.2,-156.37408323062672,81.47046274989603
180,1.0,0.64,1.0,-1.0,-155.0,25.0,-153.16176055512946,25.67772034566053,-206.20000000000002,-26.200000000000003,-205.94933879448678,-28.266938608942436,78.8,-151.2,75.37790129391867,-153.05103764094525
364,-1.0,1.0,1.0,-1.0,25.0,-155.0,20.363902219512664,-154.3528477215745,-55.0,-235.0,-53.28157642332976,-240.39885653075123,-180.0,140.0,-182.07927530176894,135.55191852116278
142,-1.0,0.96,1.0,1.0,-95.0,225.0,-91.95979987349352,223.9162913242129,68.19999999999999,388.2,69.93244447400775,387.7060101430544,-46.80000000000001,263.2,-46.3661999874887,266.7606889344228
404,-1.0,0.88,1.0,-1.0,25.0,-155.0,24.317819518206193,-153.95808375321013,-45.4,-225.4,-40.96666379714331,-218.23188232028417,-170.4,119.6,-170.49365189720038,123.23335208052923
73,-1.0,0.94,1.0,1.0,-95.0,225.0,-99.2122280239511,223.69206419204485,64.79999999999998,384.8,68.79438324953593,389.7014392012941,-45.2,259.8,-46.93578270946308,254.56117500035108
433,-1.0,0.96,1.0,-1.0,25.0,-155.0,21.384237655933198,-151.7945500450217,-51.8,-231.8,-46.416672763335406,-231.55607364595556,-176.8,133.2,-177.92363044210347,132.9741056100439
126,-1.0,0.74,1.0,1.0,-95.0,225.0,-96.03708125889725,226.74365246925882,30.799999999999997,350.8,32.447058340300494,350.38791148217814,-29.200000000000003,225.8,-29.714396960813897,227.50194903712014
186,-1.0,0.76,1.0,1.0,-95.0,225.0,-93.7315057888817,223.94372257210134,34.2,354.2,33.576568277490594,353.25353551039893,-30.799999999999997,229.2,-32.882462708842404,233.19256761694479
490,-1.0,0.58,1.0,-1.0,25.0,-155.0,20.607971393046473,-155.44599159390432,-21.4,-201.4,-18.430089012347334,-201.90447279818113,-146.4,68.6,-148.1605583790482,66.00851262766538
438,-1.0,0.9,1.0,-1.0,25.0,-155.0,27.208978267607794,-158.02910747545675,-47.0,-227.0,-46.073164282285994,-225.4244895813638,-172.0,123.0,-166.98919039584584,122.60186281619137
116,-1.0,0.6,1.0,1.0,-95.0,225.0,-94.14965954834562,230.4756950619281,7.0,327.0,2.087515504668646,326.7883981436678,-18.0,202.0,-18.6647784909284,198.6970886940408
393,-1.0,0.9199999999999999,1.0,-1.0,25.0,-155.0,28.039645048242797,-154.2105482315205,-48.599999999999994,-228.6,-52.08485133923197,-223.97949866645018,-173.6,126.39999999999998,-174.2923807846724,122.81868678992771
365,-1.0,0.66,1.0,-1.0,25.0,-155.0,29.340004223859765,-152.6122577666457,-27.800000000000004,-207.8,-28.001921341117953,-209.5194827156229,-152.8,82.2,-152.15914885165486,92.02871986790734
281,-1.0,0.86,1.0,-1.0,25.0,-155.0,22.134675741207506,-155.65972867717798,-43.8,-223.79999999999995,-44.27864271979813,-228.18301286602252,-168.8,116.2,-166.17555327115423,115.41469278757913
286,-1.0,0.8400000000000001,1.0,-1.0,25.0,-155.0,23.714314972218364,-155.1452996906062,-42.2,-222.2,-38.27679410493323,-221.3981147270251,-167.20000000000002,112.80000000000001,-167.1951810747717,116.19180088994489
354,-1.0,0.78,1.0,-1.0,25.0,-155.0,26.650482789958417,-156.656632119694,-37.400000000000006,-217.4,-38.80900453474608,-220.4682929668308,-162.4,102.6,-159.1015795042362,101.00125869491379
157,-1.0,0.72,1.0,1.0,-95.0,225.0,-92.59534221020581,224.06723235940981,27.4,347.4,25.24253933261008,345.9312106164239,-27.6,222.4,-24.714906975131804,226.79118049823293
149,-1.0,0.64,1.0,1.0,-95.0,225.0,-100.16075862495228,229.23562907507122,13.799999999999997,333.80000000000007,17.023573249391028,331.8748678864718,-21.200000000000003,208.8,-23.604345687989877,213.4906282803539
342,-1.0,0.86,1.0,-1.0,25.0,-155.0,24.009472980342192,-158.708224187259,-43.8,-223.79999999999995,-40.13837486935496,-217.54554438460912,-168.8,116.2,-173.85002206621493,117.22020966926769
359,-1.0,0.7,1.0,-1.0,25.0,-155.0,29.77467363135098,-148.02798379880355,-30.999999999999993,-211.0,-27.555225038634813,-213.24766357139782,-156.0,89.0,-154.10152062538003,89.28150979200869
239,1.0,0.54,1.0,-1.0,-155.0,25.0,-156.11467108385102,26.343351457601226,-198.2,-18.20000000000001,-196.48773679645743,-16.31336733749602,61.8,-143.2,56.88199937774062,-140.96573925016386
308,-1.0,0.64,1.0,-1.0,25.0,-155.0,22.984785774989703,-153.58994531358874,-26.200000000000003,-206.20000000000002,-23.66575943733412,-206.78567483929226,-151.2,78.8,-150.67017507913903,80.96449034434346
305,-1.0,0.6,1.0,-1.0,25.0,-155.0,25.689106587972145,-156.66392657384972,-23.0,-203.0,-25.606173933189993,-206.92521377627142,-148.0,72.0,-146.78491106904167,66.48048786214315
380,-1.0,0.98,1.0,-1.0,25.0,-155.0,24.071823315134267,-155.2430139980528,-53.4,-233.4,-56.91811665697581,-236.0825074598318,-178.4,136.6,-179.0895852942302,135.53491363708935
397,-1.0,0.8200000000000001,1.0,-1.0,25.0,-155.0,23.34355791876058,-155.96524319277842,-40.6,-220.6,-39.3408554693216,-225.46196899568542,-165.60000000000002,109.40000000000002,-162.034009377894,106.25162202670903
40,-1.0,0.52,1.0,1.0,-95.0,225.0,-90.5461766061334,223.09006007968722,-6.599999999999994,313.4,-4.1566243541764445,310.7594416666631,-11.599999999999994,188.4,-17.324980312444985,186.7886846547596
89,-1.0,0.6,1.0,1.0,-95.0,225.0,-95.83289937143708,226.77903787480133,7.0,327.0,7.378074728051114,329.4171924504669,-18.0,202.0,-19.385405057326178,200.96165250599435
109,-1.0,0.8,1.0,1.0,-95.0,225.0,-98.08849564537219,228.80071054962556,41.00000000000001,361.0,43.94442278668374,360.01724735228305,-34.0,236.0,-37.400607004872754,229.92909921508507
476,-1.0,0.72,1.0,-1.0,25.0,-155.0,26.103498955440767,-155.53416910454519,-32.599999999999994,-212.6,-30.264119165426973,-209.51108809119748,-157.6,92.4,-159.58504715185808,92.64953086164093
130,-1.0,0.86,1.0,1.0,-95.0,225.0,-93.05172556022823,227.33836243865977,51.2,371.19999999999993,51.85412467159499,370.52035694669155,-38.8,246.2,-42.54342672057642,250.32579399064497
184,-1.0,1.0,1.0,1.0,-95.0,225.0,-97.17437508977528,226.55525688594474,75.0,395.0,72.15304984079451,395.95080414872086,-50.0,270.0,-50.488264837033874,265.58916768030423
208,1.0,0.98,1.0,-1.0,-155.0,25.0,-157.38672883883373,23.274544872355577,-233.4,-53.4,-231.1661423677183,-58.1938732815748,136.6,-178.4,137.14471374889658,-179.90579491056127
300,-1.0,0.66,1.0,-1.0,25.0,-155.0,24.11373047796314,-154.00667215839263,-27.800000000000004,-207.8,-29.99566005762803,-210.56672521628215,-152.8,82.2,-153.77613178405105,77.2725361408289
207,-1.0,0.72,1.0,1.0,-95.0,225.0,-97.4227542160795,222.5059436889657,27.4,347.4,27.548577189016317,350.14391809400814,-27.6,222.4,-31.24560457173659,216.8495440617582
125,-1.0,0.8200000000000001,1.0,1.0,-95.0,225.0,-92.89991836313968,227.30679938732484,44.40000000000001,364.4,43.91465791078793,359.3127667347054,-35.60000000000001,239.40000000000003,-38.62514686410594,243.911643973191
134,-1.0,0.8200000000000001,1.0,1.0,-95.0,225.0,-95.28457799864428,227.0799674977369,44.40000000000001,364.4,41.6690177804986,363.6238166355363,-35.60000000000001,239.40000000000003,-34.377710524692375,240.54531441831784
138,-1.0,0.9,1.0,1.0,-95.0,225.0,-91.92851988600748,229.87080417435484,58.0,378.0,57.34425876593165,379.66470433691535,-42.0,253.0,-40.28145644343426,255.10352407766925
338,-1.0,0.72,1.0,-1.0,25.0,-155.0,24.340867840754346,-153.274309501073,-32.599999999999994,-212.6,-32.618120052419734,-213.20692093936793,-157.6,92.4,-161.17938118768768,99.03612287645612
191,-1.0,1.0,1.0,1.0,-95.0,225.0,-93.48012810335555,225.8218685085264,75.0,395.0,77.52877828173001,400.96112338585965,-50.0,270.0,-50.497145899997605,274.221369480267
394,-1.0,0.6,1.0,-1.0,25.0,-155.0,21.662655515271307,-155.75285201148725,-23.0,-203.0,-24.854349686595736,-202.95024315968234,-148.0,72.0,-147.55256478843856,67.51561362055276
276,-1.0,0.94,1.0,1.0,-95.0,225.0,-90.13909246848237,222.59404807457693,64.79999999999998,384.8,63.327604786472435,387.0679714750724,-45.2,259.8,-41.624005539633764,253.812134239081
485,-1.0,0.62,1.0,-1.0,25.0,-155.0,21.7390157323744,-155.86372170840238,-24.599999999999994,-204.6,-24.442588921244663,-203.41007709998502,-149.6,75.4,-147.56760141808297,77.30635928309732
405,-1.0,0.54,1.0,-1.0,25.0,-155.0,32.004281771922564,-150.24088141079844,-18.20000000000001,-198.2,-19.588586781147352,-197.66090694535256,-143.2,61.8,-144.75673660599858,66.56118075414459
146,-1.0,1.0,1.0,1.0,-95.0,225.0,-96.66973517066086,220.99104067513395,75.0,395.0,73.51405844508344,399.4616138033475,-50.0,270.0,-48.56384930306865,267.79701894146245
120,-1.0,0.86,1.0,1.0,-95.0,225.0,-99.1426182725094,227.2562574364537,51.2,371.19999999999993,53.68559082001154,373.8782852618621,-38.8,246.2,-40.11994616094394,240.92221744216258
129,-1.0,0.8400000000000001,1.0,1.0,-95.0,225.0,-92.55948136989768,222.0141930257171,47.800000000000026,367.8,48.39885005753656,370.3886730336439,-37.2,242.8,-33.722773131167514,243.76442016017526
153,-1.0,0.6799999999999999,1.0,1.0,-95.0,225.0,-97.14674038946328,225.92322315549097,20.599999999999987,340.6,19.394016877626036,340.08709336837575,-24.39999999999999,215.59999999999997,-27.337227569976058,215.03249384367976
387,-1.0,0.6799999999999999,1.0,-1.0,25.0,-155.0,23.47780308296584,-155.9477485396536,-29.4,-209.4,-29.972560553790803,-213.14540179765973,-154.39999999999998,85.59999999999998,-157.79806033331096,85.79417793443425
232,-1.0,0.74,1.0,1.0,-95.0,225.0,-94.45492528636129,224.63198854611383,30.799999999999997,350.8,32.057355426738155,354.11269772784755,-29.200000000000003,225.8,-32.00676598566579,229.09020277966926
259,-1.0,0.52,1.0,1.0,-95.0,225.0,-93.94099355717529,224.81830542934574,-6.599999999999994,313.4,-13.761924798941134,316.0012580194464,-11.599999999999994,188.4,-9.266010144459536,188.22830932192826
96,-1.0,0.54,1.0,1.0,-95.0,225.0,-92.61234505836723,227.5775664242143,-3.1999999999999957,316.8,-2.1895525572467607,310.93539095022,-13.200000000000003,191.8,-16.084470980626246,191.7932886894612
455,-1.0,0.54,1.0,-1.0,25.0,-155.0,23.78352034552264,-154.86557501797654,-18.20000000000001,-198.2,-19.60121774979681,-194.17649972247912,-143.2,61.8,-143.3094458639622,64.25602329265729
221,-1.0,0.78,1.0,1.0,-95.0,225.0,-101.826127476298,223.97048908725014,37.599999999999994,357.6,34.882467907562635,357.6777237602229,-32.400000000000006,232.6,-32.37651060163595,231.04643268181812
423,-1.0,0.86,1.0,-1.0,25.0,-155.0,24.114337640536732,-154.1640104118205,-43.8,-223.79999999999995,-39.923119156674346,-228.3397855289899,-168.8,116.2,-175.57909248428066,113.5239926584779
86,-1.0,0.56,1.0,1.0,-95.0,225.0,-95.91437803785398,222.87020660091648,0.20000000000000995,320.2,-3.9810896077908318,318.1505450571254,-14.799999999999997,195.2,-13.229662883806988,195.42403166732802
432,-1.0,0.8,1.0,-1.0,25.0,-155.0,26.43182194484217,-159.2326696036871,-39.00000000000001,-219.0,-38.713329026996604,-217.64063967012027,-164.0,106.0,-164.9610365001783,97.66418769849327
328,-1.0,0.58,1.0,-1.0,25.0,-155.0,23.16585877973719,-156.82734322341983,-21.4,-201.4,-23.764131601566245,-199.44607256886567,-146.4,68.6,-143.79659907779566,65.28020152162449
462,-1.0,0.8,1.0,-1.0,25.0,-155.0,23.444263795978834,-155.60894432433568,-39.00000000000001,-219.0,-33.5075988180341,-216.8109933208565,-164.0,106.0,-166.88260601877576,106.89397101937607
385,-1.0,0.52,1.0,-1.0,25.0,-155.0,24.07955402715,-157.88655632868026,-16.599999999999994,-196.6,-13.674075383231134,-196.6259029991261,-141.6,58.400000000000006,-141.96415394096965,62.04615587235969
464,-1.0,0.9199999999999999,1.0,-1.0,25.0,-155.0,22.21929149972908,-154.89068398528372,-48.599999999999994,-228.6,-48.30511356378545,-225.3065352682045,-173.6,126.39999999999998,-174.66787512219025,125.09388050578573
127,-1.0,0.98,1.0,1.0,-95.0,225.0,-91.69739157208453,225.8441534855716,71.6,391.6,75.33439058597537,387.27214712919,-48.400000000000006,266.6,-53.200099357510396,267.9885676227624
333,-1.0,0.94,1.0,-1.0,25.0,-155.0,25.87457127183399,-154.20051931769822,-50.199999999999996,-230.2,-49.39195754613385,-226.94723155230213,-175.2,129.8,-169.83542604582394,134.53235607630452
235,1.0,0.8,1.0,-1.0,-155.0,25.0,-153.58060776418938,25.343478462581107,-219.0,-39.00000000000001,-218.5894407867228,-40.302865641361976,106.0,-164.0,105.84998278005007,-162.82504626712432
452,-1.0,0.88,1.0,-1.0,25.0,-155.0,24.398456262883062,-150.02314960195366,-45.4,-225.4,-42.6985086126068,-224.8712403499438,-170.4,119.6,-168.53509425851772,127.85674085541163
108,-1.0,0.72,1.0,1.0,-95.0,225.0,-96.74933535267891,227.828583683611,27.4,347.4,26.380088339838327,350.90856562430304,-27.6,222.4,-30.898519275751358,225.58092091125897
465,-1.0,0.86,1.0,-1.0,25.0,-155.0,21.702406965190132,-152.8804066250395,-43.8,-223.79999999999995,-39.806890869053944,-220.69826140375622,-168.8,116.2,-165.11214289450712,118.3851737993426
7,1.0,0.78,1.0,1.0,225.0,-95.0,227.35813048672955,-92.39386806868526,357.6,37.599999999999994,363.34953663280163,32.63055176971,232.6,-32.400000000000006,231.99579785124445,-32.190036801822494
75,-1.0,0.8,1.0,1.0,-95.0,225.0,-95.44600008798518,223.7365535582528,41.00000000000001,361.0,38.16656269084936,361.4651447601999,-34.0,236.0,-34.22694444786992,233.77804822945762
59,-1.0,0.86,1.0,1.0,-95.0,225.0,-93.31545656286711,225.84834086094264,51.2,371.19999999999993,48.47733070228949,365.6664915952083,-38.8,246.2,-42.73262648054473,247.99390441605243
139,-1.0,0.98,1.0,1.0,-95.0,225.0,-94.1735196902509,221.3401478756811,71.6,391.6,71.19823873549524,389.72659413907394,-48.400000000000006,266.6,-49.38689598192101,266.384135310082
374,-1.0,0.7,1.0,-1.0,25.0,-155.0,27.24780026779508,-152.16887163526502,-30.999999999999993,-211.0,-30.020086261498825,-210.0583412900132,-156.0,89.0,-155.5503953588859,91.25541243744847
215,-1.0,0.8200000000000001,1.0,1.0,-95.0,225.0,-99.81047139930749,225.95137423591126,44.40000000000001,364.4,44.505699209026425,360.99891782655163,-35.60000000000001,239.40000000000003,-30.38267462667102,241.69800655496456
425,-1.0,0.94,1.0,-1.0,25.0,-155.0,25.46084243750173,-152.56273159329598,-50.199999999999996,-230.2,-52.96411458991662,-227.6306980218655,-175.2,129.8,-172.82285976272004,129.86421152251438
13,1.0,0.78,1.0,1.0,225.0,-95.0,217.47091068196102,-99.12279660582263,357.6,37.599999999999994,355.06836016088243,41.48856601054967,232.6,-32.400000000000006,231.25070265472758,-30.37283038607461
170,-1.0,0.96,1.0,1.0,-95.0,225.0,-88.44656220339948,222.05636858120278,68.19999999999999,388.2,66.23375274147402,390.1238316495226,-46.80000000000001,263.2,-44.89550293922772,264.50148558866533
19,1.0,0.64,1.0,1.0,225.0,-95.0,224.76714045072086,-97.35910913029151,333.80000000000007,13.799999999999997,330.68951284027673,15.07985331440536,208.8,-21.200000000000003,213.36094323314424,-21.84604988600679
93,-1.0,0.58,1.0,1.0,-95.0,225.0,-95.50027345864716,223.3550823188303,3.599999999999987,323.6,7.921435295830593,328.32241011786243,-16.400000000000006,198.6,-11.264685162256892,196.47333924768668
123,-1.0,0.9199999999999999,1.0,1.0,-95.0,225.0,-95.06711796737868,227.31371509271676,61.4,381.4,58.79606438827371,383.71369031936246,-43.59999999999998,256.4,-45.7884514816997,256.87500320818265
133,-1.0,0.8,1.0,1.0,-95.0,225.0,-94.91279404169643,225.08454883517769,41.00000000000001,361.0,38.084096967742695,364.8160981220215,-34.0,236.0,-34.022879758935915,233.53713171512356
388,-1.0,0.54,1.0,-1.0,25.0,-155.0,24.123983926715812,-156.47347108477524,-18.20000000000001,-198.2,-18.515624472504882,-200.02787246203195,-143.2,61.8,-139.28175304246957,64.44310819115371
329,-1.0,0.94,1.0,-1.0,25.0,-155.0,23.146931937783258,-155.3542072943411,-50.199999999999996,-230.2,-47.149623074581896,-228.96634364917833,-175.2,129.8,-177.37295449127728,129.20385632580192
27,-1.0,0.6,1.0,1.0,-95.0,225.0,-94.759705044218,218.96422374953016,7.0,327.0,8.799115417481925,327.7995082218852,-18.0,202.0,-20.257553964676678,203.5381609870446
489,-1.0,0.9,1.0,-1.0,25.0,-155.0,25.417045527377606,-153.9530122646951,-47.0,-227.0,-46.35552302875417,-228.07056954683802,-172.0,123.0,-171.85830454556125,120.77242282755316
52,-1.0,0.86,1.0,1.0,-95.0,225.0,-96.0942884975961,221.94801353569446,51.2,371.19999999999993,50.639434608182235,366.2017382152895,-38.8,246.2,-37.76453186567013,244.25948538045148
262,-1.0,0.76,1.0,1.0,-95.0,225.0,-91.9792740216444,222.99727085525575,34.2,354.2,34.72053734583575,350.28330257583883,-30.799999999999997,229.2,-40.416483235505304,227.73289497701077
145,-1.0,0.9199999999999999,1.0,1.0,-95.0,225.0,-90.70897565165006,220.92183246584028,61.4,381.4,62.04066772040487,382.9994529656131,-43.59999999999998,256.4,-43.764675095501154,254.1902813806259
115,-1.0,0.86,1.0,1.0,-95.0,225.0,-91.12797207763604,219.80681721973332,51.2,371.19999999999993,52.347349884881616,366.7373008680977,-38.8,246.2,-38.59824191279409,244.85503916526577
471,-1.0,0.8200000000000001,1.0,-1.0,25.0,-155.0,30.29996579814189,-153.18150042178038,-40.6,-220.6,-40.03464919639008,-219.28637161418368,-165.60000000000002,109.40000000000002,-165.88153053786507,112.44727297610065
285,-1.0,0.8400000000000001,1.0,1.0,-95.0,225.0,-93.44256619532811,228.72766767582442,47.800000000000026,367.8,47.61419532731747,374.25575600851016,-37.2,242.8,-40.66072532244386,243.67696930508654
91,-1.0,0.6799999999999999,1.0,1.0,-95.0,225.0,-90.85251191155636,222.03062708462798,20.599999999999987,340.6,18.43606131778214,337.45051793767556,-24.39999999999999,215.59999999999997,-29.906027074140706,215.9066436566726
298,-1.0,0.74,1.0,-1.0,25.0,-155.0,27.61475116906594,-154.73167675315943,-34.2,-214.2,-28.92628051846988,-218.49638105645695,-159.2,95.8,-158.02397981562714,93.70082456855515
78,-1.0,0.54,1.0,1.0,-95.0,225.0,-91.492396508779,219.91902813282755,-3.1999999999999957,316.8,-9.225949575656754,317.51301944532327,-13.200000000000003,191.8,-14.282224539328878,187.8741273233307
451,-1.0,0.56,1.0,-1.0,25.0,-155.0,29.22785275959142,-151.11401997126666,-19.800000000000004,-199.8,-25.930911031138024,-197.7127293856723,-144.8,65.2,-144.59198443709374,63.48945685152574
206,-1.0,0.78,1.0,1.0,-95.0,225.0,-96.23364798422503,230.79824423280982,37.599999999999994,357.6,40.91284346873985,360.6358339615808,-32.400000000000006,232.6,-28.009911291820522,237.75669186480062
373,-1.0,0.62,1.0,-1.0,25.0,-155.0,27.514357999947624,-155.44189698077227,-24.599999999999994,-204.6,-20.591349141866516,-201.0953039481249,-149.6,75.4,-151.85941554337836,77.48812378925146
55,-1.0,0.8200000000000001,1.0,1.0,-95.0,225.0,-96.20622391836874,231.63309806186356,44.40000000000001,364.4,42.12322075796867,368.63219516520866,-35.60000000000001,239.40000000000003,-35.783825355099886,236.3196435068227
273,-1.0,0.9,1.0,-1.0,25.0,-155.0,23.434839755666594,-155.00872471311249,-47.0,-227.0,-49.7601738433241,-230.30106811759302,-172.0,123.0,-169.23175902585896,118.91445049029791
376,-1.0,0.6799999999999999,1.0,-1.0,25.0,-155.0,26.953864478287727,-154.39185718987457,-29.4,-209.4,-29.668520564164723,-206.36581043335335,-154.39999999999998,85.59999999999998,-153.46309328360812,86.89019780301275
141,-1.0,0.8200000000000001,1.0,1.0,-95.0,225.0,-93.95576934048614,224.4820405586676,44.40000000000001,364.4,43.470229404567505,363.6166263136603,-35.60000000000001,239.40000000000003,-38.583793381736406,242.57329724020428
401,-1.0,0.96,1.0,-1.0,25.0,-155.0,19.275613657929277,-158.36885960907944,-51.8,-231.8,-54.06879748302709,-231.21660395693422,-176.8,133.2,-181.62904734148955,134.06466917739567
198,-1.0,0.8400000000000001,1.0,1.0,-95.0,225.0,-96.5410367641451,225.7199725590061,47.800000000000026,367.8,48.344201726028075,362.1972481663487,-37.2,242.8,-37.552361296767614,243.02485096515466
5,1.0,0.6,1.0,1.0,225.0,-95.0,223.92028438906172,-95.83736732966665,327.0,7.0,332.38819602139245,10.451793602467843,202.0,-18.0,192.9377614514328,-23.87722992879609
400,-1.0,0.6799999999999999,1.0,-1.0,25.0,-155.0,25.493093234004746,-153.8884513104253,-29.4,-209.4,-27.809649086388486,-207.1596795648085,-154.39999999999998,85.59999999999998,-150.38404893702037,84.57460036992865
436,-1.0,0.64,1.0,-1.0,25.0,-155.0,24.91598822749763,-160.37419125434002,-26.200000000000003,-206.20000000000002,-22.699212899636773,-207.25010310272208,-151.2,78.8,-153.7849025487012,80.31685955756801
114,-1.0,0.66,1.0,1.0,-95.0,225.0,-95.46317833075265,226.22887504189384,17.20000000000001,337.20000000000005,16.023566717708178,335.71727130969884,-22.799999999999997,212.2,-24.19141978845336,213.9851743220966
165,-1.0,0.76,1.0,1.0,-95.0,225.0,-92.59641711858592,227.00571908549642,34.2,354.2,35.25375099991817,358.8345179801592,-30.799999999999997,229.2,-33.00822377610321,232.42745382727094
382,-1.0,0.9,1.0,-1.0,25.0,-155.0,25.326664097332824,-151.94078511859135,-47.0,-227.0,-40.999535574662936,-227.53047169649616,-172.0,123.0,-175.8321141144691,126.42941246091465
322,-1.0,0.56,1.0,-1.0,25.0,-155.0,26.130461683115872,-163.455090598134,-19.800000000000004,-199.8,-20.714036327575407,-200.46574734484568,-144.8,65.2,-145.12260047618017,66.14927897085022
65,-1.0,0.7,1.0,1.0,-95.0,225.0,-98.15488540986216,220.28502672040568,23.999999999999993,344.0,27.60871400933368,342.73651572934233,-26.0,219.0,-31.37620830509067,216.49128450471778
48,-1.0,0.74,1.0,1.0,-95.0,225.0,-93.6585393772686,227.54334444436358,30.799999999999997,350.8,32.123158206866655,345.42607216931015,-29.200000000000003,225.8,-32.27864127372551,230.0149063420524
378,-1.0,0.6,1.0,-1.0,25.0,-155.0,21.000359537654273,-149.37465257112137,-23.0,-203.0,-19.190953736665755,-201.457611772353,-148.0,72.0,-149.4090305566579,70.44302895496394
261,-1.0,0.78,1.0,-1.0,25.0,-155.0,20.203329028991696,-151.91162851053943,-37.400000000000006,-217.4,-31.643552481731245,-223.0628030923517,-162.4,102.6,-165.1495612744277,99.46339339856596
304,-1.0,0.56,1.0,-1.0,25.0,-155.0,24.95455823132923,-157.966800003536,-19.800000000000004,-199.8,-16.26481157003318,-196.81176759191254,-144.8,65.2,-141.7052614217141,65.86282614484068
103,-1.0,0.58,1.0,1.0,-95.0,225.0,-95.3377594379629,219.62458922073142,3.599999999999987,323.6,-1.1477038721069857,325.17355269870836,-16.400000000000006,198.6,-13.736310186326484,194.7665328596089
339,-1.0,0.62,1.0,-1.0,25.0,-155.0,29.467149484283144,-157.0268048528608,-24.599999999999994,-204.6,-23.582677263190913,-208.40925096029645,-149.6,75.4,-148.51965946326288,73.46737024329049
253,1.0,0.66,1.0,-1.0,-155.0,25.0,-154.49974575046642,22.77711703599426,-207.8,-27.800000000000004,-204.2715995982669,-28.27179757905678,82.2,-152.8,86.0071271661693,-147.7786927924827
275,-1.0,0.8200000000000001,1.0,-1.0,25.0,-155.0,29.847653179555618,-154.82776449663177,-40.6,-220.6,-39.12433005308781,-216.0163017398308,-165.60000000000002,109.40000000000002,-167.8319170829438,113.33701438003584
312,-1.0,0.74,1.0,-1.0,25.0,-155.0,28.26086909393279,-156.88061050326405,-34.2,-214.2,-32.46428267246153,-212.74188168906326,-159.2,95.8,-154.44026770647812,92.16511849301581
369,-1.0,0.96,1.0,-1.0,25.0,-155.0,27.041813957803747,-151.77490058326472,-51.8,-231.8,-49.52057053258428,-231.21067817995066,-176.8,133.2,-177.6766264805044,132.33530869786466
21,1.0,0.78,1.0,1.0,225.0,-95.0,222.40147303935657,-104.54147270803253,357.6,37.599999999999994,358.04725830604747,36.28273934871476,232.6,-32.400000000000006,231.68909513924288,-30.465629321190825
366,-1.0,0.96,1.0,-1.0,25.0,-155.0,24.311793096675153,-156.15704671171235,-51.8,-231.8,-55.844202028705595,-228.406373317916,-176.8,133.2,-173.9270344664197,135.61388752420797
299,-1.0,0.8400000000000001,1.0,-1.0,25.0,-155.0,26.15713786297307,-151.33494219523328,-42.2,-222.2,-41.127917736731405,-229.10628060449397,-167.20000000000002,112.80000000000001,-167.38947783685498,107.75751283503406
277,-1.0,0.54,1.0,-1.0,25.0,-155.0,20.92533806635666,-164.26658041176728,-18.20000000000001,-198.2,-19.747444147480156,-197.75996861267765,-143.2,61.8,-139.33357497178855,58.17741424555226
437,-1.0,0.8,1.0,-1.0,25.0,-155.0,21.44903426007715,-158.65123073197734,-39.00000000000001,-219.0,-40.75121719915806,-221.75211149719064,-164.0,106.0,-164.2221826836074,106.73100656380738
254,1.0,0.78,1.0,-1.0,-155.0,25.0,-148.86024652227326,29.96173459198269,-217.4,-37.400000000000006,-216.71302112591604,-38.22051529681276,102.6,-162.4,104.59776644874621,-164.78755194527307
29,-1.0,0.86,1.0,1.0,-95.0,225.0,-96.51157492832776,224.08830169272403,51.2,371.19999999999993,51.115741145176145,363.7924290351019,-38.8,246.2,-39.730107786207675,244.74957196690073
392,-1.0,0.56,1.0,-1.0,25.0,-155.0,26.35169160345886,-152.7925548011233,-19.800000000000004,-199.8,-14.667039775116253,-202.3628257928359,-144.8,65.2,-149.20266204843404,63.82735582374016
230,-1.0,0.66,1.0,1.0,-95.0,225.0,-94.13845138874814,221.42534409358785,17.20000000000001,337.20000000000005,13.117844954323143,341.3609859905728,-22.799999999999997,212.2,-24.39802948766426,214.08212467230484
98,-1.0,0.62,1.0,1.0,-95.0,225.0,-92.34248726403001,229.29349662757411,10.399999999999999,330.4,9.047035126891256,330.23540539550777,-19.6,205.4,-20.20322887248354,209.223325379539
118,-1.0,0.8,1.0,1.0,-95.0,225.0,-92.15121558765519,222.70669371550247,41.00000000000001,361.0,42.70020184682592,357.00201549337106,-34.0,236.0,-31.800345516096563,230.794442666567
210,-1.0,1.0,1.0,1.0,-95.0,225.0,-95.66286709509318,224.54935908496216,75.0,395.0,78.26190681558083,392.848962880319,-50.0,270.0,-55.546357514673296,273.9732092609803
413,-1.0,0.74,1.0,-1.0,25.0,-155.0,24.463148088399556,-157.79882390944198,-34.2,-214.2,-41.16826817347616,-212.2576279950754,-159.2,95.8,-158.43260234457,91.48846816094527
63,-1.0,0.94,1.0,1.0,-95.0,225.0,-97.10258009822022,222.2882205323351,64.79999999999998,384.8,64.77716875825493,389.38892303120764,-45.2,259.8,-38.35975439616325,260.97336818893166
447,-1.0,0.66,1.0,-1.0,25.0,-155.0,25.390742212327844,-155.41709351389258,-27.800000000000004,-207.8,-35.2507001725962,-210.02183725949865,-152.8,82.2,-151.56444614564867,78.65372100088398
56,-1.0,0.74,1.0,1.0,-95.0,225.0,-93.44899794216019,225.66881007657798,30.799999999999997,350.8,34.88598197481801,348.6493324539634,-29.200000000000003,225.8,-29.42935559012249,222.06138566036233
494,-1.0,0.56,1.0,-1.0,25.0,-155.0,28.134661895309435,-150.5844139799429,-19.800000000000004,-199.8,-24.46237558904985,-204.98098020072632,-144.8,65.2,-142.79087822456694,66.8340049879022
10,1.0,0.98,1.0,1.0,225.0,-95.0,223.84000568026357,-97.8905384335445,391.6,71.6,389.44665486442324,72.23643577787121,266.6,-48.400000000000006,273.2229339162125,-50.32255393519393
99,-1.0,0.64,1.0,1.0,-95.0,225.0,-98.04231253103345,221.7115285469159,13.799999999999997,333.80000000000007,14.501744893175456,331.7775413156895,-21.200000000000003,208.8,-20.707246430082478,205.1625996171107
357,-1.0,0.7,1.0,-1.0,25.0,-155.0,24.16326133807782,-150.42761263022936,-30.999999999999993,-211.0,-35.398205988049625,-212.3480397911145,-156.0,89.0,-158.77462801628246,92.9293815130558
293,-1.0,0.76,1.0,-1.0,25.0,-155.0,28.033234237194605,-152.28402191498463,-35.8,-215.8,-39.04660022533494,-218.85432415194632,-160.8,99.2,-161.2730930808551,95.57244373503066
34,-1.0,0.64,1.0,1.0,-95.0,225.0,-92.77598732504099,223.9644061718406,13.799999999999997,333.80000000000007,16.79034064197887,334.677527982373,-21.200000000000003,208.8,-22.197935451118507,210.1889642381999
124,-1.0,0.8,1.0,1.0,-95.0,225.0,-89.2963970239902,224.2857165697372,41.00000000000001,361.0,39.99850878875285,364.56082589267305,-34.0,236.0,-38.274641686623056,240.23106251926748
309,-1.0,0.66,1.0,-1.0,25.0,-155.0,22.869396177704175,-157.00191986820585,-27.800000000000004,-207.8,-29.653072174136973,-203.52621358772672,-152.8,82.2,-146.46667626651964,84.52403779397495
31,-1.0,0.72,1.0,1.0,-95.0,225.0,-97.5933314113516,223.13948405882195,27.4,347.4,25.520151322494144,346.32432102250334,-27.6,222.4,-26.46440115359401,221.8354953254565
409,-1.0,0.62,1.0,-1.0,25.0,-155.0,28.71079191008075,-159.19763580716318,-24.599999999999994,-204.6,-24.30979645877247,-203.9677073977151,-149.6,75.4,-144.91555163621194,76.06363348210857
66,-1.0,0.58,1.0,1.0,-95.0,225.0,-96.35573557935086,221.62293017624796,3.599999999999987,323.6,3.886206525805422,319.76287797923254,-16.400000000000006,198.6,-16.595973908608407,196.661076508313
287,-1.0,0.58,1.0,1.0,-95.0,225.0,-95.03412977696492,223.31631045031145,3.599999999999987,323.6,4.297833809637476,328.5618517623897,-16.400000000000006,198.6,-18.801145005816398,200.48165721354025
190,1.0,0.54,1.0,-1.0,-155.0,25.0,-162.94403733794846,30.51030995628672,-198.2,-18.20000000000001,-197.44996243663655,-18.190293520934517,61.8,-143.2,61.93969408192121,-144.47607503896708
92,-1.0,0.66,1.0,1.0,-95.0,225.0,-93.56953814966923,228.87047431804405,17.20000000000001,337.20000000000005,18.271109853109756,341.05930478641,-22.799999999999997,212.2,-22.905271738890892,214.07028861268788
22,1.0,0.9199999999999999,1.0,1.0,225.0,-95.0,221.72807945017482,-90.65320966941086,381.4,61.4,385.6860117076425,60.07495424545768,256.4,-43.59999999999998,252.73391747809418,-46.83352505426023
156,-1.0,0.94,1.0,1.0,-95.0,225.0,-94.74301039265542,222.05490434346896,64.79999999999998,384.8,62.16045600719503,383.5563182670084,-45.2,259.8,-37.27651365745939,261.9452265930545
225,-1.0,0.76,1.0,1.0,-95.0,225.0,-90.71811503750226,223.77891907975857,34.2,354.2,29.14945026018355,357.4017249776933,-30.799999999999997,229.2,-28.998707156717167,227.63402820093881
85,-1.0,0.9199999999999999,1.0,1.0,-95.0,225.0,-97.77458696058828,222.67991039147103,61.4,381.4,63.18628425108647,382.44177810005857,-43.59999999999998,256.4,-43.53023832684224,256.573009278977
439,-1.0,0.96,1.0,-1.0,25.0,-155.0,26.907485280716404,-155.33739957017968,-51.8,-231.8,-52.462808439713406,-231.22634569539358,-176.8,133.2,-174.8626515929864,132.6709116279482
410,-1.0,0.74,1.0,-1.0,25.0,-155.0,22.669501973106176,-158.5563342274624,-34.2,-214.2,-36.190802507898546,-213.86832931868065,-159.2,95.8,-158.72384907023581,93.18145710234226
50,-1.0,0.96,1.0,1.0,-95.0,225.0,-96.93535953007779,219.56845264062832,68.19999999999999,388.2,73.99611042516061,395.4438992715184,-46.80000000000001,263.2,-51.37932590862241,264.7593672094971
113,-1.0,0.6799999999999999,1.0,1.0,-95.0,225.0,-98.06613641813341,223.72100567073366,20.599999999999987,340.6,23.60221275588748,338.7204973039324,-24.39999999999999,215.59999999999997,-24.767666709875076,215.1948645326394
284,-1.0,0.96,1.0,-1.0,25.0,-155.0,20.32261282236785,-153.5409027331827,-51.8,-231.8,-51.79252753895859,-234.6071202313503,-176.8,133.2,-180.91752551224468,136.25482122558958
319,-1.0,0.78,1.0,-1.0,25.0,-155.0,26.156783532673153,-152.94638516609822,-37.400000000000006,-217.4,-38.66526562400536,-222.2001724569344,-162.4,102.6,-164.16069014259813,104.66659058364816
407,-1.0,0.98,1.0,-1.0,25.0,-155.0,21.3806207483498,-155.97072312989363,-53.4,-233.4,-55.09665851429896,-234.0965373860664,-178.4,136.6,-185.31559763343762,141.04539031129383
390,-1.0,0.98,1.0,-1.0,25.0,-155.0,28.914314267810994,-155.88037613536412,-53.4,-233.4,-56.16337641494171,-235.07329203654913,-178.4,136.6,-180.08206614607403,135.75657364884069
67,-1.0,0.72,1.0,1.0,-95.0,225.0,-90.17944128598475,224.07641554096415,27.4,347.4,25.033512016745433,347.66772055536046,-27.6,222.4,-29.553003677830745,220.7832904140304
37,-1.0,0.6,1.0,1.0,-95.0,225.0,-96.96012799837146,224.52738915756626,7.0,327.0,8.218972531269369,328.3071835113624,-18.0,202.0,-19.168451685912796,203.72962485263076
175,-1.0,0.96,1.0,1.0,-95.0,225.0,-95.43693717062114,226.44525427363473,68.19999999999999,388.2,73.48420926601759,390.2289001255243,-46.80000000000001,263.2,-45.46466958807061,262.6590655113469
255,1.0,0.56,1.0,-1.0,-155.0,25.0,-158.4907447376931,26.400134187738438,-199.8,-19.800000000000004,-200.31366359182152,-18.414138571622615,65.2,-144.8,64.9319635454333,-145.90212124065286
422,-1.0,0.58,1.0,-1.0,25.0,-155.0,25.418413126477372,-154.1623643248861,-21.4,-201.4,-26.444538283833573,-198.2948939834288,-146.4,68.6,-151.4854554861657,68.98887851747139
117,-1.0,0.98,1.0,1.0,-95.0,225.0,-95.60941325204412,228.46893969671132,71.6,391.6,73.97949765156808,391.88456251338255,-48.400000000000006,266.6,-49.961775150882666,265.1053148095647
350,-1.0,0.74,1.0,-1.0,25.0,-155.0,29.941519519384332,-156.35871689422575,-34.2,-214.2,-39.04823523685595,-210.9369069767472,-159.2,95.8,-159.8291407921933,96.13342005284167
260,-1.0,0.88,1.0,1.0,-95.0,225.0,-92.05853750995215,228.1099879087307,54.599999999999994,374.6,55.08558629761471,370.60074172165514,-40.400000000000006,249.6,-41.054694726012485,251.87314539009472
160,-1.0,0.88,1.0,1.0,-95.0,225.0,-100.10338725315057,226.03759300465663,54.599999999999994,374.6,51.63051754778915,374.7397176404328,-40.400000000000006,249.6,-40.345616485462365,253.0492747460257
290,-1.0,0.62,1.0,-1.0,25.0,-155.0,24.164715796575233,-154.78393462864048,-24.599999999999994,-204.6,-26.78564961088508,-202.8620421932478,-149.6,75.4,-147.67006058866738,67.25095451635593
408,-1.0,0.94,1.0,-1.0,25.0,-155.0,26.24269760533347,-152.14865455625724,-50.199999999999996,-230.2,-49.91882735569794,-233.78903870530422,-175.2,129.8,-173.37891115548075,132.35504678056037
267,-1.0,0.7,1.0,1.0,-95.0,225.0,-93.96487917075315,228.9226099400711,23.999999999999993,344.0,24.147997573700895,342.6614175681349,-26.0,219.0,-26.96729857677738,214.77200630809446
453,-1.0,0.94,1.0,-1.0,25.0,-155.0,24.151486262959615,-149.2777236700116,-50.199999999999996,-230.2,-51.87438301972372,-233.12380450885993,-175.2,129.8,-175.32662000913308,129.29083657993996
335,-1.0,0.88,1.0,-1.0,25.0,-155.0,23.086626257580832,-151.31535724950723,-45.4,-225.4,-51.908047393234995,-225.14982506891167,-170.4,119.6,-166.27969804405697,115.26881760111465
72,-1.0,0.64,1.0,1.0,-95.0,225.0,-91.62289656507019,226.31612077640742,13.799999999999997,333.80000000000007,8.170530748613817,332.86398808743905,-21.200000000000003,208.8,-25.760689731647766,207.18736426110746
318,-1.0,0.8400000000000001,1.0,-1.0,25.0,-155.0,26.308138673742512,-150.1145604730877,-42.2,-222.2,-44.67301602324208,-221.98550123352766,-167.20000000000002,112.80000000000001,-170.49356546008997,114.7992144784221
406,-1.0,0.56,1.0,-1.0,25.0,-155.0,24.01053003741506,-154.15865889552296,-19.800000000000004,-199.8,-23.960645524329934,-200.21031666638672,-144.8,65.2,-145.73173403080247,60.26691444900762
104,-1.0,0.66,1.0,1.0,-95.0,225.0,-95.41350819997835,224.0270924359495,17.20000000000001,337.20000000000005,9.983621711931917,338.9905033956129,-22.799999999999997,212.2,-20.57644084000737,215.49560213387872
192,-1.0,1.0,1.0,1.0,-95.0,225.0,-100.90451376554618,224.7696666647533,75.0,395.0,77.16751360784528,397.7000092862645,-50.0,270.0,-49.13838723614385,268.95243508949414
167,-1.0,0.6799999999999999,1.0,1.0,-95.0,225.0,-97.02908206226354,228.97665153212458,20.599999999999987,340.6,19.445145865257434,337.3727347412235,-24.39999999999999,215.59999999999997,-23.285722621775992,212.94729232593915
257,1.0,0.78,1.0,-1.0,-155.0,25.0,-153.97719353035234,26.447410579744766,-217.4,-37.400000000000006,-218.98180003307633,-40.336003159544546,102.6,-162.4,99.63975458371914,-166.7311642604254
88,-1.0,0.62,1.0,1.0,-95.0,225.0,-96.6572551691284,226.2862348103019,10.399999999999999,330.4,11.724446189119309,331.73800819415027,-19.6,205.4,-20.862304283538688,208.68404124689172
2,1.0,0.6,1.0,1.0,225.0,-95.0,225.4317570928051,-93.93500412364996,327.0,7.0,331.2715168102735,7.069322637334488,202.0,-18.0,201.21937826555575,-24.958526621207668
395,-1.0,0.8,1.0,-1.0,25.0,-155.0,23.444269970902038,-152.22319502485664,-39.00000000000001,-219.0,-36.40430027156201,-221.19592663456007,-164.0,106.0,-164.37068985753598,105.03651580659557
79,-1.0,0.9199999999999999,1.0,1.0,-95.0,225.0,-94.89099277963473,225.32317324220912,61.4,381.4,61.042819013702285,377.86769853438165,-43.59999999999998,256.4,-42.85684008379496,259.4911588183949
434,-1.0,0.74,1.0,-1.0,25.0,-155.0,19.354439619703555,-156.11225941728114,-34.2,-214.2,-30.74226584033981,-210.279763458148,-159.2,95.8,-161.85117234111536,93.68567503707382
440,-1.0,0.98,1.0,-1.0,25.0,-155.0,24.847491879337596,-153.91286345233988,-53.4,-233.4,-54.01259000675435,-234.16775432329456,-178.4,136.6,-176.38633853611455,138.7537408268282
356,-1.0,0.9,1.0,-1.0,25.0,-155.0,18.006345575261307,-161.63668158765867,-47.0,-227.0,-49.23541520051385,-226.8301592458889,-172.0,123.0,-172.26504699539734,126.22307960197611
487,-1.0,0.6799999999999999,1.0,-1.0,25.0,-155.0,26.581308879305702,-154.56741703514646,-29.4,-209.4,-36.47448309733088,-212.93781772781534,-154.39999999999998,85.59999999999998,-156.06358716571305,83.26633330746382
80,-1.0,0.6799999999999999,1.0,1.0,-95.0,225.0,-89.12503397816471,228.53651234700192,20.599999999999987,340.6,23.77063707755059,344.53244876647415,-24.39999999999999,215.59999999999997,-22.07539840307181,215.69710769675766
164,-1.0,0.62,1.0,1.0,-95.0,225.0,-98.72310631096894,223.11706495847213,10.399999999999999,330.4,9.724893044180142,332.6918180815333,-19.6,205.4,-22.107669450288757,206.61858358498765
499,-1.0,0.76,1.0,-1.0,25.0,-155.0,31.038532317685252,-154.84731168076888,-35.8,-215.8,-42.58197079885836,-213.05263599916182,-160.8,99.2,-157.10556114267038,102.75282163859255
107,-1.0,0.74,1.0,1.0,-95.0,225.0,-94.6558785238528,224.88384146349154,30.799999999999997,350.8,33.224317076648234,348.93294271168406,-29.200000000000003,225.8,-30.546321706107616,224.20152240666195
203,-1.0,0.66,1.0,1.0,-95.0,225.0,-92.41218148490246,225.33229283919874,17.20000000000001,337.20000000000005,14.127923680815904,342.36635352442516,-22.799999999999997,212.2,-21.39506278604363,212.55104068460415
419,-1.0,0.8200000000000001,1.0,-1.0,25.0,-155.0,27.207748913167038,-151.68489403737922,-40.6,-220.6,-44.62146220899993,-222.09787198774302,-165.60000000000002,109.40000000000002,-167.2267864910479,106.0488597552328
474,-1.0,0.8,1.0,-1.0,25.0,-155.0,34.0148994784637,-156.64818506300523,-39.00000000000001,-219.0,-41.46104554491996,-216.38973293382634,-164.0,106.0,-167.91934873014094,103.58872021919046
43,-1.0,0.72,1.0,1.0,-95.0,225.0,-93.4410972995844,225.24774336661235,27.4,347.4,25.525691998879964,349.5776507361474,-27.6,222.4,-30.883923611415568,223.39434799733695
421,-1.0,0.96,1.0,-1.0,25.0,-155.0,22.49160925635117,-158.6721187701888,-51.8,-231.8,-57.21074087819809,-231.61716735909886,-176.8,133.2,-176.3397522766169,130.59876426680526
352,-1.0,0.88,1.0,-1.0,25.0,-155.0,25.77554419335441,-155.02072274003072,-45.4,-225.4,-49.60882697321153,-231.68135748488925,-170.4,119.6,-174.6136512909634,121.51960075060622
44,-1.0,0.8400000000000001,1.0,1.0,-95.0,225.0,-93.01898143563983,229.42427764211163,47.800000000000026,367.8,45.858803592499385,368.3215885754124,-37.2,242.8,-36.5454980557436,239.19640092366595
493,-1.0,0.9,1.0,-1.0,25.0,-155.0,20.882025615223156,-148.58822674487124,-47.0,-227.0,-44.30715026011791,-232.18810172290108,-172.0,123.0,-174.79661213661063,118.61388733578349
152,-1.0,0.7,1.0,1.0,-95.0,225.0,-99.88722464234762,226.68075425048352,23.999999999999993,344.0,23.393525711725754,344.24906817472186,-26.0,219.0,-26.574707418608035,219.17516633960986
264,-1.0,0.6,1.0,-1.0,25.0,-155.0,23.405230000697617,-152.53936557557532,-23.0,-203.0,-23.368113349914083,-207.04987262683548,-148.0,72.0,-148.53885624924544,69.44311686079152
9,1.0,0.58,1.0,1.0,225.0,-95.0,229.61245646417714,-92.93150871742012,323.6,3.599999999999987,320.8108890423612,2.8484953198264056,198.6,-16.400000000000006,195.28306409278193,-16.821517499862715
479,-1.0,0.58,1.0,-1.0,25.0,-155.0,24.957113330097137,-150.6255446486331,-21.4,-201.4,-20.8537496816799,-203.4402582252308,-146.4,68.6,-153.35072931632322,70.28170217210752
306,-1.0,0.52,1.0,-1.0,25.0,-155.0,26.748774591176122,-155.3984159212818,-16.599999999999994,-196.6,-16.871795392548496,-198.3705247038757,-141.6,58.400000000000006,-139.402645278706,60.32414074221333
229,1.0,0.72,1.0,-1.0,-155.0,25.0,-158.40374810812784,27.653916349479207,-212.6,-32.599999999999994,-217.67403680697828,-31.11357428948932,92.4,-157.6,90.77651079039288,-162.50486718130432
128,-1.0,0.98,1.0,1.0,-95.0,225.0,-99.85725626073443,230.67444866296216,71.6,391.6,74.97552523226571,394.0185697568565,-48.400000000000006,266.6,-49.13374858662842,270.1693727248974
326,-1.0,0.78,1.0,-1.0,25.0,-155.0,20.587792991245777,-153.09115499918803,-37.400000000000006,-217.4,-34.403310634935465,-216.63617458514946,-162.4,102.6,-162.8423254373553,101.87965699005812
177,-1.0,0.98,1.0,1.0,-95.0,225.0,-100.38462207584452,220.80459407315587,71.6,391.6,76.23436498951234,393.6997653994485,-48.400000000000006,266.6,-46.518315484949504,267.3136012171829
214,-1.0,0.74,1.0,1.0,-95.0,225.0,-92.77298324473706,223.10589352372372,30.799999999999997,350.8,32.21020294404838,349.7197859401096,-29.200000000000003,225.8,-24.445393960592547,226.6607766270701
244,-1.0,0.96,1.0,1.0,-95.0,225.0,-94.01163589986356,226.66532762869937,68.19999999999999,388.2,67.5614276325366,387.48844978222616,-46.80000000000001,263.2,-46.093734048626,264.2564457109764
371,-1.0,0.94,1.0,-1.0,25.0,-155.0,24.745491457146837,-150.22811053022065,-50.199999999999996,-230.2,-50.80042467319948,-229.73746794300894,-175.2,129.8,-174.62765108321472,122.61577003176757
314,-1.0,1.0,1.0,-1.0,25.0,-155.0,19.65041882816793,-155.65797866112996,-55.0,-235.0,-56.037727776932144,-238.12032587373207,-180.0,140.0,-182.4733713550407,137.410275933807
344,-1.0,0.54,1.0,-1.0,25.0,-155.0,25.781318344497794,-155.1580422500141,-18.20000000000001,-198.2,-23.901601876331952,-196.82904253046036,-143.2,61.8,-138.00249102223842,62.50935581149919
28,-1.0,0.8400000000000001,1.0,1.0,-95.0,225.0,-97.28510040730194,223.37025767566587,47.800000000000026,367.8,48.14232254868575,364.39089498066994,-37.2,242.8,-42.04775330721862,244.6787409449963
119,-1.0,0.72,1.0,1.0,-95.0,225.0,-100.8581829230178,226.32463681082882,27.4,347.4,22.13723964217866,344.070870110118,-27.6,222.4,-27.593330387704388,222.28494115094028
463,-1.0,0.6799999999999999,1.0,-1.0,25.0,-155.0,24.40863029802427,-158.02197016721135,-29.4,-209.4,-27.20869479690356,-207.4344956756334,-154.39999999999998,85.59999999999998,-154.94153632533624,84.21430364835574
268,-1.0,0.76,1.0,-1.0,25.0,-155.0,21.13604689996832,-153.10451159787652,-35.8,-215.8,-31.530695371222834,-213.04233229361606,-160.8,99.2,-159.35655617004696,100.09457603989068
426,-1.0,0.64,1.0,-1.0,25.0,-155.0,20.475081674188157,-154.7481888645091,-26.200000000000003,-206.20000000000002,-24.580061481588498,-207.94044500862324,-151.2,78.8,-151.2319221318898,74.20203297459751
483,-1.0,0.88,1.0,-1.0,25.0,-155.0,27.7821999158388,-157.27211991048955,-45.4,-225.4,-45.776613914398546,-224.78838607261306,-170.4,119.6,-174.1185059351575,115.63965800579427
68,-1.0,0.52,1.0,1.0,-95.0,225.0,-97.40218579342788,224.10492891483815,-6.599999999999994,313.4,-11.713971485813744,311.49149834029754,-11.599999999999994,188.4,-9.969864533683744,188.32062353958543
47,-1.0,0.74,1.0,1.0,-95.0,225.0,-96.50203475795706,223.74129546683443,30.799999999999997,350.8,33.925835233535835,346.21352343890374,-29.200000000000003,225.8,-26.676104178770267,224.05572122615544
245,1.0,0.98,1.0,-1.0,-155.0,25.0,-154.68157556107738,29.89275726194973,-233.4,-53.4,-236.82253502331756,-50.90093997603246,136.6,-178.4,137.20682151924487,-177.25356836613716
205,-1.0,0.56,1.0,1.0,-95.0,225.0,-98.10822777832894,222.68903415411927,0.20000000000000995,320.2,2.4285662482026535,321.080036647505,-14.799999999999997,195.2,-15.241657245150714,197.53577700448963
1,1.0,0.8400000000000001,1.0,1.0,225.0,-95.0,223.76375643468026,-92.73449614177153,367.8,47.800000000000026,368.7538178526854,48.51623006969466,242.8,-37.2,246.16983642066512,-31.16434755130564
360,-1.0,0.94,1.0,-1.0,25.0,-155.0,24.488666615966604,-160.9231365544433,-50.199999999999996,-230.2,-52.81612385940546,-230.65241353971467,-175.2,129.8,-173.54902681426353,127.83134944146937
472,-1.0,0.7,1.0,-1.0,25.0,-155.0,23.193826879738793,-151.8671458223348,-30.999999999999993,-211.0,-28.037022971828545,-212.5002833964682,-156.0,89.0,-154.95044636888522,91.15951136813406
228,1.0,0.64,1.0,-1.0,-155.0,25.0,-150.77077053901576,25.86465381877563,-206.20000000000002,-26.200000000000003,-203.41248089088054,-24.75605861136293,78.8,-151.2,79.56928710002848,-151.64522633447456
3,1.0,0.9,1.0,1.0,225.0,-95.0,223.71456148788525,-96.76527120137695,378.0,58.0,381.1744596930859,55.67971925809052,253.0,-42.0,252.46610460695697,-42.85704668794931
358,-1.0,0.6,1.0,-1.0,25.0,-155.0,20.881622286684973,-156.27838999571884,-23.0,-203.0,-24.893872123210347,-196.66815280024872,-148.0,72.0,-141.58959891035988,69.4448695314896
171,1.0,0.9199999999999999,1.0,-1.0,-155.0,25.0,-154.50504802289925,22.3723990502643,-228.6,-48.599999999999994,-226.53434934545584,-55.30173001123859,126.39999999999998,-173.6,120.66525367933308,-179.92299052918125
420,-1.0,0.66,1.0,-1.0,25.0,-155.0,22.521226653350613,-152.70836385803275,-27.800000000000004,-207.8,-28.193275103997628,-202.12838485361453,-152.8,82.2,-151.10617266879956,77.87721791820357
296,-1.0,0.86,1.0,-1.0,25.0,-155.0,25.659054768905033,-157.48192710419303,-43.8,-223.79999999999995,-48.003312536627206,-221.5284565590207,-168.8,116.2,-168.8172404076936,118.14269746058636
23,1.0,0.6799999999999999,1.0,1.0,225.0,-95.0,222.38259314144875,-91.35688237125291,340.6,20.599999999999987,336.9391258121513,15.951404972921491,215.59999999999997,-24.39999999999999,217.83533332011297,-22.890299785736996
295,-1.0,0.52,1.0,-1.0,25.0,-155.0,22.42816880124508,-157.2249923137265,-16.599999999999994,-196.6,-11.767803091718864,-195.70313647943416,-141.6,58.400000000000006,-138.00017020300692,62.67920189626132
18,1.0,0.94,1.0,1.0,225.0,-95.0,224.26041168810144,-94.78459859390233,384.8,64.79999999999998,385.6261413402489,67.01157137207663,259.8,-45.2,263.37986676250836,-43.4348483781112
25,-1.0,0.76,1.0,1.0,-95.0,225.0,-99.74068741411976,221.63942446750283,34.2,354.2,41.735465705684845,352.0140052980183,-30.799999999999997,229.2,-32.19652028316283,233.73197176646477
418,-1.0,0.96,1.0,-1.0,25.0,-155.0,25.415734269849644,-155.0201511270939,-51.8,-231.8,-50.50511665167613,-235.97055294459784,-176.8,133.2,-173.69228719880587,130.08020754767423
49,-1.0,0.54,1.0,1.0,-95.0,225.0,-98.22657107409115,222.70614220339613,-3.1999999999999957,316.8,-12.491048103472826,317.54852236958936,-13.200000000000003,191.8,-11.849543706772069,192.2156630147396
469,-1.0,0.8200000000000001,1.0,-1.0,25.0,-155.0,26.310622500984124,-149.98552356644905,-40.6,-220.6,-46.119610007646045,-217.91261984748814,-165.60000000000002,109.40000000000002,-164.31847458135184,107.55122877447073
348,-1.0,1.0,1.0,-1.0,25.0,-155.0,19.854341683246375,-156.71877494922225,-55.0,-235.0,-53.76193109162602,-226.04650032622948,-180.0,140.0,-179.25904194829474,143.89297659528654
6,1.0,0.88,1.0,1.0,225.0,-95.0,223.78662562824826,-93.73621841699146,374.6,54.599999999999994,374.71347594910833,55.053788521244776,249.6,-40.400000000000006,251.15309356484852,-33.93723668739073
189,1.0,0.8,1.0,-1.0,-155.0,25.0,-153.5802439719522,22.165308489814798,-219.0,-39.00000000000001,-222.80165197557622,-41.73038881924375,106.0,-164.0,105.56557544708927,-161.94729170690354
12,1.0,0.56,1.0,1.0,225.0,-95.0,223.2587632149113,-95.90672217490294,320.2,0.20000000000000995,320.15600008909126,4.4568363456578135,195.2,-14.799999999999997,195.03199879836953,-13.893148634644836
144,-1.0,0.64,1.0,1.0,-95.0,225.0,-99.37002560195687,222.64415432862808,13.799999999999997,333.80000000000007,22.146092646823973,329.69713352150296,-21.200000000000003,208.8,-21.847884705751287,204.31909637546116
54,-1.0,0.94,1.0,1.0,-95.0,225.0,-95.40596288262986,220.95273529514074,64.79999999999998,384.8,61.52153048405519,381.01879296800786,-45.2,259.8,-44.53474336068677,259.4840881863226
185,-1.0,0.74,1.0,1.0,-95.0,225.0,-97.06993806495299,229.86266776964516,30.799999999999997,350.8,32.99799493574791,352.5251325557022,-29.200000000000003,225.8,-24.889589257318438,229.54956518545566
132,-1.0,0.52,1.0,1.0,-95.0,225.0,-98.8957419802956,222.8631494302961,-6.599999999999994,313.4,-8.150399417881056,314.7773750607257,-11.599999999999994,188.4,-8.638303793538377,188.31567881012157
391,-1.0,0.6,1.0,-1.0,25.0,-155.0,26.728983784381192,-150.46112407648792,-23.0,-203.0,-20.683636761247527,-202.2331743332674,-148.0,72.0,-145.47176265544226,76.40301968173748
64,-1.0,0.8400000000000001,1.0,1.0,-95.0,225.0,-94.3394299172252,223.6858565142808,47.800000000000026,367.8,44.12037368475929,361.3083405065694,-37.2,242.8,-36.79414909071999,243.01770575482013
159,-1.0,0.64,1.0,1.0,-95.0,225.0,-93.8191601908063,221.1254961953391,13.799999999999997,333.80000000000007,13.420595092778095,332.34056294808147,-21.200000000000003,208.8,-19.82232353260949,204.91493197184417
194,-1.0,0.56,1.0,1.0,-95.0,225.0,-94.58839137900613,227.26425372991642,0.20000000000000995,320.2,-3.8700077433607403,317.2988579190111,-14.799999999999997,195.2,-16.444480994991114,193.0999375150403
151,-1.0,0.66,1.0,1.0,-95.0,225.0,-93.08331026740655,226.5500016920824,17.20000000000001,337.20000000000005,23.203853865635747,335.6492705302077,-22.799999999999997,212.2,-23.60261862703136,215.25880810250658
41,-1.0,0.76,1.0,1.0,-95.0,225.0,-91.04988243912885,231.34649403094403,34.2,354.2,30.75502516065882,357.19994655384204,-30.799999999999997,229.2,-30.60301286452254,230.00411730451282
403,-1.0,0.6799999999999999,1.0,-1.0,25.0,-155.0,25.76811050483981,-159.74013550255398,-29.4,-209.4,-29.847080237442796,-208.80662901678866,-154.39999999999998,85.59999999999998,-154.81617770000517,88.2218908896233
481,-1.0,0.76,1.0,-1.0,25.0,-155.0,32.03095389218279,-153.91946324215493,-35.8,-215.8,-28.498482546342444,-216.60149667902937,-160.8,99.2,-161.66757948953187,101.68139202348625
220,-1.0,0.76,1.0,1.0,-95.0,225.0,-89.04693753465253,224.6099292488472,34.2,354.2,33.36630434985463,357.59093895211544,-30.799999999999997,229.2,-33.05026456981021,224.33696967379603
243,1.0,0.9199999999999999,1.0,-1.0,-155.0,25.0,-155.4506892910939,28.802489732272026,-228.6,-48.599999999999994,-225.54966033202723,-50.89264686376988,126.39999999999998,-173.6,125.50186012421074,-173.92517801806727
150,-1.0,0.8200000000000001,1.0,1.0,-95.0,225.0,-94.69486036113315,225.62637841950368,44.40000000000001,364.4,44.94355840799308,362.15018137949295,-35.60000000000001,239.40000000000003,-36.20267975223653,239.4808658605517
60,-1.0,0.8200000000000001,1.0,1.0,-95.0,225.0,-94.21188503031216,222.49994930002364,44.40000000000001,364.4,49.899906609792886,363.84856553459264,-35.60000000000001,239.40000000000003,-34.30617233361801,236.11717558353962
36,-1.0,0.64,1.0,1.0,-95.0,225.0,-93.24254953705038,224.18475897959553,13.799999999999997,333.80000000000007,13.353265611683947,332.6025896093438,-21.200000000000003,208.8,-19.71723314982592,209.07430290804098
83,-1.0,0.56,1.0,1.0,-95.0,225.0,-89.53596377250993,222.7406346890153,0.20000000000000995,320.2,3.414738843150544,319.43396685246876,-14.799999999999997,195.2,-10.755801647962734,191.4006447866579
224,-1.0,1.0,1.0,1.0,-95.0,225.0,-91.09007193385051,223.34915098792558,75.0,395.0,70.47996045145736,399.554390100289,-50.0,270.0,-52.14558190826491,272.94377368977814
480,-1.0,0.6,1.0,-1.0,25.0,-155.0,22.41332260887077,-155.12078276890333,-23.0,-203.0,-23.981281677520176,-201.8450630034292,-148.0,72.0,-147.59733225549047,74.26445370544445
140,-1.0,0.72,1.0,1.0,-95.0,225.0,-98.57104060647751,226.63625001308426,27.4,347.4,26.7164049081038,350.55726084964965,-27.6,222.4,-26.373843920819688,222.73192394842775
154,-1.0,0.56,1.0,1.0,-95.0,225.0,-92.79218350022691,223.66962637001077,0.20000000000000995,320.2,-2.9267995631856785,323.1214832216493,-14.799999999999997,195.2,-17.98573740864546,190.58137065062402
415,-1.0,0.8200000000000001,1.0,-1.0,25.0,-155.0,25.937879221844973,-159.81703383017887,-40.6,-220.6,-40.759598212030895,-219.39396162867644,-165.60000000000002,109.40000000000002,-171.3577156628013,116.79833890330003
377,-1.0,0.62,1.0,-1.0,25.0,-155.0,23.143099303024123,-156.59703446707573,-24.599999999999994,-204.6,-28.333290087472008,-207.51213621800926,-149.6,75.4,-145.27557028180752,70.31779008515387
17,1.0,0.96,1.0,1.0,225.0,-95.0,224.7319390738519,-94.70857422583929,388.2,68.19999999999999,386.3413479234359,69.39179643656787,263.2,-46.80000000000001,262.0430819444637,-48.94513649528086
193,-1.0,0.9,1.0,1.0,-95.0,225.0,-93.31946548375319,225.66228640456353,58.0,378.0,59.331391325348136,379.750564828833,-42.0,253.0,-42.53854147050671,251.98074780121584
219,-1.0,0.96,1.0,1.0,-95.0,225.0,-94.21170524168487,223.15682633371182,68.19999999999999,388.2,70.45076246270156,387.5921547205899,-46.80000000000001,263.2,-45.97382995021748,266.07702369826245
102,-1.0,0.86,1.0,1.0,-95.0,225.0,-91.09401051570788,220.71686463404063,51.2,371.19999999999993,50.082709070029225,375.2054779631067,-38.8,246.2,-39.38025735589715,247.01102819520756
46,-1.0,0.96,1.0,1.0,-95.0,225.0,-91.89595264447932,227.44758095220774,68.19999999999999,388.2,70.86300100026185,385.22532423129195,-46.80000000000001,263.2,-46.71970009551067,262.253586161413
302,-1.0,0.98,1.0,-1.0,25.0,-155.0,23.723133822766634,-156.95328979118148,-53.4,-233.4,-50.06776799013984,-232.6430337017497,-178.4,136.6,-179.36543702296046,136.411782381468
100,-1.0,0.54,1.0,1.0,-95.0,225.0,-93.49369629971719,225.45159923852376,-3.1999999999999957,316.8,-1.4014777843483013,318.47094645060366,-13.200000000000003,191.8,-17.33305371384784,191.14785960500117
8,1.0,0.54,1.0,1.0,225.0,-95.0,227.84551647991987,-93.62486371475465,316.8,-3.1999999999999957,313.6962664598383,-7.656429893495832,191.8,-13.200000000000003,197.10236479396636,-17.936708826170943
307,-1.0,1.0,1.0,-1.0,25.0,-155.0,31.84777973238775,-151.06729844719834,-55.0,-235.0,-53.666046463577935,-232.04479582258145,-180.0,140.0,-172.47770564816344,139.38469056160267
270,-1.0,0.72,1.0,-1.0,25.0,-155.0,26.909187649924675,-156.61287535266706,-32.599999999999994,-212.6,-34.04862934747995,-209.54312594804588,-157.6,92.4,-160.7425128882621,94.02450012846752
417,-1.0,0.58,1.0,-1.0,25.0,-155.0,26.921823580668025,-151.20247825912918,-21.4,-201.4,-20.323522860880125,-198.48974051965496,-146.4,68.6,-145.43181017766827,66.05028649282218
94,-1.0,0.98,1.0,1.0,-95.0,225.0,-94.64234619522493,223.196029844877,71.6,391.6,72.59951535779659,393.39668103861675,-48.400000000000006,266.6,-48.98173830255717,266.0312905700463
179,-1.0,0.74,1.0,1.0,-95.0,225.0,-97.22173975343622,219.609641513342,30.799999999999997,350.8,27.34266235213866,355.56957682322826,-29.200000000000003,225.8,-31.712941780617573,226.15863373571182
351,-1.0,0.78,1.0,-1.0,25.0,-155.0,29.439465693028424,-152.80483661584304,-37.400000000000006,-217.4,-34.2257247048901,-214.98768807751793,-162.4,102.6,-162.80654810272685,99.94867699509389
256,-1.0,0.6,1.0,1.0,-95.0,225.0,-95.13870100232955,223.13995944772267,7.0,327.0,4.599783318001689,326.5583546457441,-18.0,202.0,-19.495468953604714,195.3769292681901
450,-1.0,1.0,1.0,-1.0,25.0,-155.0,24.117641039599153,-150.71228407705613,-55.0,-235.0,-55.46026930130742,-235.5814971744359,-180.0,140.0,-180.84508770054086,141.80890451814994
223,-1.0,1.0,1.0,1.0,-95.0,225.0,-92.00698090668017,225.42866706820467,75.0,395.0,76.92044908456715,394.10839747002274,-50.0,270.0,-51.26912134522834,269.9103753938496
166,-1.0,0.8,1.0,1.0,-95.0,225.0,-96.90812986234721,223.51290424667,41.00000000000001,361.0,33.85889866339532,359.3483777150326,-34.0,236.0,-33.73306826378257,233.31401158844022
435,-1.0,0.96,1.0,-1.0,25.0,-155.0,30.211148829369563,-156.82877071902368,-51.8,-231.8,-56.106027315963196,-235.66019082787702,-176.8,133.2,-181.0597373350305,134.58571220125825
343,-1.0,0.76,1.0,-1.0,25.0,-155.0,27.284910780951744,-159.591118022055,-35.8,-215.8,-37.486262455511586,-216.07501704735444,-160.8,99.2,-161.2548466751428,99.30014926150623
62,-1.0,1.0,1.0,1.0,-95.0,225.0,-97.34850652330306,229.26212808827256,75.0,395.0,77.15104350964253,394.46202046118947,-50.0,270.0,-51.342653849712555,268.9174320833363
473,-1.0,0.72,1.0,-1.0,25.0,-155.0,33.21916886431175,-155.57019228246605,-32.599999999999994,-212.6,-38.17354964639132,-209.84358431382356,-157.6,92.4,-151.29545967457898,88.71932420582995
172,-1.0,0.78,1.0,1.0,-95.0,225.0,-93.15760551702162,224.78403260095212,37.599999999999994,357.6,32.74896519890255,357.09372866972177,-32.400000000000006,232.6,-28.592343910524235,230.19508301382535
200,-1.0,0.9,1.0,1.0,-95.0,225.0,-98.96316964493967,221.97048113240697,58.0,378.0,55.48007245265899,377.5631162510514,-42.0,253.0,-46.88233853143237,249.2196896894048
468,-1.0,0.9,1.0,-1.0,25.0,-155.0,30.44051432158649,-156.55949369588694,-47.0,-227.0,-48.81848437355379,-231.54428746224315,-172.0,123.0,-173.1991507267626,123.61649929933661
173,-1.0,0.66,1.0,1.0,-95.0,225.0,-97.66049181668006,224.97075343389614,17.20000000000001,337.20000000000005,15.916056270931952,334.15518320501866,-22.799999999999997,212.2,-21.76444499878281,212.45259901562804
446,-1.0,0.7,1.0,-1.0,25.0,-155.0,24.44993040544214,-151.63848454649306,-30.999999999999993,-211.0,-29.127445470924645,-209.6423654675948,-156.0,89.0,-158.12843153817528,88.48715299937544
211,-1.0,0.9,1.0,1.0,-95.0,225.0,-94.92764812194918,228.52217782449168,58.0,378.0,59.258475635694204,382.0010146786916,-42.0,253.0,-35.318601153413624,255.49600218431496
168,-1.0,0.76,1.0,1.0,-95.0,225.0,-93.77461702003666,217.06247118788707,34.2,354.2,29.82701324234784,358.0564034173593,-30.799999999999997,229.2,-35.84201647882526,229.56568283033178
148,-1.0,0.62,1.0,1.0,-95.0,225.0,-95.609692530813,226.27806376357694,10.399999999999999,330.4,10.625894605535134,330.49592752136857,-19.6,205.4,-20.9912238719521,208.4917439878526
195,-1.0,0.9,1.0,1.0,-95.0,225.0,-91.56504141621294,229.15783515018757,58.0,378.0,57.045026711770596,378.7066537983677,-42.0,253.0,-39.44250715387417,254.95874179657847
383,-1.0,0.76,1.0,-1.0,25.0,-155.0,19.966565267240632,-156.73856598116856,-35.8,-215.8,-33.977091304880794,-220.3459952997488,-160.8,99.2,-156.5500775212997,102.31328315613497
155,-1.0,0.76,1.0,1.0,-95.0,225.0,-92.95638325421147,227.74237543974652,34.2,354.2,33.36788923100911,361.56369928080557,-30.799999999999997,229.2,-30.108914030856756,231.70416332334818
310,-1.0,0.74,1.0,-1.0,25.0,-155.0,25.84131604912371,-159.50326379268256,-34.2,-214.2,-32.74381493095985,-220.67616664188847,-159.2,95.8,-157.53490056472486,87.81484107381262
26,-1.0,0.54,1.0,1.0,-95.0,225.0,-96.89009131530491,224.98026796588695,-3.1999999999999957,316.8,-6.078502115533895,314.2651384638445,-13.200000000000003,191.8,-12.140072921167398,191.3441803943065
324,-1.0,0.52,1.0,-1.0,25.0,-155.0,20.784750681154176,-152.27146159485415,-16.599999999999994,-196.6,-19.804792536227374,-201.32286381932383,-141.6,58.400000000000006,-142.94858771771558,60.61208728327075
297,-1.0,0.72,1.0,-1.0,25.0,-155.0,30.330980750310236,-152.79255518652928,-32.599999999999994,-212.6,-33.60624665139473,-214.54452333338304,-157.6,92.4,-160.69997927064588,97.57413096640443
429,-1.0,0.96,1.0,-1.0,25.0,-155.0,28.077783362788693,-152.26757370814244,-51.8,-231.8,-46.69144636071778,-230.2427402054522,-176.8,133.2,-177.3478136672402,129.30929019933967
202,-1.0,0.72,1.0,1.0,-95.0,225.0,-99.36818652830948,227.04908091253228,27.4,347.4,28.246598366666312,346.66741981944375,-27.6,222.4,-29.764519024520517,220.51083180228292
331,-1.0,0.8400000000000001,1.0,-1.0,25.0,-155.0,24.417571490055767,-152.9234146265163,-42.2,-222.2,-43.97019900794279,-221.83091212941423,-167.20000000000002,112.80000000000001,-162.55434943364304,108.92296410369437
443,-1.0,0.7,1.0,-1.0,25.0,-155.0,23.808347202712728,-154.55123534295797,-30.999999999999993,-211.0,-32.07745499748008,-211.2295983758592,-156.0,89.0,-150.16165493218776,89.48637684116477
218,-1.0,0.6,1.0,1.0,-95.0,225.0,-100.76989526899295,224.8520958107773,7.0,327.0,6.554796364102188,327.22669448522197,-18.0,202.0,-20.107426492694707,199.8534221482278
279,-1.0,0.66,1.0,-1.0,25.0,-155.0,28.121850937091885,-148.18958775721535,-27.800000000000004,-207.8,-24.344846415212473,-209.14098565385123,-152.8,82.2,-155.2328004996155,79.16719361899185
341,-1.0,0.76,1.0,-1.0,25.0,-155.0,23.761875872268018,-158.78341439232406,-35.8,-215.8,-38.19259747404342,-214.10848174434898,-160.8,99.2,-156.51462984198503,101.48338096410518
317,-1.0,0.88,1.0,-1.0,25.0,-155.0,22.225985150411244,-152.21547597657806,-45.4,-225.4,-45.049946031986934,-223.6515022199463,-170.4,119.6,-173.17533607817566,121.28392850706203
460,-1.0,0.72,1.0,-1.0,25.0,-155.0,23.12046379105411,-159.87274567775512,-32.599999999999994,-212.6,-29.529418867610243,-212.83434396947027,-157.6,92.4,-153.73861146387986,93.06713537851614
488,-1.0,0.78,1.0,-1.0,25.0,-155.0,21.285265008174832,-155.97488967065547,-37.400000000000006,-217.4,-37.65644553773227,-222.9756205628793,-162.4,102.6,-156.2042342211373,103.58535747300058
176,-1.0,0.8,1.0,1.0,-95.0,225.0,-96.8719120123619,227.96030888542327,41.00000000000001,361.0,34.84295210605782,357.8625934345763,-34.0,236.0,-35.51753729791991,236.33275900454828
111,-1.0,0.64,1.0,1.0,-95.0,225.0,-91.25690834413129,229.21390283879552,13.799999999999997,333.80000000000007,16.29955847620001,334.62232512007506,-21.200000000000003,208.8,-19.66169263968417,212.66088477186258
35,-1.0,0.52,1.0,1.0,-95.0,225.0,-98.68490902708609,225.48796751568878,-6.599999999999994,313.4,-10.823858770604323,315.6848239842608,-11.599999999999994,188.4,-10.76259959196344,191.6235716514365
330,-1.0,0.94,1.0,-1.0,25.0,-155.0,21.01683082158055,-158.1211864610531,-50.199999999999996,-230.2,-51.01195165043261,-226.22092800621067,-175.2,129.8,-178.33317088911667,128.19392216855124
389,-1.0,1.0,1.0,-1.0,25.0,-155.0,23.974715646314316,-157.9105367768792,-55.0,-235.0,-58.21674938717396,-231.30549861453346,-180.0,140.0,-178.99701665004548,140.8101436924175
345,-1.0,0.52,1.0,-1.0,25.0,-155.0,20.476616716565246,-154.46934258240935,-16.599999999999994,-196.6,-21.16040120923213,-200.5053855250904,-141.6,58.400000000000006,-141.6959034321034,54.58381355384319
475,-1.0,0.9,1.0,-1.0,25.0,-155.0,26.206539164896427,-155.6405890635831,-47.0,-227.0,-46.16582433176873,-226.33083657557196,-172.0,123.0,-170.37571480893456,123.4465939577535
112,-1.0,0.66,1.0,1.0,-95.0,225.0,-98.80531289846459,224.1849608849082,17.20000000000001,337.20000000000005,15.416284180225796,343.9578042485252,-22.799999999999997,212.2,-21.586517639146898,208.71475840247214
492,-1.0,0.78,1.0,-1.0,25.0,-155.0,28.197490085554385,-159.95958340979095,-37.400000000000006,-217.4,-36.03586376639243,-214.81612608342937,-162.4,102.6,-163.97516705863382,103.77678428770022
33,-1.0,0.94,1.0,1.0,-95.0,225.0,-94.26644904434657,224.77685981487662,64.79999999999998,384.8,64.7952809461944,385.2600828943098,-45.2,259.8,-44.225139469600734,256.9540436944254
246,1.0,0.56,1.0,-1.0,-155.0,25.0,-157.74239372499864,26.093903645102277,-199.8,-19.800000000000004,-200.48089241948384,-23.297368376975673,65.2,-144.8,61.15527102800336,-141.9788289200341
15,1.0,0.62,1.0,1.0,225.0,-95.0,223.63545251149108,-93.1649794198794,330.4,10.399999999999999,330.2243076987803,9.982755684142843,205.4,-19.6,205.2462533383571,-19.12473098192694
271,-1.0,0.7,1.0,1.0,-95.0,225.0,-97.88740470847449,222.1472382156099,23.999999999999993,344.0,28.20267998226618,346.19582496740287,-26.0,219.0,-24.168995368656333,222.93659936665486
265,-1.0,0.52,1.0,1.0,-95.0,225.0,-93.37255005447136,225.25079526842654,-6.599999999999994,313.4,-7.445848759949382,317.25811862657827,-11.599999999999994,188.4,-6.521090854455758,189.21011419690583
51,-1.0,0.9199999999999999,1.0,1.0,-95.0,225.0,-98.95879742279268,228.94910787834883,61.4,381.4,57.91837408935174,379.58039140207984,-43.59999999999998,256.4,-42.63025798965154,252.45507156265717
379,-1.0,0.72,1.0,-1.0,25.0,-155.0,25.3720883597155,-153.2571524647406,-32.599999999999994,-212.6,-36.563404292130066,-207.9402067572914,-157.6,92.4,-158.32615960489966,91.12117401999012
240,-1.0,0.86,1.0,1.0,-95.0,225.0,-98.09358014186577,225.807542128213,51.2,371.19999999999993,55.22776789240498,370.84729838119915,-38.8,246.2,-41.3765254732975,243.41933505426465
258,-1.0,0.6799999999999999,1.0,-1.0,25.0,-155.0,23.384972847522423,-152.5846440920779,-29.4,-209.4,-22.143626110383828,-210.84501304628046,-154.39999999999998,85.59999999999998,-151.96750020970538,85.8079827204058
236,-1.0,0.6,1.0,1.0,-95.0,225.0,-92.7321885472324,225.38414623025022,7.0,327.0,5.2091615620382985,327.89874450462014,-18.0,202.0,-9.59751028873353,200.23149425780412
237,-1.0,0.9,1.0,1.0,-95.0,225.0,-93.3412300329748,220.00220464157607,58.0,378.0,55.01634674093931,372.17941821033145,-42.0,253.0,-40.87028735112248,249.72754007908537
336,-1.0,0.52,1.0,-1.0,25.0,-155.0,25.953614274070613,-160.88149942404408,-16.599999999999994,-196.6,-19.71089627103243,-197.98366156400624,-141.6,58.400000000000006,-141.8062061603432,59.83461680124634
458,-1.0,0.98,1.0,-1.0,25.0,-155.0,26.157951470344557,-152.72264807599606,-53.4,-233.4,-56.027812117271694,-233.2018811014803,-178.4,136.6,-181.0469233388314,136.01277518621941
187,-1.0,0.54,1.0,1.0,-95.0,225.0,-98.3026931763579,222.60489656633362,-3.1999999999999957,316.8,-1.3085504096984302,317.8039107243065,-13.200000000000003,191.8,-14.722827695103302,191.64885690960264
321,-1.0,0.94,1.0,1.0,-95.0,225.0,-101.23213974111695,221.97486119857774,64.79999999999998,384.8,62.66722510025258,384.7032899770556,-45.2,259.8,-50.17329407877786,262.6763441109878
101,-1.0,0.9199999999999999,1.0,1.0,-95.0,225.0,-100.34627627045087,220.17838907733943,61.4,381.4,64.35817771012847,386.2270825234559,-43.59999999999998,256.4,-41.166086087022656,253.34607640294834
248,-1.0,0.58,1.0,1.0,-95.0,225.0,-97.91272489865815,225.7964704102071,3.599999999999987,323.6,-0.3282521268756531,321.5492653093505,-16.400000000000006,198.6,-14.678861458169465,197.58315635809487
247,-1.0,0.86,1.0,1.0,-95.0,225.0,-95.1612824230799,219.99123214705162,51.2,371.19999999999993,53.80507955979153,372.0978227705204,-38.8,246.2,-40.765754243157104,243.7649056265694
361,-1.0,0.62,1.0,-1.0,25.0,-155.0,28.36289910024467,-155.75751398485784,-24.599999999999994,-204.6,-22.609465324130106,-207.21582150761583,-149.6,75.4,-148.84913346707904,75.78789558084911
461,-1.0,0.98,1.0,-1.0,25.0,-155.0,22.936417024502816,-151.58030103992377,-53.4,-233.4,-51.96362962516537,-233.0213144216624,-178.4,136.6,-181.07180098786714,134.89868777010602
459,-1.0,0.7,1.0,-1.0,25.0,-155.0,26.40747238627053,-156.18410252458344,-30.999999999999993,-211.0,-34.152063828877615,-208.88611810822886,-156.0,89.0,-157.88397916288335,88.08732242184891
431,-1.0,0.62,1.0,-1.0,25.0,-155.0,20.65656996817657,-156.86679383284942,-24.599999999999994,-204.6,-20.213057306340417,-203.88025442013546,-149.6,75.4,-148.2811153744041,78.92482169949403
20,1.0,0.6799999999999999,1.0,1.0,225.0,-95.0,225.46965461788238,-94.86312336036866,340.6,20.599999999999987,341.07004052436497,19.077224557576645,215.59999999999997,-24.39999999999999,214.240496785021,-26.17644189239775
143,-1.0,0.78,1.0,1.0,-95.0,225.0,-97.7428319226107,222.15599280130382,37.599999999999994,357.6,41.79714946446467,361.05385893964024,-32.400000000000006,232.6,-31.82922590207884,232.433932603892
311,-1.0,0.52,1.0,-1.0,25.0,-155.0,24.741531899282688,-155.77993411843553,-16.599999999999994,-196.6,-12.946749371039875,-197.26768093681827,-141.6,58.400000000000006,-135.54141819315728,58.76898737001107
188,-1.0,0.7,1.0,1.0,-95.0,225.0,-93.39297857619063,227.2897332859828,23.999999999999993,344.0,21.645487839905126,337.35606816744144,-26.0,219.0,-30.680668964547568,220.3100995170165
444,-1.0,0.54,1.0,-1.0,25.0,-155.0,32.70157995054521,-153.27807312017998,-18.20000000000001,-198.2,-17.209119804152152,-198.69367123234233,-143.2,61.8,-146.41167698117917,62.99700794729627
396,-1.0,0.74,1.0,-1.0,25.0,-155.0,30.952986583845856,-151.51013774076802,-34.2,-214.2,-38.5656208622106,-215.53606192651256,-159.2,95.8,-161.6726435480061,92.0548467284264
95,-1.0,0.52,1.0,1.0,-95.0,225.0,-94.66861370558524,214.74390392855267,-6.599999999999994,313.4,-0.05994842764988739,313.63021740176407,-11.599999999999994,188.4,-17.695317225757744,190.26687284812485
315,-1.0,0.86,1.0,-1.0,25.0,-155.0,19.793378740964087,-153.08697341223996,-43.8,-223.79999999999995,-43.19853879525335,-224.64375164531316,-168.8,116.2,-169.32448467554994,116.5684229333667
252,-1.0,0.6799999999999999,1.0,1.0,-95.0,225.0,-93.9254860695463,228.68855694119304,20.599999999999987,340.6,18.773998883308394,335.4028219104155,-24.39999999999999,215.59999999999997,-25.278546549428484,217.3084932459672
386,-1.0,0.8200000000000001,1.0,-1.0,25.0,-155.0,27.51940291757875,-151.38170826348738,-40.6,-220.6,-37.70542615192973,-221.81487045844764,-165.60000000000002,109.40000000000002,-162.50456522459876,113.47729826711732
292,-1.0,0.52,1.0,-1.0,25.0,-155.0,24.258328123342476,-153.9049761429329,-16.599999999999994,-196.6,-17.01752063531248,-194.95055323251322,-141.6,58.400000000000006,-136.8355867093922,54.6742257192108
482,-1.0,1.0,1.0,-1.0,25.0,-155.0,26.56497239375137,-153.50125756571035,-55.0,-235.0,-55.08166937159889,-233.12214485878155,-180.0,140.0,-178.96842503701671,137.42256841129074
266,-1.0,0.6,1.0,-1.0,25.0,-155.0,22.630557635369673,-155.57992584842333,-23.0,-203.0,-23.835086051668675,-209.3560085642124,-148.0,72.0,-151.73283233847079,79.30660849399032
70,-1.0,0.74,1.0,1.0,-95.0,225.0,-97.79182214990823,227.12207497559638,30.799999999999997,350.8,29.841147225817664,350.4734946214299,-29.200000000000003,225.8,-36.39220474058682,227.65157569728873
122,-1.0,0.88,1.0,1.0,-95.0,225.0,-96.73087488476723,219.30648602023172,54.599999999999994,374.6,53.812589119467276,371.3684505484878,-40.400000000000006,249.6,-46.012348464920066,252.8454592666124
106,-1.0,0.88,1.0,1.0,-95.0,225.0,-92.20784155968053,224.8970728648855,54.599999999999994,374.6,60.8248753393143,377.04074493783764,-40.400000000000006,249.6,-38.33574925184797,253.72273652598219
178,-1.0,0.66,1.0,1.0,-95.0,225.0,-93.49159843493042,224.2116025416147,17.20000000000001,337.20000000000005,21.426049894845704,338.38369220668204,-22.799999999999997,212.2,-23.563387764974205,213.03123066542793
121,-1.0,0.52,1.0,1.0,-95.0,225.0,-97.35988808784946,221.7318392453627,-6.599999999999994,313.4,-10.900668107925647,316.63469940593797,-11.599999999999994,188.4,-6.988684751256271,189.75296493859693
363,-1.0,0.78,1.0,-1.0,25.0,-155.0,27.716022603298146,-155.06835729092194,-37.400000000000006,-217.4,-31.23869363569723,-214.85026390363214,-162.4,102.6,-160.8160459677453,105.21751597763392
242,-1.0,0.8400000000000001,1.0,1.0,-95.0,225.0,-98.48069572543629,221.80870542744233,47.800000000000026,367.8,55.58244534029528,369.8191372176338,-37.2,242.8,-37.25346287616136,242.16947946565992
71,-1.0,0.52,1.0,1.0,-95.0,225.0,-93.49704049106091,223.1438493777169,-6.599999999999994,313.4,-4.908309610327223,320.2438364399604,-11.599999999999994,188.4,-13.387787515493176,190.29423807543736
217,-1.0,0.88,1.0,1.0,-95.0,225.0,-93.26661320591695,228.12831746896683,54.599999999999994,374.6,51.034949496910485,374.1194807577599,-40.400000000000006,249.6,-43.958759044465815,243.64380878458843
412,-1.0,0.64,1.0,-1.0,25.0,-155.0,23.085180364125446,-156.76948746797655,-26.200000000000003,-206.20000000000002,-25.781442804941076,-207.34022014096152,-151.2,78.8,-153.60911195165488,84.44401571035888
162,-1.0,1.0,1.0,1.0,-95.0,225.0,-86.84924376758619,220.2432919561954,75.0,395.0,77.3192950766813,398.0580307934434,-50.0,270.0,-55.41495481726502,272.31992377871086
272,-1.0,0.7,1.0,1.0,-95.0,225.0,-95.89471201156115,224.99083577914269,23.999999999999993,344.0,27.878241508749017,343.7351359523534,-26.0,219.0,-21.365675533930254,218.75367628073576
216,-1.0,0.78,1.0,1.0,-95.0,225.0,-91.72396755079795,225.68967295955846,37.599999999999994,357.6,38.47940433193236,357.39304282785406,-32.400000000000006,232.6,-27.75418982027912,236.6431604247711
53,-1.0,0.72,1.0,1.0,-95.0,225.0,-95.59245382858207,230.8408734470224,27.4,347.4,25.390536847992895,347.68661866543437,-27.6,222.4,-32.05928025247612,225.74425545539032
69,-1.0,0.64,1.0,1.0,-95.0,225.0,-90.72693931968591,223.89115456179258,13.799999999999997,333.80000000000007,11.985404390397264,338.70587584031233,-21.200000000000003,208.8,-21.78700117164756,213.29585166486066
291,-1.0,0.6799999999999999,1.0,-1.0,25.0,-155.0,22.456167941800548,-152.90692841996935,-29.4,-209.4,-31.046052163353938,-208.11877255612112,-154.39999999999998,85.59999999999998,-154.27160492216794,85.50535581583468
249,1.0,0.62,1.0,-1.0,-155.0,25.0,-150.77170983008904,26.80489088704198,-204.6,-24.599999999999994,-202.91817425794264,-25.02655328202183,75.4,-149.6,77.04015592250768,-153.14015341817918
250,-1.0,0.76,1.0,1.0,-95.0,225.0,-95.92648711774937,229.11209704222549,34.2,354.2,32.74172212447824,356.7505423578814,-30.799999999999997,229.2,-33.637526306349336,231.7624044266433
441,-1.0,0.64,1.0,-1.0,25.0,-155.0,25.54348344096576,-159.58369283138913,-26.200000000000003,-206.20000000000002,-23.13249329676065,-204.91835628310722,-151.2,78.8,-154.08617369151446,75.08815029541245
204,-1.0,0.88,1.0,1.0,-95.0,225.0,-95.30873765032223,228.04567160898017,54.599999999999994,374.6,55.38855418159827,373.56630137142605,-40.400000000000006,249.6,-41.7683342482283,254.01572520118876
498,-1.0,0.66,1.0,-1.0,25.0,-155.0,33.550536125049376,-158.17430970059712,-27.800000000000004,-207.8,-28.240885103370502,-207.64279038649937,-152.8,82.2,-153.7020064540143,76.53788098201842
74,-1.0,0.56,1.0,1.0,-95.0,225.0,-94.01185056674741,226.96848457288456,0.20000000000000995,320.2,6.0084562469465705,320.44364964776787,-14.799999999999997,195.2,-13.609403169659346,194.59301851083873
320,-1.0,0.9199999999999999,1.0,-1.0,25.0,-155.0,24.338670953451413,-153.63477058308902,-48.599999999999994,-228.6,-43.953786942879965,-225.43637716270982,-173.6,126.39999999999998,-174.84820888787894,128.04170301634647
478,-1.0,0.6,1.0,-1.0,25.0,-155.0,27.596480752538593,-154.6286433266443,-23.0,-203.0,-24.82845732019168,-204.0130510150328,-148.0,72.0,-146.52468719209676,74.17691824602697
38,-1.0,0.6799999999999999,1.0,1.0,-95.0,225.0,-92.43869544892397,220.13084737239788,20.599999999999987,340.6,17.276722092316497,341.3137185658994,-24.39999999999999,215.59999999999997,-20.36103430031825,212.73088868535717
384,-1.0,0.86,1.0,-1.0,25.0,-155.0,25.445911769229337,-157.80587188417118,-43.8,-223.79999999999995,-43.0345202486227,-225.51597021226664,-168.8,116.2,-165.01923683999178,117.25638009883096
454,-1.0,0.56,1.0,-1.0,25.0,-155.0,25.705297572585586,-153.94142659746984,-19.800000000000004,-199.8,-21.694366306031252,-195.05203336222493,-144.8,65.2,-143.3153903257247,62.430953799817814
470,-1.0,0.72,1.0,-1.0,25.0,-155.0,25.39464010834718,-154.46428134160033,-32.599999999999994,-212.6,-33.25371332684593,-210.57446473877297,-157.6,92.4,-158.18492775135152,93.32374010982824
181,-1.0,0.66,1.0,1.0,-95.0,225.0,-97.5025618795921,227.69945007465873,17.20000000000001,337.20000000000005,12.128210975495325,340.25043534495427,-22.799999999999997,212.2,-22.276283281850713,207.06627720151846
14,1.0,0.9199999999999999,1.0,1.0,225.0,-95.0,219.07079331272863,-98.23808312211084,381.4,61.4,383.4633839487715,57.660679276113854,256.4,-43.59999999999998,257.4287426686164,-44.21582871573807
227,-1.0,0.8200000000000001,1.0,1.0,-95.0,225.0,-93.76034211353493,226.96179378553748,44.40000000000001,364.4,39.69904429258484,369.5009750609014,-35.60000000000001,239.40000000000003,-30.446302405958942,231.53713036378025
81,-1.0,0.54,1.0,1.0,-95.0,225.0,-90.77443185013757,224.5597356559871,-3.1999999999999957,316.8,-3.6195562742609946,315.7891570950576,-13.200000000000003,191.8,-11.17351315835169,194.34731897610848
399,-1.0,0.52,1.0,-1.0,25.0,-155.0,19.287864467128863,-149.9321927954608,-16.599999999999994,-196.6,-11.915866921883412,-196.2851794649917,-141.6,58.400000000000006,-136.10928550719592,60.20516044215799
334,-1.0,0.88,1.0,-1.0,25.0,-155.0,22.585506617250974,-154.24367429176596,-45.4,-225.4,-42.11685052797999,-227.8543996912146,-170.4,119.6,-169.21173430244866,120.98015841527086
457,-1.0,0.66,1.0,-1.0,25.0,-155.0,23.10828614143665,-153.65921458414553,-27.800000000000004,-207.8,-25.28418847157119,-205.51989803463402,-152.8,82.2,-154.4382016917958,82.61419673811439
288,-1.0,0.58,1.0,1.0,-95.0,225.0,-98.2521301678891,230.6592352063675,3.599999999999987,323.6,4.229087430161833,326.4557277250728,-16.400000000000006,198.6,-21.207935241733146,201.0078835342997
367,-1.0,0.7,1.0,-1.0,25.0,-155.0,25.129399026120343,-158.51655422937347,-30.999999999999993,-211.0,-25.00450090563905,-210.33515128029538,-156.0,89.0,-159.6092780399444,91.97572050039162
136,-1.0,0.98,1.0,1.0,-95.0,225.0,-97.45682554661825,222.93777373501652,71.6,391.6,72.14473405287313,390.1309621169472,-48.400000000000006,266.6,-49.35037198767776,267.7248431041576
174,-1.0,0.7,1.0,1.0,-95.0,225.0,-94.93248525981345,223.53403682094464,23.999999999999993,344.0,25.167055865819645,341.77707343868946,-26.0,219.0,-25.527920725575363,219.17596561005172
201,-1.0,0.58,1.0,1.0,-95.0,225.0,-90.51580357885193,224.51807812755624,3.599999999999987,323.6,1.4440069419344965,320.22610516461145,-16.400000000000006,198.6,-16.080979857602326,201.83325139958103
353,-1.0,0.64,1.0,-1.0,25.0,-155.0,24.695371874023646,-155.57555277027205,-26.200000000000003,-206.20000000000002,-27.098620690763045,-202.7492742190346,-151.2,78.8,-156.28966247777635,77.65721526276582
39,-1.0,0.7,1.0,1.0,-95.0,225.0,-90.34102717073507,223.56722266552848,23.999999999999993,344.0,25.658143448673446,346.34974406303775,-26.0,219.0,-27.145550858461043,217.10010980366974
212,-1.0,0.6799999999999999,1.0,1.0,-95.0,225.0,-98.86558600085047,223.69958079574488,20.599999999999987,340.6,13.164857476628617,338.87629606207264,-24.39999999999999,215.59999999999997,-25.9077145868402,211.35134545778232
169,1.0,0.64,1.0,-1.0,-155.0,25.0,-150.4978183029673,28.05088825578935,-206.20000000000002,-26.200000000000003,-202.9271729556693,-30.949671012735607,78.8,-151.2,74.051329208831,-146.07299644937132
327,-1.0,0.58,1.0,1.0,-95.0,225.0,-93.4848163955681,223.50521713069423,3.599999999999987,323.6,2.2524976012816156,323.52283933678444,-16.400000000000006,198.6,-13.581572027637506,192.60780361144032
414,-1.0,0.8200000000000001,1.0,-1.0,25.0,-155.0,21.14678871448146,-156.3203349334361,-40.6,-220.6,-39.75521973441153,-228.96862319087617,-165.60000000000002,109.40000000000002,-173.44554127110064,115.77895105973548
303,-1.0,0.8400000000000001,1.0,-1.0,25.0,-155.0,30.18855800790771,-152.25643036398662,-42.2,-222.2,-41.090591371496394,-220.0492954562224,-167.20000000000002,112.80000000000001,-165.50711766646467,112.34734263476919
370,-1.0,0.74,1.0,-1.0,25.0,-155.0,23.095791475845655,-157.50274809852468,-34.2,-214.2,-32.202259755929234,-216.06509160440868,-159.2,95.8,-160.0828591118958,95.11153268636579
4,1.0,0.54,1.0,1.0,225.0,-95.0,223.91190016463014,-96.32715101928859,316.8,-3.1999999999999957,317.7560651328961,-5.663265728002138,191.8,-13.200000000000003,193.48096562672387,-13.805354348142737
278,-1.0,0.9199999999999999,1.0,-1.0,25.0,-155.0,22.881859727298604,-154.78444335803442,-48.599999999999994,-228.6,-46.69950597542267,-229.50079212105064,-173.6,126.39999999999998,-170.89871815090552,127.91826162259665
231,-1.0,0.62,1.0,1.0,-95.0,225.0,-96.19767263966345,226.74016834111606,10.399999999999999,330.4,6.751730545853028,326.8814524495957,-19.6,205.4,-15.682206779384046,201.38309783488035
0,1.0,0.8400000000000001,1.0,1.0,225.0,-95.0,223.79140955602267,-97.5844910005366,367.8,47.800000000000026,371.39064493268177,48.94489090928504,242.8,-37.2,241.32689952966695,-38.100151534192605
97,-1.0,0.94,1.0,1.0,-95.0,225.0,-93.55992701662421,230.4334450027439,64.79999999999998,384.8,64.60235820731961,387.41565601529794,-45.2,259.8,-49.82723067583055,257.2036907936445
196,-1.0,0.58,1.0,1.0,-95.0,225.0,-97.22623434798008,228.13057967512057,3.599999999999987,323.6,-1.5068060257312395,321.4192002179533,-16.400000000000006,198.6,-16.826097506363105,200.29044547480393
347,-1.0,0.58,1.0,-1.0,25.0,-155.0,24.060609491614823,-152.98615654425936,-21.4,-201.4,-23.543211476410175,-200.71698245862981,-146.4,68.6,-153.46032170898008,72.72881121020929
316,-1.0,0.62,1.0,-1.0,25.0,-155.0,25.039872605595058,-152.47555954372058,-24.599999999999994,-204.6,-20.179143817946056,-204.6027564774745,-149.6,75.4,-149.77125612624786,77.06817083465766
372,-1.0,0.94,1.0,-1.0,25.0,-155.0,26.29922482427678,-158.4442931763587,-50.199999999999996,-230.2,-46.534988861563846,-231.24700353810326,-175.2,129.8,-173.88669647382275,132.8943988580799
332,-1.0,0.7,1.0,-1.0,25.0,-155.0,29.966861348852923,-154.1002861278773,-30.999999999999993,-211.0,-26.12944365814566,-209.35568518438265,-156.0,89.0,-157.34569691317645,90.5797211341096
355,-1.0,0.8,1.0,-1.0,25.0,-155.0,23.218304658997393,-153.900169911442,-39.00000000000001,-219.0,-37.962698199907365,-222.11479677630322,-164.0,106.0,-162.06701832733418,110.16969234961277
238,1.0,0.9,1.0,-1.0,-155.0,25.0,-157.8712825884098,24.281779998857726,-227.0,-47.0,-230.43850396244346,-44.58863765144234,123.0,-172.0,120.94578698488229,-169.37678285785665
161,-1.0,0.8400000000000001,1.0,1.0,-95.0,225.0,-95.47693418716538,224.9859943802528,47.800000000000026,367.8,52.401160052553955,369.8715264435316,-37.2,242.8,-37.200770472470126,238.89323811047157
233,1.0,0.9199999999999999,1.0,-1.0,-155.0,25.0,-150.69875650928668,28.10890548483035,-228.6,-48.599999999999994,-223.42471717320512,-50.87594685215713,126.39999999999998,-173.6,123.8235939471815,-176.81788872678217
349,-1.0,0.8400000000000001,1.0,-1.0,25.0,-155.0,28.414126553945593,-151.89895200559718,-42.2,-222.2,-40.87128575593123,-226.57264874092937,-167.20000000000002,112.80000000000001,-165.69744408726083,110.81124104153353
495,-1.0,0.86,1.0,-1.0,25.0,-155.0,26.3664440962295,-156.2313554949139,-43.8,-223.79999999999995,-47.21672980571692,-221.13493317473717,-168.8,116.2,-166.17877665307262,117.95079734184277
402,-1.0,0.8200000000000001,1.0,-1.0,25.0,-155.0,28.30983273801895,-156.26616092028726,-40.6,-220.6,-44.5093605533026,-217.19926139337804,-165.60000000000002,109.40000000000002,-166.30084815354826,107.55728991590217
424,-1.0,0.7,1.0,-1.0,25.0,-155.0,23.46294823437368,-155.1640800395079,-30.999999999999993,-211.0,-23.934512029017476,-213.8223826985289,-156.0,89.0,-154.21454478074008,90.35043790886063
58,-1.0,1.0,1.0,1.0,-95.0,225.0,-93.41000851746034,221.93482153110432,75.0,395.0,76.77684650223053,397.0366394450903,-50.0,270.0,-54.72916578026823,272.59910680669276
87,-1.0,0.54,1.0,1.0,-95.0,225.0,-98.36810452388028,225.27499458144248,-3.1999999999999957,316.8,0.20158969024211704,310.851759520129,-13.200000000000003,191.8,-12.662837837151338,190.3261440034464
323,-1.0,0.88,1.0,-1.0,25.0,-155.0,20.18729433118969,-157.90859540685085,-45.4,-225.4,-46.581622015599244,-225.17209426279294,-170.4,119.6,-174.0669800406563,115.20821538114254
90,-1.0,0.56,1.0,1.0,-95.0,225.0,-93.44573591881749,223.753515906573,0.20000000000000995,320.2,1.3161333732054836,322.94935572090435,-14.799999999999997,195.2,-17.293956353408177,194.77609959890574
289,-1.0,0.9,1.0,-1.0,25.0,-155.0,25.211085978768953,-152.65036034853878,-47.0,-227.0,-51.1521468232723,-226.80643606764107,-172.0,123.0,-166.65925094790865,128.19561710594226
467,-1.0,0.76,1.0,-1.0,25.0,-155.0,30.525723642364508,-156.73555094600394,-35.8,-215.8,-37.12767561138662,-213.60744765433898,-160.8,99.2,-161.27855907901008,100.08228499340423
282,-1.0,0.6799999999999999,1.0,-1.0,25.0,-155.0,29.277450956005804,-157.25264876671616,-29.4,-209.4,-30.80995997582428,-212.01697047488577,-154.39999999999998,85.59999999999998,-152.69479499845482,86.49894815862584
147,-1.0,0.62,1.0,1.0,-95.0,225.0,-92.55780225520118,221.4396150588799,10.399999999999999,330.4,7.22799792057032,327.9033937270928,-19.6,205.4,-18.552082573417575,202.4680323555677
234,-1.0,0.62,1.0,1.0,-95.0,225.0,-91.30864275588135,226.39987843371546,10.399999999999999,330.4,11.249745318469344,330.1376316858741,-19.6,205.4,-22.59897921816267,206.89338170543178
442,-1.0,0.94,1.0,-1.0,25.0,-155.0,25.86374147030965,-151.90084325863128,-50.199999999999996,-230.2,-51.98364723254816,-230.27701847579843,-175.2,129.8,-179.31364382365786,129.3574418251376
57,-1.0,0.9,1.0,1.0,-95.0,225.0,-92.87037817075614,225.0193621327372,58.0,378.0,58.568357452795055,376.437588519244,-42.0,253.0,-39.95864435322604,257.329995025639
251,-1.0,0.7,1.0,1.0,-95.0,225.0,-96.53924164841385,223.49170041466476,23.999999999999993,344.0,25.14734182433838,340.7244721070701,-26.0,219.0,-25.08771903785237,218.7164119375186
199,1.0,0.9199999999999999,1.0,-1.0,-155.0,25.0,-154.93660008925787,22.269717133952973,-228.6,-48.599999999999994,-230.1199602676889,-45.008151028032884,126.39999999999998,-173.6,128.2983505681876,-176.37280861811348
24,1.0,0.6,1.0,1.0,225.0,-95.0,227.0478354697832,-93.25210700820682,327.0,7.0,327.73272105356784,6.74986439473308,202.0,-18.0,199.82292952665935,-19.2650282793013
497,-1.0,0.8400000000000001,1.0,-1.0,25.0,-155.0,25.364477128336773,-157.5105321858348,-42.2,-222.2,-44.048235829626556,-221.57520153741578,-167.20000000000002,112.80000000000001,-169.80769607520438,114.7530305115349
269,-1.0,0.96,1.0,1.0,-95.0,225.0,-99.93125486625823,230.09033666374455,68.19999999999999,388.2,73.58370806184135,392.33363149447246,-46.80000000000001,263.2,-48.54975976587203,267.0535986436791
45,-1.0,0.52,1.0,1.0,-95.0,225.0,-90.65212910451032,222.9794835325818,-6.599999999999994,313.4,-8.36396163215498,314.41001198432497,-11.599999999999994,188.4,-14.996385396724998,183.84648040271628
197,-1.0,0.96,1.0,1.0,-95.0,225.0,-96.78756124017009,230.83984011794905,68.19999999999999,388.2,71.22797597071292,384.9622620794218,-46.80000000000001,263.2,-42.00224713889247,268.2185760161684
30,-1.0,0.8,1.0,1.0,-95.0,225.0,-93.07057891157358,225.23682282975219,41.00000000000001,361.0,44.85796090507659,355.263325826024,-34.0,236.0,-29.243654264917225,235.10087439259615
346,-1.0,0.8400000000000001,1.0,-1.0,25.0,-155.0,23.781879179049533,-154.9378791312197,-42.2,-222.2,-48.74809941961953,-222.96573158723996,-167.20000000000002,112.80000000000001,-164.03394936082256,112.73900573821474
32,-1.0,0.9199999999999999,1.0,1.0,-95.0,225.0,-95.91320702475305,222.75435282887815,61.4,381.4,56.76210205544649,382.7506775606307,-43.59999999999998,256.4,-43.21175124441951,253.75043828231136
183,-1.0,0.62,1.0,1.0,-95.0,225.0,-89.21225345712182,223.50938668871615,10.399999999999999,330.4,10.37729551728263,323.59194349083714,-19.6,205.4,-21.166801241444947,203.16453782105162
375,-1.0,0.8,1.0,-1.0,25.0,-155.0,30.45954270031355,-149.9135150021402,-39.00000000000001,-219.0,-35.76839888058307,-222.56935839227071,-164.0,106.0,-160.04901471073703,104.24876498449031
158,-1.0,0.8200000000000001,1.0,1.0,-95.0,225.0,-92.73334853356273,223.25356794856862,44.40000000000001,364.4,43.32264063563548,362.60414938125615,-35.60000000000001,239.40000000000003,-37.88643403613951,236.2533560317041
77,-1.0,0.9,1.0,1.0,-95.0,225.0,-93.84128595784262,231.2056508761412,58.0,378.0,58.49817197808429,379.85181272778857,-42.0,253.0,-40.281176608668495,252.35581080245663
486,-1.0,0.58,1.0,-1.0,25.0,-155.0,23.948111796783316,-144.90169437312719,-21.4,-201.4,-24.176770569473522,-205.70717334070912,-146.4,68.6,-143.78414364312786,69.01597699912685
340,-1.0,0.54,1.0,-1.0,25.0,-155.0,28.007529448975287,-153.3680715993063,-18.20000000000001,-198.2,-19.579190884606078,-204.84857696540186,-143.2,61.8,-140.5709734197999,60.86668966977812
42,-1.0,0.98,1.0,1.0,-95.0,225.0,-97.083553630177,226.8683120170137,71.6,391.6,70.49152231244761,390.17057001392936,-48.400000000000006,266.6,-46.52999085888514,264.14138491660657
496,-1.0,0.58,1.0,-1.0,25.0,-155.0,24.607155863807442,-163.62664920500765,-21.4,-201.4,-19.367507497064047,-202.50779529693148,-146.4,68.6,-144.75161239341037,69.5225193780957
