,T,Age,AgeTag,Sex,yo1,y1,yo1CF,y1CF,yo2,y2,yo2CF,y2CF,yo3,y3,yo3CF,y3CF
203,1.0,0.22,-1.0,1.0,225.0,225.70794129782527,-95.0,-93.22154865257124,137.4,140.94119727384563,67.4,62.53168424423703,137.4,139.9908931959366,12.399999999999999,11.11521130570718
486,-1.0,0.3,-1.0,-1.0,25.0,28.45303907949612,-155.0,-155.63783220130753,-124.0,-125.32227920573536,-54.0,-51.36730272475027,-124.0,-126.31261886499264,21.0,20.842240259337846
18,1.0,0.24,-1.0,1.0,225.0,227.51256967882622,-95.0,-99.67532730334733,140.8,141.54927234321974,70.8,66.53364817177643,140.8,144.72846538764753,10.799999999999997,11.457184430902315
421,1.0,0.16,-1.0,-1.0,-155.0,-152.88311531462253,25.0,23.7357570400154,-42.8,-41.19743221904453,-112.8,-111.89200617608361,-2.8000000000000007,0.9829442352748385,-112.8,-108.07573470481498
462,1.0,0.28,-1.0,-1.0,-155.0,-155.57089185239172,25.0,28.71560965594688,-52.4,-55.40312647290866,-122.4,-118.98280957218459,17.6,21.623990631378135,-122.4,-123.73941850625185
75,1.0,0.18,-1.0,1.0,225.0,228.32356754509385,-95.0,-97.82569785236691,130.6,123.27742395681678,60.6,54.04407698024582,130.6,135.03030005397355,15.600000000000001,14.05576486048436
375,1.0,0.02,-1.0,-1.0,-155.0,-157.21995302106754,25.0,21.43641398014572,-31.6,-32.39602318310895,-101.6,-102.05089459401056,-26.6,-24.654121878055815,-101.6,-106.39324819243636
353,1.0,0.06,-1.0,-1.0,-155.0,-153.97075291555137,25.0,18.33882700469426,-34.8,-35.36389182860248,-104.8,-108.96690455259032,-19.8,-16.490731180029954,-104.8,-108.53239347829779
420,1.0,0.36,-1.0,-1.0,-155.0,-149.98082526799243,25.0,21.380307068264376,-58.8,-60.23421505275387,-128.8,-127.93395762432723,31.2,26.456543058634416,-128.8,-128.2020969776946
206,1.0,0.5,-1.0,1.0,225.0,221.85737429777487,-95.0,-92.73422605766321,185.0,184.67217394400456,115.0,108.81818546992707,185.0,183.85213218206877,-10.0,-13.726830759279025
425,1.0,0.46,-1.0,-1.0,-155.0,-153.21926055704415,25.0,20.945430675040583,-66.8,-66.09675337733933,-136.8,-137.0034545881902,48.2,48.082561670869296,-136.8,-143.90931381541682
365,1.0,0.2,-1.0,-1.0,-155.0,-156.4551643552493,25.0,28.36178632661541,-46.0,-48.444497063845695,-116.0,-115.38189281015354,4.0,4.4486942699522185,-116.0,-118.63558905891524
301,1.0,0.1,-1.0,-1.0,-155.0,-157.92527554860717,25.0,22.856796259174885,-38.0,-36.89785336877798,-108.0,-106.53200653177696,-13.0,-10.055003543998986,-108.0,-110.00369355306424
229,1.0,0.38,-1.0,-1.0,-155.0,-158.2763893697532,25.0,25.789050038014672,-60.4,-62.43432517765441,-130.4,-137.23718681261343,34.6,33.97209369756329,-130.4,-126.90421336135422
456,1.0,0.24,-1.0,-1.0,-155.0,-155.5008629479436,25.0,24.43183522206369,-49.2,-50.659893143853765,-119.2,-122.61633209720404,10.799999999999997,10.359667144220928,-119.2,-122.90566244624277
3,1.0,0.42,-1.0,1.0,225.0,226.75156350047632,-95.0,-94.61733752522709,171.4,172.32889794346877,101.4,99.57047813146765,171.4,171.1693500208577,-3.6000000000000014,-2.5313547891644452
430,1.0,0.22,-1.0,-1.0,-155.0,-158.71308304805777,25.0,27.57510630642689,-47.6,-42.74698860887556,-117.6,-118.14227000232329,7.399999999999999,4.9129436001761535,-117.6,-113.64001289233173
396,1.0,0.48,-1.0,-1.0,-155.0,-156.19422233937163,25.0,23.251682556934156,-68.4,-66.5953865253839,-138.4,-138.26370379192144,51.599999999999994,47.74552452250037,-138.4,-144.22760670551705
354,1.0,0.24,-1.0,-1.0,-155.0,-157.86125969968518,25.0,26.53017963521284,-49.2,-53.69750475771154,-119.2,-118.58061297774745,10.799999999999997,13.644513534615509,-119.2,-118.3138625575139
142,1.0,0.14,-1.0,1.0,225.0,220.1400545504085,-95.0,-95.21038274654389,123.8,121.77675836499735,53.8,54.7099014594274,123.8,125.42648133385477,18.799999999999997,20.519270258935993
352,1.0,0.4,-1.0,-1.0,-155.0,-153.69177265561223,25.0,26.30546874248356,-62.0,-61.982232541279934,-132.0,-132.5598640485059,38.0,39.380978210822434,-132.0,-140.63972582618146
245,1.0,0.48,-1.0,-1.0,-155.0,-157.83947726767255,25.0,21.202269155417923,-68.4,-70.48338133694648,-138.4,-135.38804397585622,51.599999999999994,48.358172594236514,-138.4,-135.28907797633184
48,1.0,0.28,-1.0,1.0,225.0,227.21459912429538,-95.0,-94.24016890868685,147.6,150.00097020001817,77.6,71.9371773215479,147.6,143.42965218358464,7.600000000000001,10.342037025092813
381,1.0,0.08,-1.0,-1.0,-155.0,-150.21735625581,25.0,25.516253895531243,-36.4,-38.803862146911406,-106.4,-99.93206341799075,-16.4,-17.11949340890903,-106.4,-110.92112658461846
343,-1.0,0.06,-1.0,1.0,-95.0,-100.0722627732325,225.0,224.34943473960493,40.2,35.839351862417885,110.2,108.26631097769224,25.200000000000003,26.102070016389867,110.2,111.40463842685348
165,1.0,0.02,-1.0,1.0,225.0,224.5334346746813,-95.0,-94.59538836093682,103.4,107.55508107761912,33.4,33.41747215312767,103.4,106.4284267972071,28.4,28.23153805334086
244,-1.0,0.04,-1.0,1.0,-95.0,-99.51507700086557,225.0,231.28925381671195,36.8,37.21867838309296,106.8,109.27137738310194,26.8,27.367894602626095,106.8,102.96539646931048
466,1.0,0.1,-1.0,-1.0,-155.0,-157.09629496017072,25.0,27.943244539963683,-38.0,-38.20009079473466,-108.0,-108.22638578375461,-13.0,-15.891132301405847,-108.0,-106.35863417393375
251,-1.0,0.12,-1.0,1.0,-95.0,-97.36643515395791,225.0,225.04174836243675,50.4,52.42243413946646,120.4,114.73882326572486,20.4,17.958480789916763,120.4,123.40828870012258
280,1.0,0.48,-1.0,-1.0,-155.0,-156.90204632445062,25.0,26.644989361721215,-68.4,-67.2434492843657,-138.4,-133.6916874099252,51.599999999999994,50.93481194912552,-138.4,-135.4202572417925
337,1.0,0.34,-1.0,-1.0,-155.0,-158.4231317683864,25.0,26.447391080539674,-57.2,-63.96239285678065,-127.2,-130.35923998964464,27.8,32.25209544959367,-127.2,-128.30007325567908
459,1.0,0.46,-1.0,-1.0,-155.0,-157.22160044995027,25.0,19.238248894004045,-66.8,-66.72214548301994,-136.8,-135.90351566302218,48.2,45.345200354974295,-136.8,-135.57075185810947
111,1.0,0.12,-1.0,1.0,225.0,229.52686996119502,-95.0,-101.64298842572236,120.4,121.26070885798808,50.4,46.863924013939766,120.4,117.67767747848502,20.4,23.900492219316355
313,1.0,0.08,-1.0,-1.0,-155.0,-153.54249382696995,25.0,23.246332230205113,-36.4,-41.71974134583932,-106.4,-102.037056633062,-16.4,-21.33230100843877,-106.4,-106.69053640792126
399,1.0,0.5,-1.0,-1.0,-155.0,-153.96484650006434,25.0,27.41953585195905,-70.0,-63.3225624323062,-140.0,-138.42288285576842,55.0,51.33664991921779,-140.0,-142.38684105064237
208,1.0,0.38,-1.0,1.0,225.0,222.11105100751516,-95.0,-95.60978376661691,164.6,162.57056328878457,94.6,97.50699017394152,164.6,168.22961494760622,-0.3999999999999986,-7.159984509598018
89,1.0,0.38,-1.0,1.0,225.0,225.86348725415786,-95.0,-93.53448713566729,164.6,161.12153815954863,94.6,101.61532906250852,164.6,165.9524483822431,-0.3999999999999986,-5.349833477921667
234,1.0,0.24,-1.0,-1.0,-155.0,-154.71464995565384,25.0,26.621420531172078,-49.2,-48.3140171923611,-119.2,-119.63151908164771,10.799999999999997,9.090899684016215,-119.2,-122.2149880550162
124,1.0,0.36,-1.0,1.0,225.0,220.37265566284555,-95.0,-90.24535359679307,161.2,156.19567938778235,91.2,98.31491994052554,161.2,158.2589525247076,1.2000000000000028,4.377220912921129
81,1.0,0.28,-1.0,1.0,225.0,224.11595737415385,-95.0,-97.7599140719323,147.6,150.22459796085383,77.6,76.5618624966591,147.6,148.84971592771524,7.600000000000001,4.835933825360984
275,-1.0,0.32,-1.0,1.0,-95.0,-91.10802860840472,225.0,225.8066569758539,84.4,87.87337544555652,154.4,151.9258032282107,4.399999999999999,6.027994734054346,154.4,153.31559942935473
471,1.0,0.42,-1.0,-1.0,-155.0,-156.35579100319083,25.0,28.616766021051685,-63.6,-67.40156971438122,-133.6,-132.82316032757845,41.4,41.33401812091606,-133.6,-134.35855667369125
297,1.0,0.5,-1.0,-1.0,-155.0,-151.55947524676463,25.0,22.243661369572656,-70.0,-69.92697856386499,-140.0,-141.74964420454606,55.0,53.892318372174884,-140.0,-134.38232455124447
105,1.0,0.24,-1.0,1.0,225.0,220.40715739256316,-95.0,-96.0761825546717,140.8,142.68717771771938,70.8,71.06614429215932,140.8,140.5726293935716,10.799999999999997,11.679502686186748
498,-1.0,0.08,-1.0,-1.0,25.0,25.339680944725025,-155.0,-145.26744989188478,-106.4,-103.42731698308913,-36.4,-37.870592144478636,-106.4,-106.80836213742046,-16.4,-16.440398836954174
367,1.0,0.38,-1.0,-1.0,-155.0,-153.78178488948708,25.0,27.229486796743785,-60.4,-59.34564961403712,-130.4,-129.54988098926765,34.6,35.546782705274644,-130.4,-130.36275597797768
326,1.0,0.44,-1.0,-1.0,-155.0,-150.72306997651796,25.0,29.715929622448474,-65.2,-68.67831197365744,-135.2,-131.26106600772275,44.8,46.94983691228065,-135.2,-135.0957518709203
136,1.0,0.5,-1.0,1.0,225.0,226.59260665383331,-95.0,-92.34178913073528,185.0,182.02842281020997,115.0,119.18112190448818,185.0,184.45795124097302,-10.0,-13.62570570261129
128,1.0,0.44,-1.0,1.0,225.0,218.86130764083927,-95.0,-95.53968286756414,174.8,173.59870841065353,104.8,103.24065329525806,174.8,177.31650545933323,-5.200000000000003,-3.1626999303448535
485,-1.0,0.14,-1.0,-1.0,25.0,19.918455004164063,-155.0,-156.91871964813487,-111.2,-109.21324625100867,-41.2,-40.71534173617629,-111.2,-109.74151319781134,-6.199999999999999,-10.697914648541147
117,1.0,0.38,-1.0,1.0,225.0,218.66812317836497,-95.0,-96.49866374283866,164.6,160.3424132829823,94.6,94.11659760782207,164.6,161.00581097416952,-0.3999999999999986,-0.9129170798540732
435,1.0,0.1,-1.0,-1.0,-155.0,-150.83794249921976,25.0,21.226512214892132,-38.0,-38.42055594752894,-108.0,-105.52697504788148,-13.0,-11.944979913885838,-108.0,-108.2075152544754
246,-1.0,0.16,-1.0,1.0,-95.0,-92.27301454204851,225.0,218.89990714562984,57.2,61.52877289486304,127.2,125.33729493502743,17.200000000000003,18.770200291117046,127.2,128.66891761112723
19,1.0,0.42,-1.0,1.0,225.0,225.45623944553375,-95.0,-93.85302508964705,171.4,173.42965808846782,101.4,101.46332366912733,171.4,176.72198287603715,-3.6000000000000014,-4.15644816683196
17,1.0,0.02,-1.0,1.0,225.0,226.3252964818325,-95.0,-95.1503110101537,103.4,101.45922265613264,33.4,32.36294972749205,103.4,101.3572827584705,28.4,26.569110965145867
379,1.0,0.38,-1.0,-1.0,-155.0,-157.0489576983297,25.0,31.459740074462374,-60.4,-61.05362482904161,-130.4,-123.83237134295953,34.6,33.0184318141638,-130.4,-127.14628477895694
21,1.0,0.38,-1.0,1.0,225.0,227.34603315237703,-95.0,-98.53859056410613,164.6,158.73716298646016,94.6,87.67210223559246,164.6,170.6009989479399,-0.3999999999999986,-3.303967084368331
148,1.0,0.1,-1.0,1.0,225.0,225.43320946433,-95.0,-99.42106836755491,117.0,115.51987231801628,47.0,41.83151524209819,117.0,113.35010204918906,22.0,21.442128302953304
13,1.0,0.02,-1.0,1.0,225.0,226.38032072580756,-95.0,-94.38184841793047,103.4,100.88899531696364,33.4,32.168028127932686,103.4,104.7303823118581,28.4,27.49279552421582
209,1.0,0.48,-1.0,-1.0,-155.0,-153.50807782428245,25.0,22.030593620260866,-68.4,-68.97944907993237,-138.4,-137.1210927124943,51.599999999999994,51.82392672600769,-138.4,-137.3040494417
146,1.0,0.24,-1.0,1.0,225.0,229.22510960892055,-95.0,-96.00638998883541,140.8,139.48949589292113,70.8,69.9557895680847,140.8,142.87489656132922,10.799999999999997,4.777293950035058
191,1.0,0.4,-1.0,1.0,225.0,224.18934140363297,-95.0,-104.02354560657757,168.0,162.36244295933292,98.0,95.00044461337005,168.0,165.51539125897168,-2.0,0.04656666980910362
119,1.0,0.2,-1.0,1.0,225.0,222.32972813060786,-95.0,-92.83447700531967,134.0,131.31889603104733,64.0,62.67943258003592,134.0,125.80686355860762,14.0,9.477273606050794
164,1.0,0.46,-1.0,1.0,225.0,219.8002346337896,-95.0,-93.84733052003695,178.2,182.906793942607,108.2,110.24434908343164,178.2,174.59807722835146,-6.799999999999997,-10.091896369018784
49,1.0,0.02,-1.0,1.0,225.0,230.92881435458813,-95.0,-93.79979890673559,103.4,101.23415767719935,33.4,30.03114470509968,103.4,109.4782414558587,28.4,26.742865415450478
12,1.0,0.4,-1.0,1.0,225.0,223.02484266991303,-95.0,-95.3637155770574,168.0,170.18348765162074,98.0,94.29348881636045,168.0,173.44987947342852,-2.0,0.570053045890063
325,-1.0,0.12,-1.0,1.0,-95.0,-93.74994718465572,225.0,224.39474513024584,50.4,51.98850983087641,120.4,118.36896567319174,20.4,16.82789365023306,120.4,117.9980228432559
491,-1.0,0.44,-1.0,-1.0,25.0,23.88114302179472,-155.0,-156.789215467875,-135.2,-137.33177099144422,-65.2,-62.328162721627855,-135.2,-135.1414207703904,44.8,46.82042333338359
376,1.0,0.5,-1.0,-1.0,-155.0,-155.00457101958258,25.0,23.018215307568553,-70.0,-68.9251717814487,-140.0,-140.77504896199713,55.0,52.08411664296596,-140.0,-136.63547569289688
431,1.0,0.16,-1.0,-1.0,-155.0,-152.76780197026883,25.0,24.375919367022128,-42.8,-40.1519757765176,-112.8,-114.05138942189824,-2.8000000000000007,-5.307447725205475,-112.8,-109.24762054956577
225,1.0,0.46,-1.0,-1.0,-155.0,-145.38467016319666,25.0,22.925349736384074,-66.8,-71.70481898938607,-136.8,-134.79196979057417,48.2,53.78891178494022,-136.8,-138.25001073067727
180,1.0,0.3,-1.0,1.0,225.0,224.6052939065461,-95.0,-99.39182351937369,151.0,151.11496763465146,81.0,81.03951276348994,151.0,142.47846272106705,6.0,5.724778488939765
194,1.0,0.26,-1.0,1.0,225.0,228.12218271720832,-95.0,-95.67380770213288,144.2,148.1623139351627,74.2,75.8076544479663,144.2,143.34768065816317,9.200000000000003,10.72041822059094
382,1.0,0.5,-1.0,-1.0,-155.0,-155.65406691220278,25.0,24.99496239965499,-70.0,-65.41873499286913,-140.0,-139.1602084832607,55.0,54.13974347065104,-140.0,-143.49719454359425
366,1.0,0.48,-1.0,-1.0,-155.0,-153.16693165426312,25.0,25.984178009419,-68.4,-66.16305979621237,-138.4,-138.7304852734418,51.599999999999994,46.06386825137916,-138.4,-138.1902661895096
181,1.0,0.22,-1.0,1.0,225.0,219.54298003967295,-95.0,-93.43650943031646,137.4,137.27068079862283,67.4,66.66001663691733,137.4,136.83152290828437,12.399999999999999,11.968115481107167
292,1.0,0.3,-1.0,-1.0,-155.0,-157.70674113784852,25.0,27.570504373708513,-54.0,-51.34451226328868,-124.0,-122.75345774696628,21.0,21.84615555726409,-124.0,-119.04054255911612
329,-1.0,0.16,-1.0,1.0,-95.0,-95.92782114427806,225.0,227.12165042487092,57.2,55.65892252363557,127.2,120.70834093822133,17.200000000000003,13.904089135232017,127.2,126.13642552604605
112,1.0,0.08,-1.0,1.0,225.0,227.2711934746566,-95.0,-96.19461701558917,113.6,111.61045330371334,43.6,46.98998334704994,113.6,117.45797720509456,23.6,22.708991790668357
346,1.0,0.38,-1.0,-1.0,-155.0,-152.41710545024915,25.0,30.502538344489974,-60.4,-59.94277920968509,-130.4,-128.5759168660036,34.6,40.63272730985693,-130.4,-135.24040313804883
495,-1.0,0.28,-1.0,-1.0,25.0,25.37730841524971,-155.0,-153.49100015566083,-122.4,-124.9579285339545,-52.4,-51.45761926621695,-122.4,-121.80282609045935,17.6,18.66104787999323
270,1.0,0.1,-1.0,-1.0,-155.0,-157.9016229956612,25.0,24.981850588297053,-38.0,-34.14100090099482,-108.0,-109.19168407723514,-13.0,-16.16983573520089,-108.0,-105.00234359428309
335,1.0,0.22,-1.0,-1.0,-155.0,-158.4145773855514,25.0,25.479862737415647,-47.6,-47.06861503372453,-117.6,-113.50141987160082,7.399999999999999,0.7758096631005644,-117.6,-119.45186030318712
426,1.0,0.2,-1.0,-1.0,-155.0,-149.79401804187924,25.0,22.734583896318263,-46.0,-48.72290647524071,-116.0,-122.8650764860119,4.0,8.482363904852578,-116.0,-114.44703286798932
162,1.0,0.26,-1.0,1.0,225.0,222.6504483064306,-95.0,-98.38057893763327,144.2,144.67134428191935,74.2,69.84804065536841,144.2,141.34813939591666,9.200000000000003,10.881537060771572
371,1.0,0.34,-1.0,-1.0,-155.0,-152.61481354598354,25.0,17.890803441004376,-57.2,-64.41058905049799,-127.2,-126.56002105672911,27.8,27.667206784972922,-127.2,-128.34328675041945
9,1.0,0.42,-1.0,1.0,225.0,227.41563470342905,-95.0,-100.6485194364857,171.4,171.62224374546435,101.4,102.52976444620953,171.4,173.29655439179174,-3.6000000000000014,-3.7616409747740573
411,1.0,0.02,-1.0,-1.0,-155.0,-156.0061017581359,25.0,21.521684268944036,-31.6,-32.631763249828076,-101.6,-103.90615786767474,-26.6,-27.461964939030175,-101.6,-102.45289792378335
95,1.0,0.46,-1.0,1.0,225.0,223.13565865257422,-95.0,-97.70770746459846,178.2,182.58486474386018,108.2,110.56495672226394,178.2,177.25606995853852,-6.799999999999997,-11.862190449998145
163,1.0,0.32,-1.0,1.0,225.0,230.14916442613838,-95.0,-98.94592900788412,154.4,151.25527020731772,84.4,80.76186343648902,154.4,155.44157412834585,4.399999999999999,2.7303940394312685
303,1.0,0.42,-1.0,-1.0,-155.0,-156.36950240247694,25.0,24.06782474337532,-63.6,-62.31177547825163,-133.6,-135.3272751985374,41.4,39.92954076287138,-133.6,-129.87717213576607
69,1.0,0.3,-1.0,1.0,225.0,224.93675750045333,-95.0,-92.95537016110177,151.0,153.18206009416025,81.0,83.258164704555,151.0,148.5536583820926,6.0,9.81144390225617
25,1.0,0.4,-1.0,1.0,225.0,226.775313915561,-95.0,-99.63994940642311,168.0,165.14085177337296,98.0,101.14329729525679,168.0,165.51286278079846,-2.0,-2.3702348754740883
39,1.0,0.46,-1.0,1.0,225.0,225.63458578216554,-95.0,-95.2735229803445,178.2,175.3804229996537,108.2,101.717161881024,178.2,174.73388411880512,-6.799999999999997,-2.5072976526598225
361,1.0,0.28,-1.0,-1.0,-155.0,-157.60176408066724,25.0,29.12347227039325,-52.4,-50.925217640399005,-122.4,-120.60902524265767,17.6,15.461725546093973,-122.4,-121.86581654553298
221,1.0,0.46,-1.0,-1.0,-155.0,-151.20437943886893,25.0,27.94322531898643,-66.8,-74.98404169763307,-136.8,-141.57093897962778,48.2,47.778077374784054,-136.8,-133.10257694514465
273,1.0,0.26,-1.0,-1.0,-155.0,-152.27996671180838,25.0,23.44612375585607,-50.8,-48.85935146845859,-120.8,-119.15705404623517,14.200000000000003,16.60840085798955,-120.8,-123.36525158943257
134,1.0,0.48,-1.0,1.0,225.0,230.6461429046999,-95.0,-99.25732350305972,181.6,180.50402798247376,111.6,111.76906532337632,181.6,186.83176217763858,-8.400000000000006,-3.142737612977606
106,1.0,0.42,-1.0,1.0,225.0,224.31635153939806,-95.0,-95.37627758766646,171.4,168.6164573158551,101.4,99.86476806760291,171.4,173.72837731675727,-3.6000000000000014,-2.0619057762102595
192,1.0,0.08,-1.0,1.0,225.0,227.30627371623765,-95.0,-90.16748221952315,113.6,115.85420707754584,43.6,48.64679271043657,113.6,114.63385758703825,23.6,21.324506122075935
233,1.0,0.16,-1.0,1.0,225.0,220.48918386864744,-95.0,-95.44744193384395,127.2,130.7611003687588,57.2,57.9756701662755,127.2,125.52304151256587,17.200000000000003,15.739511905111454
405,1.0,0.28,-1.0,-1.0,-155.0,-155.9656209946557,25.0,24.25378443227099,-52.4,-57.17586841105628,-122.4,-124.75547217966468,17.6,13.474950576384973,-122.4,-123.27475835990252
149,1.0,0.36,-1.0,1.0,225.0,222.36837980617298,-95.0,-98.64654521344177,161.2,157.62725512845867,91.2,91.73729926257789,161.2,164.95989526094345,1.2000000000000028,-2.582709141582578
294,1.0,0.32,-1.0,-1.0,-155.0,-148.84039093186254,25.0,26.852453639663246,-55.6,-55.65779283396897,-125.6,-127.67785491435097,24.4,25.88472279116821,-125.6,-125.99069301390237
216,1.0,0.28,-1.0,1.0,225.0,219.90938815797654,-95.0,-94.78354591616598,147.6,142.3765948425564,77.6,75.83666518828807,147.6,148.3276852749942,7.600000000000001,7.877200190390791
446,1.0,0.5,-1.0,-1.0,-155.0,-154.85022763175652,25.0,21.856537452852436,-70.0,-67.10313924822836,-140.0,-136.26618116065484,55.0,50.62598160812474,-140.0,-134.66809082402494
60,1.0,0.1,-1.0,1.0,225.0,223.13872602325964,-95.0,-96.16738245212498,117.0,113.79717960233612,47.0,45.72118281657214,117.0,117.45326908786147,22.0,21.277315971362675
23,1.0,0.14,-1.0,1.0,225.0,224.50746380243993,-95.0,-93.6797759557871,123.8,125.0343906448025,53.8,55.21254945302139,123.8,124.82981168259296,18.799999999999997,24.346518995261867
223,1.0,0.2,-1.0,-1.0,-155.0,-156.23362979057768,25.0,35.50485888740036,-46.0,-42.18257770270824,-116.0,-119.1390894762686,4.0,4.14256429489049,-116.0,-119.42534785269493
349,1.0,0.1,-1.0,-1.0,-155.0,-153.33363624046785,25.0,26.707799502912124,-38.0,-37.4445142839733,-108.0,-107.57347049685728,-13.0,-12.733950418780525,-108.0,-106.49914487078472
141,1.0,0.26,-1.0,1.0,225.0,221.5048167313637,-95.0,-103.37063630109292,144.2,140.6507722018023,74.2,70.5713469080252,144.2,137.81404489544462,9.200000000000003,12.694250622889879
452,1.0,0.34,-1.0,-1.0,-155.0,-156.4942231275766,25.0,20.49676480499761,-57.2,-58.50869523880666,-127.2,-126.76233824039298,27.8,36.134959794468216,-127.2,-125.42480973822059
10,1.0,0.16,-1.0,1.0,225.0,230.86590963642797,-95.0,-93.77606061440615,127.2,127.3153072682863,57.2,54.44664329874394,127.2,124.52565435755163,17.200000000000003,13.303142619417434
133,1.0,0.44,-1.0,1.0,225.0,227.5844442682134,-95.0,-98.95909558527728,174.8,175.9039587949123,104.8,103.14557655922513,174.8,175.0898784000248,-5.200000000000003,-7.711695199665592
481,-1.0,0.4,-1.0,-1.0,25.0,23.9835576992867,-155.0,-152.96409672813982,-132.0,-129.31350038355984,-62.0,-63.02783443513928,-132.0,-125.38891359389218,38.0,33.84106875274665
271,-1.0,0.08,-1.0,1.0,-95.0,-96.52526212440421,225.0,223.65776731100198,43.6,41.20811685590243,113.6,116.0127207266169,23.6,30.806824420970532,113.6,114.33374273560355
66,1.0,0.08,-1.0,1.0,225.0,223.9901418778399,-95.0,-101.64102335135937,113.6,120.33226418346882,43.6,45.433700231594656,113.6,118.04052459575674,23.6,25.760022136132495
55,1.0,0.3,-1.0,1.0,225.0,222.01636151971016,-95.0,-95.46128120028389,151.0,150.5156352304775,81.0,78.86609224225869,151.0,155.2903623392893,6.0,10.932060438768373
46,1.0,0.36,-1.0,1.0,225.0,227.35053178592761,-95.0,-94.21843605125085,161.2,165.91569944457677,91.2,91.29790699042664,161.2,163.92118616541566,1.2000000000000028,-0.5573928093457718
497,-1.0,0.4,-1.0,-1.0,25.0,28.98430723579151,-155.0,-154.188348916413,-132.0,-129.39117641139407,-62.0,-62.51694636691441,-132.0,-136.60708089299482,38.0,37.37982239258166
178,1.0,0.2,-1.0,1.0,225.0,222.2394062057314,-95.0,-95.7239487719622,134.0,131.42514531220607,64.0,65.44586961968405,134.0,134.76829129089145,14.0,14.924829416875536
187,1.0,0.44,-1.0,-1.0,-155.0,-155.60733719055668,25.0,25.392880017056036,-65.2,-64.49536499247593,-135.2,-136.775053928535,44.8,43.52671950888659,-135.2,-132.99264079153266
170,1.0,0.26,-1.0,1.0,225.0,232.67426324675424,-95.0,-95.20147386512133,144.2,139.6118235881074,74.2,78.12167424401797,144.2,145.50299607691315,9.200000000000003,11.44219631495648
30,1.0,0.28,-1.0,1.0,225.0,227.52443152794217,-95.0,-92.69878135182773,147.6,147.7325159898667,77.6,75.43444270860299,147.6,146.86390230564965,7.600000000000001,3.3692978651222383
312,1.0,0.36,-1.0,-1.0,-155.0,-156.33230975102535,25.0,29.696993313510518,-58.8,-63.53161959749161,-128.8,-131.00108597405884,31.2,29.448864138689604,-128.8,-126.05831055504993
214,1.0,0.5,-1.0,1.0,225.0,225.62826375384523,-95.0,-98.37453270585777,185.0,188.30021829931613,115.0,117.03729515329425,185.0,183.81758417811278,-10.0,-4.7975131025396855
444,1.0,0.32,-1.0,-1.0,-155.0,-156.64319920243608,25.0,30.071797230431,-55.6,-56.48463558444436,-125.6,-116.33833289675195,24.4,26.617831799163064,-125.6,-121.17285632742652
331,1.0,0.02,-1.0,-1.0,-155.0,-151.3820102248711,25.0,26.386490353016356,-31.6,-33.869329918131264,-101.6,-107.93882525041691,-26.6,-26.08356507159631,-101.6,-100.40393890474147
328,1.0,0.46,-1.0,-1.0,-155.0,-154.92585884999153,25.0,23.507633766383403,-66.8,-68.01567532510283,-136.8,-128.40609593393083,48.2,48.31603889821227,-136.8,-138.0514510963066
350,1.0,0.22,-1.0,-1.0,-155.0,-156.11061834852362,25.0,19.70902488161835,-47.6,-46.84589492843137,-117.6,-115.07231890030675,7.399999999999999,5.117007924865776,-117.6,-115.40829007665525
357,1.0,0.4,-1.0,-1.0,-155.0,-156.17124056266246,25.0,25.015100321376156,-62.0,-62.98431859086493,-132.0,-130.95273531479708,38.0,42.674775479257036,-132.0,-137.67206923036875
393,1.0,0.32,-1.0,-1.0,-155.0,-155.36531733608302,25.0,25.905167036166272,-55.6,-61.978679055038185,-125.6,-123.02767170605927,24.4,25.14511790461005,-125.6,-124.38306466243219
436,1.0,0.42,-1.0,-1.0,-155.0,-157.43922313955804,25.0,22.91323788304962,-63.6,-62.27703678477278,-133.6,-139.92156972446483,41.4,43.13953680170533,-133.6,-128.56281647515678
490,-1.0,0.32,-1.0,-1.0,25.0,19.542653200326352,-155.0,-153.40500427492506,-125.6,-124.05312016613279,-55.6,-53.48478341141458,-125.6,-124.60972612282504,24.4,24.57421597914273
80,1.0,0.28,-1.0,1.0,225.0,226.78280802341868,-95.0,-93.96426095893548,147.6,152.88182741428997,77.6,81.91729147621946,147.6,148.73165417136946,7.600000000000001,6.4647671606391715
463,1.0,0.3,-1.0,-1.0,-155.0,-151.0973837542862,25.0,21.962301787239713,-54.0,-60.680526112399704,-124.0,-118.5885640586561,21.0,16.62507219151592,-124.0,-129.7480932534414
220,1.0,0.24,-1.0,1.0,225.0,224.76297680572898,-95.0,-95.019055602912,140.8,144.47139371884379,70.8,74.2064798599263,140.8,136.98348574826016,10.799999999999997,12.005683594230678
356,1.0,0.38,-1.0,-1.0,-155.0,-152.72453182627925,25.0,26.719717879451085,-60.4,-66.88482513505632,-130.4,-124.21953047058824,34.6,37.014802321931676,-130.4,-128.51622018307242
224,1.0,0.48,-1.0,-1.0,-155.0,-155.58033847208785,25.0,30.54317052025172,-68.4,-70.07569978165887,-138.4,-135.48783317035037,51.599999999999994,46.44395803227986,-138.4,-142.57568514699958
360,1.0,0.06,-1.0,-1.0,-155.0,-156.3237714773203,25.0,21.683252793385822,-34.8,-33.77030072762892,-104.8,-102.06729229072138,-19.8,-18.963978613235426,-104.8,-101.75861347310266
41,1.0,0.1,-1.0,1.0,225.0,228.6164278847497,-95.0,-93.96702135244463,117.0,120.57277834108055,47.0,43.65306016580019,117.0,115.47879770575047,22.0,17.504282627638432
137,1.0,0.06,-1.0,1.0,225.0,224.4492772150692,-95.0,-98.20317084140336,110.2,102.25444326819674,40.2,41.72692354982481,110.2,112.791356156294,25.200000000000003,24.103458083990752
323,1.0,0.26,-1.0,-1.0,-155.0,-156.31490700728236,25.0,26.85653496278011,-50.8,-50.81720341133893,-120.8,-126.04397875934701,14.200000000000003,11.061526053643034,-120.8,-122.16109250551008
257,-1.0,0.12,-1.0,1.0,-95.0,-95.34916502121298,225.0,225.51718377145252,50.4,49.523641721735764,120.4,123.22899308271195,20.4,19.461616234090048,120.4,120.44985522721629
455,1.0,0.06,-1.0,-1.0,-155.0,-153.5519082418782,25.0,20.422525572949617,-34.8,-33.27338680507517,-104.8,-111.60171025679533,-19.8,-23.298990686374417,-104.8,-108.00198682379433
300,1.0,0.4,-1.0,-1.0,-155.0,-148.6669776794177,25.0,25.684392167060835,-62.0,-62.042120332605336,-132.0,-134.0371537385429,38.0,34.727349562792725,-132.0,-134.9686874721181
494,-1.0,0.12,-1.0,-1.0,25.0,25.099952788478173,-155.0,-155.51278351644467,-109.6,-111.89371373274906,-39.6,-44.04071092338343,-109.6,-107.60768722384023,-9.600000000000001,-11.965999043895529
160,1.0,0.26,-1.0,1.0,225.0,220.71018619854414,-95.0,-94.41211548358264,144.2,147.46452819540275,74.2,75.86043538339983,144.2,142.38470221411853,9.200000000000003,6.35548558590313
384,1.0,0.16,-1.0,-1.0,-155.0,-154.73503010908934,25.0,29.749293354113078,-42.8,-39.35216082104177,-112.8,-107.85040869648451,-2.8000000000000007,0.7822914336051503,-112.8,-109.90426373396558
67,1.0,0.44,-1.0,1.0,225.0,222.8077259388946,-95.0,-92.7568273626564,174.8,177.04530680062186,104.8,99.45465205840108,174.8,169.45297803943487,-5.200000000000003,-4.494465286972373
26,1.0,0.2,-1.0,1.0,225.0,225.745144659856,-95.0,-99.94904373604608,134.0,133.4858955680178,64.0,63.87536923709313,134.0,135.10105971910966,14.0,10.137147747450909
263,1.0,0.26,-1.0,-1.0,-155.0,-158.41621044825303,25.0,25.6651194275403,-50.8,-51.77912614689667,-120.8,-117.67452043361858,14.200000000000003,16.528279084780692,-120.8,-121.35400056272397
311,1.0,0.24,-1.0,-1.0,-155.0,-158.21670421908564,25.0,23.318454527857003,-49.2,-50.335550891765294,-119.2,-113.4061749204781,10.799999999999997,11.270056000675233,-119.2,-111.23401574959898
402,1.0,0.22,-1.0,-1.0,-155.0,-153.6905645621935,25.0,22.209516814759578,-47.6,-46.61164270664834,-117.6,-117.5732021004161,7.399999999999999,10.813640548733215,-117.6,-119.49896148739344
155,1.0,0.2,-1.0,1.0,225.0,222.35519983794794,-95.0,-98.2346679796876,134.0,136.94520535367553,64.0,68.24257496323757,134.0,130.96629797375837,14.0,13.257935115140247
248,1.0,0.28,-1.0,-1.0,-155.0,-154.6762168183222,25.0,22.727060409298684,-52.4,-56.18534166373501,-122.4,-124.28879904976775,17.6,18.148298948831467,-122.4,-121.34665612207269
304,1.0,0.22,-1.0,-1.0,-155.0,-152.9125700573319,25.0,25.06832564290253,-47.6,-46.8440530786166,-117.6,-121.35589629398804,7.399999999999999,9.396883671614383,-117.6,-118.19727776396559
166,1.0,0.08,-1.0,1.0,225.0,224.3687204459859,-95.0,-93.7519069554713,113.6,114.63913052838979,43.6,41.292006315740316,113.6,107.11707422762967,23.6,25.13189533291677
100,1.0,0.08,-1.0,1.0,225.0,227.11007777048155,-95.0,-92.93590188619903,113.6,114.56838263905034,43.6,43.715949644260036,113.6,111.01489394675359,23.6,30.969944289693665
296,1.0,0.46,-1.0,-1.0,-155.0,-152.86537340643756,25.0,28.46510629804767,-66.8,-74.96682882275537,-136.8,-134.70737860919584,48.2,45.157335136151694,-136.8,-133.4807904992138
138,1.0,0.32,-1.0,1.0,225.0,230.15937975743915,-95.0,-94.70924427772708,154.4,158.72997226363282,84.4,81.3823972812514,154.4,156.86104866675842,4.399999999999999,5.508579307095927
259,-1.0,0.06,-1.0,1.0,-95.0,-95.57533434897677,225.0,221.76845615802677,40.2,38.50545290496274,110.2,105.68323434346792,25.200000000000003,29.496314182266556,110.2,112.3595808071268
267,-1.0,0.04,-1.0,1.0,-95.0,-94.01763855925645,225.0,220.44313708124767,36.8,36.25548259854998,106.8,107.60809162840118,26.8,28.631429951155923,106.8,112.559741925734
429,1.0,0.12,-1.0,-1.0,-155.0,-155.44559794022106,25.0,23.78436284846934,-39.6,-35.90431770544448,-109.6,-110.44300666888181,-9.600000000000001,-7.670100242457865,-109.6,-108.87867361599969
177,1.0,0.38,-1.0,1.0,225.0,226.56216938609344,-95.0,-96.39570731432484,164.6,166.41503063040636,94.6,91.79876483788186,164.6,166.35753051588904,-0.3999999999999986,0.9722492386525283
91,1.0,0.22,-1.0,1.0,225.0,226.63438372366514,-95.0,-95.19201483308132,137.4,139.78490568280634,67.4,65.8764466676032,137.4,136.61482430820047,12.399999999999999,15.0064565633939
287,-1.0,0.3,-1.0,1.0,-95.0,-96.09052834251696,225.0,223.75912821120832,81.0,80.37293306616407,151.0,155.10683043695016,6.0,9.486269590827863,151.0,151.1793823774637
266,1.0,0.42,-1.0,-1.0,-155.0,-156.65766289409305,25.0,23.273964248810227,-63.6,-64.48786909296366,-133.6,-132.01955522623373,41.4,39.903908006654625,-133.6,-137.17674926318517
409,1.0,0.26,-1.0,-1.0,-155.0,-152.5763703335375,25.0,24.058169256841307,-50.8,-53.275764556902935,-120.8,-123.14828621681977,14.200000000000003,15.932855270923344,-120.8,-120.80441747934859
401,1.0,0.5,-1.0,-1.0,-155.0,-155.37875746723412,25.0,23.249135228652257,-70.0,-69.77743016210907,-140.0,-136.32522577340103,55.0,58.97067442755612,-140.0,-135.73818519364949
87,1.0,0.44,-1.0,1.0,225.0,224.89519399179423,-95.0,-95.06680769281502,174.8,176.05827812391104,104.8,104.09659176737387,174.8,169.2662131445287,-5.200000000000003,-4.342110134364074
262,-1.0,0.42,-1.0,1.0,-95.0,-97.39467321726356,225.0,229.1820865482056,101.4,100.7568023576424,171.4,177.5100827317394,-3.6000000000000014,-2.882814255156955,171.4,171.33556954938578
482,-1.0,0.2,-1.0,-1.0,25.0,23.987959513882835,-155.0,-157.4426333345728,-116.0,-117.70825390475544,-46.0,-44.69156259183227,-116.0,-114.91074691507002,4.0,-2.612301550899865
279,1.0,0.2,-1.0,-1.0,-155.0,-155.37004731846838,25.0,28.7983137369853,-46.0,-48.47206583546476,-116.0,-116.18559942647944,4.0,6.159940875152767,-116.0,-110.67164864317712
258,1.0,0.14,-1.0,-1.0,-155.0,-155.94225817155922,25.0,22.36935507282321,-41.2,-41.674220339185645,-111.2,-115.99764522231285,-6.199999999999999,-6.767100511245713,-111.2,-106.36052789672326
31,1.0,0.36,-1.0,1.0,225.0,231.39457959713943,-95.0,-94.78769233665788,161.2,159.8039492306835,91.2,93.19700609944368,161.2,160.9542770642884,1.2000000000000028,7.066244206431403
27,1.0,0.12,-1.0,1.0,225.0,226.29004287553636,-95.0,-96.10397929810843,120.4,121.59925450432567,50.4,47.8463051455278,120.4,123.46339090422657,20.4,20.68826848451107
373,1.0,0.34,-1.0,-1.0,-155.0,-155.17168114336332,25.0,26.356353918036085,-57.2,-47.367054165126625,-127.2,-125.34412827155509,27.8,30.666837946751787,-127.2,-128.12144808358448
406,1.0,0.32,-1.0,-1.0,-155.0,-158.45427601255795,25.0,29.807766716854168,-55.6,-58.345660237140194,-125.6,-130.03497115716507,24.4,27.536350839833595,-125.6,-129.39935408927093
121,1.0,0.04,-1.0,1.0,225.0,221.13924995511542,-95.0,-93.47224489615483,106.8,107.6616166947275,36.8,37.08136399287554,106.8,102.30626682198395,26.8,25.049309820492905
125,1.0,0.3,-1.0,1.0,225.0,223.53788392682588,-95.0,-92.75097309314427,151.0,150.54300950397678,81.0,82.67651901101252,151.0,146.37733338944207,6.0,9.681965156368378
147,1.0,0.46,-1.0,1.0,225.0,233.35935219831757,-95.0,-90.05422380818788,178.2,177.4752385744144,108.2,109.00130908060311,178.2,175.13111228186852,-6.799999999999997,-5.162179439166939
70,1.0,0.5,-1.0,1.0,225.0,225.2710953142631,-95.0,-94.58279792089353,185.0,185.4739989196465,115.0,119.22207449591492,185.0,185.34210644997984,-10.0,-10.483074304117299
458,1.0,0.16,-1.0,-1.0,-155.0,-161.11741263980417,25.0,24.163564532279576,-42.8,-45.07225226795336,-112.8,-107.47983138577801,-2.8000000000000007,-1.6036008101054762,-112.8,-107.70771238573307
118,1.0,0.06,-1.0,1.0,225.0,224.9634216049134,-95.0,-101.25257213011865,110.2,116.39159832736878,40.2,37.822525697107125,110.2,107.78938433636897,25.200000000000003,23.888319081255716
82,1.0,0.36,-1.0,1.0,225.0,226.47910150354218,-95.0,-91.3943006045692,161.2,160.26515644333682,91.2,94.60050731731502,161.2,158.88968497291864,1.2000000000000028,5.897976368991238
362,1.0,0.22,-1.0,-1.0,-155.0,-156.5159207166155,25.0,28.965005239398614,-47.6,-50.26652438809724,-117.6,-118.02919251161633,7.399999999999999,2.910553679374466,-117.6,-117.23494347730652
182,1.0,0.36,-1.0,1.0,225.0,227.22685048925416,-95.0,-96.68692701926754,161.2,160.24724040612585,91.2,92.20330372962367,161.2,153.56883845156844,1.2000000000000028,-0.46239370996016027
391,1.0,0.06,-1.0,-1.0,-155.0,-155.60377540105767,25.0,21.790392407556972,-34.8,-32.12399662132745,-104.8,-110.53740282310159,-19.8,-20.74137625964864,-104.8,-99.48304748749311
6,1.0,0.48,-1.0,1.0,225.0,227.68032132663842,-95.0,-94.2352256327761,181.6,185.35082759475088,111.6,111.25014588706374,181.6,185.4713394442827,-8.400000000000006,-10.226870644864903
274,1.0,0.4,-1.0,-1.0,-155.0,-158.0927394831693,25.0,22.791105207190867,-62.0,-61.16718737768735,-132.0,-132.82890858832246,38.0,39.10862074749898,-132.0,-129.3053806483432
415,1.0,0.24,-1.0,-1.0,-155.0,-157.09549163104978,25.0,24.608906856674757,-49.2,-54.402083308415556,-119.2,-125.21963420891824,10.799999999999997,7.889466674549643,-119.2,-117.13309993939556
185,1.0,0.42,-1.0,1.0,225.0,225.93716221947025,-95.0,-96.63149342395448,171.4,170.89639890424945,101.4,103.77052515192011,171.4,171.12787098587162,-3.6000000000000014,-6.125738582003842
96,1.0,0.04,-1.0,1.0,225.0,231.37769364472803,-95.0,-90.24417820363536,106.8,101.07322515674682,36.8,36.207311575457865,106.8,110.1974321693198,26.8,22.548528884735312
64,1.0,0.34,-1.0,1.0,225.0,222.99581350942435,-95.0,-94.55472039170752,157.8,158.03157013647277,87.8,89.1966708170729,157.8,158.1299211998817,2.799999999999997,7.120982297562624
84,1.0,0.28,-1.0,1.0,225.0,225.4544819623708,-95.0,-94.3896483087708,147.6,146.7305144664255,77.6,79.3624746255757,147.6,148.87423581176023,7.600000000000001,11.871554810462843
288,1.0,0.36,-1.0,-1.0,-155.0,-153.0869366964078,25.0,20.96685906454129,-58.8,-60.699367636579616,-128.8,-133.26132877618025,31.2,26.286930978157336,-128.8,-125.81717504290327
461,1.0,0.34,-1.0,-1.0,-155.0,-153.1458356834375,25.0,26.657022131180113,-57.2,-57.415768477097416,-127.2,-124.32399771073383,27.8,26.281228016953367,-127.2,-128.2099566552571
79,1.0,0.06,-1.0,1.0,225.0,222.32755247900914,-95.0,-99.2484341513893,110.2,106.37264483256732,40.2,38.133944273951144,110.2,110.11078400917458,25.200000000000003,25.78013401398761
348,1.0,0.18,-1.0,-1.0,-155.0,-154.01660164292292,25.0,25.1138108805711,-44.4,-40.35433918823746,-114.4,-112.00388287001284,0.6000000000000014,-1.4501022237342536,-114.4,-116.41685260141335
1,1.0,0.16,-1.0,1.0,225.0,221.01347333856913,-95.0,-94.44394802964534,127.2,125.00551928273116,57.2,57.491584344893276,127.2,125.73704788639175,17.200000000000003,25.625236369484128
205,1.0,0.36,-1.0,1.0,225.0,222.02735160632466,-95.0,-92.83620742249364,161.2,161.15000455153543,91.2,88.36485161540591,161.2,166.68154891885465,1.2000000000000028,4.465293142548361
152,1.0,0.18,-1.0,1.0,225.0,223.07393515212829,-95.0,-96.48780796644307,130.6,134.28536065346515,60.6,60.86029910348673,130.6,127.84297157998202,15.600000000000001,16.76547067884641
308,1.0,0.48,-1.0,-1.0,-155.0,-160.77206997319686,25.0,23.60983240887838,-68.4,-69.41501734145002,-138.4,-137.48095560646726,51.599999999999994,47.439336675445325,-138.4,-138.5668568208526
276,1.0,0.18,-1.0,-1.0,-155.0,-150.16213009342425,25.0,22.253036377624717,-44.4,-44.70415340608684,-114.4,-117.07470533426364,0.6000000000000014,6.381702924215499,-114.4,-112.85824472039438
211,1.0,0.2,-1.0,-1.0,-155.0,-154.6854709567732,25.0,22.84495522289766,-46.0,-44.557522022242686,-116.0,-115.17830461222519,4.0,4.666348505267811,-116.0,-114.50595448436385
364,1.0,0.18,-1.0,-1.0,-155.0,-149.62970057465085,25.0,26.170926035123173,-44.4,-42.93543630604558,-114.4,-120.02378395262885,0.6000000000000014,1.5938968067741401,-114.4,-116.35194228730442
340,-1.0,0.06,-1.0,1.0,-95.0,-94.94002236664092,225.0,228.31680046763526,40.2,39.90744028629094,110.2,107.53196746871734,25.200000000000003,29.260032322088193,110.2,113.36978243998776
439,1.0,0.38,-1.0,-1.0,-155.0,-155.2077059603436,25.0,22.582513200486723,-60.4,-60.14644531611277,-130.4,-133.75470241649558,34.6,36.02475349936612,-130.4,-136.0315447246442
473,1.0,0.32,-1.0,-1.0,-155.0,-150.89352335169252,25.0,22.369486773638666,-55.6,-54.43627293874763,-125.6,-122.09376337845144,24.4,22.29225642476148,-125.6,-128.76633164060559
341,1.0,0.16,-1.0,-1.0,-155.0,-151.61982910633344,25.0,25.373888219299705,-42.8,-36.71502745725702,-112.8,-109.1489835213485,-2.8000000000000007,-5.147150882698299,-112.8,-113.27696032248807
45,1.0,0.1,-1.0,1.0,225.0,226.55942114510472,-95.0,-90.47172689992375,117.0,115.92630456564552,47.0,45.672234798917636,117.0,119.71751956549855,22.0,17.24639798158784
489,-1.0,0.06,-1.0,-1.0,25.0,23.3268016131548,-155.0,-160.127081144786,-104.8,-103.57448819656227,-34.8,-38.649859188402104,-104.8,-107.3872029653855,-19.8,-15.24911670839303
32,1.0,0.18,-1.0,1.0,225.0,227.68800530070297,-95.0,-89.15655208241769,130.6,132.09045531389896,60.6,55.41887630911181,130.6,125.38567642070376,15.600000000000001,14.447451082576954
324,1.0,0.42,-1.0,-1.0,-155.0,-155.53565432760638,25.0,17.535304385791363,-63.6,-63.434131645952846,-133.6,-132.86600250766253,41.4,42.25574012247309,-133.6,-129.83830637023277
255,-1.0,0.32,-1.0,1.0,-95.0,-96.48953224988502,225.0,229.15654770247957,84.4,83.13892078308045,154.4,152.552189916796,4.399999999999999,5.0903484738449,154.4,158.37949258091396
496,-1.0,0.16,-1.0,-1.0,25.0,24.215882542610824,-155.0,-155.5541955633908,-112.8,-111.03532382854904,-42.8,-45.261256372398975,-112.8,-115.47431119499831,-2.8000000000000007,1.711105018914905
123,1.0,0.04,-1.0,1.0,225.0,223.56623391777626,-95.0,-97.48464300821891,106.8,108.26806450566689,36.8,38.10340049322224,106.8,107.47022605258239,26.8,23.4136439617916
110,1.0,0.4,-1.0,1.0,225.0,219.94906143715346,-95.0,-95.98266052755798,168.0,166.42144999701281,98.0,100.63880532170067,168.0,167.95552568351096,-2.0,-0.2368048968409504
387,1.0,0.04,-1.0,-1.0,-155.0,-153.93873539254076,25.0,29.193550828604224,-33.2,-42.77467128717828,-103.2,-101.8305757330344,-23.2,-28.39061824403494,-103.2,-101.37673569790526
370,1.0,0.06,-1.0,-1.0,-155.0,-155.78356429466535,25.0,22.756587079680145,-34.8,-30.635710181431822,-104.8,-105.29156148929103,-19.8,-17.34028954193002,-104.8,-102.86022866648592
58,1.0,0.44,-1.0,1.0,225.0,231.06420099204087,-95.0,-93.4103804025724,174.8,174.06343340281853,104.8,105.27395900382788,174.8,172.50734447665383,-5.200000000000003,-2.5262228476500934
404,1.0,0.1,-1.0,-1.0,-155.0,-154.37460102359935,25.0,22.032507732013237,-38.0,-35.10641364565793,-108.0,-114.33365875262655,-13.0,-18.153224855254948,-108.0,-106.69892552299466
484,-1.0,0.06,-1.0,-1.0,25.0,27.362787370415546,-155.0,-154.03239892258173,-104.8,-106.11332220140615,-34.8,-33.962239674021056,-104.8,-104.26024527344198,-19.8,-16.029166654721717
438,1.0,0.18,-1.0,-1.0,-155.0,-160.6648082981329,25.0,24.10098432003512,-44.4,-40.20572849592404,-114.4,-114.95357050096352,0.6000000000000014,-0.7146718761646798,-114.4,-113.35251514006859
73,1.0,0.1,-1.0,1.0,225.0,226.73735046547526,-95.0,-95.31738456671287,117.0,117.01781310465668,47.0,45.215677802598165,117.0,117.15682240342053,22.0,22.874954425142246
457,1.0,0.5,-1.0,-1.0,-155.0,-154.94423570136127,25.0,27.73712683631335,-70.0,-70.25359585640543,-140.0,-140.01870941175855,55.0,50.81842879289943,-140.0,-138.6240883692039
265,1.0,0.02,-1.0,-1.0,-155.0,-159.34822868577055,25.0,33.486709466893416,-31.6,-36.05316236622438,-101.6,-101.8948195726432,-26.6,-26.094367252368727,-101.6,-103.91719387804653
93,1.0,0.44,-1.0,1.0,225.0,227.46446603725514,-95.0,-94.06836219406138,174.8,178.61555442849357,104.8,104.45444127727791,174.8,178.1427425993541,-5.200000000000003,-5.503064197509377
344,1.0,0.42,-1.0,-1.0,-155.0,-160.67426246737443,25.0,21.11248850542907,-63.6,-61.97798111673788,-133.6,-132.92524928935737,41.4,46.862635334667075,-133.6,-126.44399341693266
103,1.0,0.14,-1.0,1.0,225.0,226.955000356835,-95.0,-92.64643434254455,123.8,126.17751083697084,53.8,52.97250648351862,123.8,126.95306997805875,18.799999999999997,23.003936867258318
8,1.0,0.46,-1.0,1.0,225.0,220.01979386648907,-95.0,-92.63444461781768,178.2,174.19280790383687,108.2,110.64709025260025,178.2,180.78264675771138,-6.799999999999997,-12.083434919756897
226,1.0,0.04,-1.0,1.0,225.0,223.7519750265162,-95.0,-93.08747151456076,106.8,104.6985498396826,36.8,36.567390720535776,106.8,104.56583874259206,26.8,29.750201593364924
243,-1.0,0.12,-1.0,1.0,-95.0,-95.53344074906347,225.0,222.5719573310932,50.4,49.58403188039471,120.4,117.50769062866128,20.4,14.143014663547863,120.4,119.38607854442677
34,1.0,0.46,-1.0,1.0,225.0,225.89405204903392,-95.0,-98.37450947523452,178.2,173.63977334571607,108.2,108.37144781978094,178.2,179.4635525963429,-6.799999999999997,-2.9543585411356488
237,1.0,0.36,-1.0,1.0,225.0,229.5163065520031,-95.0,-94.48253386199475,161.2,159.16496024357613,91.2,90.94006034007188,161.2,165.39827616738023,1.2000000000000028,-3.907991774255364
104,1.0,0.28,-1.0,1.0,225.0,223.85895301212477,-95.0,-96.94293846668371,147.6,145.00004109554476,77.6,74.92292407687032,147.6,152.63539940989824,7.600000000000001,11.128914408529386
272,1.0,0.1,-1.0,-1.0,-155.0,-155.26732856040897,25.0,20.405932286478567,-38.0,-37.17523391916627,-108.0,-112.37755252322819,-13.0,-12.71852554141069,-108.0,-104.37495143837714
434,1.0,0.36,-1.0,-1.0,-155.0,-153.843494145005,25.0,22.657295526713035,-58.8,-59.50684671029718,-128.8,-130.2686765949946,31.2,33.498403218128644,-128.8,-133.8235835615096
173,1.0,0.48,-1.0,1.0,225.0,221.80094014302563,-95.0,-93.06945846488303,181.6,183.5892122570455,111.6,113.63829887481685,181.6,181.17004091043216,-8.400000000000006,-6.289083965734254
126,1.0,0.32,-1.0,1.0,225.0,222.03186721252536,-95.0,-93.97287848840395,154.4,152.3047230048692,84.4,85.11744372722116,154.4,153.64111406274188,4.399999999999999,2.7025077597460996
94,1.0,0.5,-1.0,1.0,225.0,220.5670144118293,-95.0,-93.83565490234648,185.0,188.3503711890108,115.0,116.90796327711561,185.0,182.2524376046276,-10.0,-5.410655208197598
468,1.0,0.28,-1.0,-1.0,-155.0,-150.5312757633832,25.0,23.20435411505584,-52.4,-50.36762421080895,-122.4,-119.98117272193298,17.6,17.159837656465122,-122.4,-116.74123032630767
227,1.0,0.18,-1.0,1.0,225.0,227.45926631713405,-95.0,-93.79003472192808,130.6,132.11050322149043,60.6,59.44343667467959,130.6,128.85050794555502,15.600000000000001,16.661248379623302
249,1.0,0.44,-1.0,-1.0,-155.0,-147.84587188076026,25.0,24.242768342621705,-65.2,-67.59394731021561,-135.2,-138.83954458768994,44.8,48.76890082781075,-135.2,-131.56809699101265
179,1.0,0.02,-1.0,1.0,225.0,223.63301602367784,-95.0,-92.22949710935956,103.4,107.61624027802922,33.4,30.290576289705456,103.4,104.1669143229507,28.4,28.979562547598462
59,1.0,0.32,-1.0,1.0,225.0,226.6411376027641,-95.0,-98.8677700765108,154.4,157.6983716315451,84.4,82.29146813808218,154.4,153.78705645737324,4.399999999999999,-0.10871042754494376
445,1.0,0.18,-1.0,-1.0,-155.0,-153.6459850219661,25.0,21.58868446847097,-44.4,-45.94143838461759,-114.4,-116.10556718298798,0.6000000000000014,5.685850074963634,-114.4,-114.50627326123681
20,1.0,0.2,-1.0,1.0,225.0,227.79438990382974,-95.0,-97.31467737074053,134.0,129.9265677000018,64.0,62.70320752765771,134.0,137.19421554038735,14.0,15.95166813240079
306,1.0,0.02,-1.0,-1.0,-155.0,-158.00414401716338,25.0,31.430907541817387,-31.6,-32.7704100154073,-101.6,-100.89755488324484,-26.6,-24.988108457386268,-101.6,-100.96284693710821
200,1.0,0.14,-1.0,-1.0,-155.0,-155.6580580771776,25.0,23.632141030496072,-41.2,-45.89793743340552,-111.2,-114.0140932813802,-6.199999999999999,-6.762280120507194,-111.2,-112.14524055775065
380,1.0,0.44,-1.0,-1.0,-155.0,-154.32033450730873,25.0,23.09858774197446,-65.2,-61.66190288873854,-135.2,-137.1882397522657,44.8,43.74457943439225,-135.2,-133.35940954047624
150,1.0,0.28,-1.0,1.0,225.0,221.90791323433953,-95.0,-100.73937232885237,147.6,150.3252031059236,77.6,75.77103298238451,147.6,150.03208290291695,7.600000000000001,5.061150747539456
159,1.0,0.24,-1.0,1.0,225.0,227.2665946936498,-95.0,-95.3977232239119,140.8,136.64010501404212,70.8,70.6425298799628,140.8,138.9941971568872,10.799999999999997,8.66470558073006
408,1.0,0.06,-1.0,-1.0,-155.0,-149.26121696218485,25.0,26.18701589376783,-34.8,-35.012402036647345,-104.8,-102.44356878044822,-19.8,-13.411791675392529,-104.8,-109.13704469442244
417,1.0,0.18,-1.0,-1.0,-155.0,-157.35506834875758,25.0,25.41216671154232,-44.4,-43.717046701576045,-114.4,-113.60385153847282,0.6000000000000014,5.031761932734144,-114.4,-113.47641514101228
239,1.0,0.02,-1.0,1.0,225.0,223.24197835531825,-95.0,-87.86712856618793,103.4,99.98393092051684,33.4,37.461782517310375,103.4,100.03437339661716,28.4,25.40718081162322
448,1.0,0.34,-1.0,-1.0,-155.0,-155.37986007142976,25.0,18.087950104817676,-57.2,-58.96819478047793,-127.2,-127.95283180584025,27.8,26.393182676832865,-127.2,-122.67137411142876
302,1.0,0.02,-1.0,-1.0,-155.0,-153.71240640567342,25.0,26.92799748191598,-31.6,-30.285317386829174,-101.6,-102.36113135045613,-26.6,-31.132904459283118,-101.6,-97.47453262015448
222,1.0,0.46,-1.0,-1.0,-155.0,-154.7033489097328,25.0,17.567524561246792,-66.8,-66.88944410783702,-136.8,-138.1509147176639,48.2,43.03594865679178,-136.8,-137.32124061990424
174,1.0,0.44,-1.0,-1.0,-155.0,-154.16478596455096,25.0,22.868249473661113,-65.2,-67.08039609431037,-135.2,-137.57220636166724,44.8,42.93102219730128,-135.2,-133.25954896051002
422,1.0,0.12,-1.0,-1.0,-155.0,-157.84044179398379,25.0,28.33534271139956,-39.6,-36.33983189955555,-109.6,-102.25864267198598,-9.600000000000001,-7.825250287242374,-109.6,-110.24841571123409
493,-1.0,0.48,-1.0,-1.0,25.0,27.158846069954784,-155.0,-157.26512768037372,-138.4,-140.6265441538295,-68.4,-63.03898363445802,-138.4,-136.7745837893802,51.599999999999994,50.94316955917684
109,1.0,0.14,-1.0,1.0,225.0,220.7009559173082,-95.0,-94.11036824937183,123.8,117.44883249005233,53.8,53.34949407437648,123.8,126.2065812755751,18.799999999999997,18.83540180313085
7,1.0,0.4,-1.0,1.0,225.0,222.613450530705,-95.0,-97.9359877946402,168.0,167.83633669472977,98.0,96.50269779343073,168.0,165.6592027773338,-2.0,-3.5577656401162163
342,1.0,0.3,-1.0,-1.0,-155.0,-151.70244654233238,25.0,22.460655018549193,-54.0,-56.48493790647196,-124.0,-128.05184360882495,21.0,21.17276667722897,-124.0,-126.0745371283227
289,1.0,0.02,-1.0,-1.0,-155.0,-159.62863429473376,25.0,27.473243007045795,-31.6,-34.6743110664617,-101.6,-103.00321235892591,-26.6,-26.127203976894005,-101.6,-104.78440907640304
290,1.0,0.36,-1.0,-1.0,-155.0,-150.75447291963116,25.0,27.741324810284738,-58.8,-58.11438976780388,-128.8,-130.4133349941614,31.2,33.994342102741946,-128.8,-127.70980387201848
403,1.0,0.14,-1.0,-1.0,-155.0,-153.33123773846802,25.0,19.033208670460418,-41.2,-43.654055587069884,-111.2,-111.08190892877404,-6.199999999999999,-8.105499936206325,-111.2,-109.68295709556493
475,-1.0,0.2,-1.0,-1.0,25.0,27.934946704332226,-155.0,-147.70579549320476,-116.0,-114.68362435568646,-46.0,-43.17641624054881,-116.0,-116.6596985623948,4.0,0.9116087360053422
139,1.0,0.06,-1.0,1.0,225.0,225.61488791826739,-95.0,-98.0778491607934,110.2,109.54426419650899,40.2,35.00950681056954,110.2,107.49063527415429,25.200000000000003,29.244490103237286
322,1.0,0.04,-1.0,-1.0,-155.0,-158.68366292642884,25.0,23.509107916720446,-33.2,-36.70155857001049,-103.2,-94.81682412628223,-23.2,-27.800916451722614,-103.2,-102.9102450303878
153,1.0,0.1,-1.0,1.0,225.0,221.16040042037972,-95.0,-94.18031443579419,117.0,112.88440656079521,47.0,52.24049204449264,117.0,117.07010166560161,22.0,21.343588841485328
284,1.0,0.18,-1.0,-1.0,-155.0,-148.26060797435866,25.0,26.151561696884098,-44.4,-43.373895245952,-114.4,-119.3897782884516,0.6000000000000014,-0.2505857005126064,-114.4,-117.81242540325539
440,1.0,0.4,-1.0,-1.0,-155.0,-155.2793701488296,25.0,23.095232886791567,-62.0,-57.412147773000434,-132.0,-125.95724690132684,38.0,36.06472639120341,-132.0,-127.98484069491215
135,1.0,0.22,-1.0,1.0,225.0,227.92995701987573,-95.0,-94.96009770435279,137.4,136.49506430459405,67.4,70.84345760867897,137.4,145.71599590727092,12.399999999999999,8.570088540061885
42,1.0,0.22,-1.0,1.0,225.0,222.54698499825295,-95.0,-94.28984312898739,137.4,139.70073361582047,67.4,67.73499732153596,137.4,138.59902501848399,12.399999999999999,12.835353000616651
478,-1.0,0.2,-1.0,-1.0,25.0,25.575090184855014,-155.0,-149.49504069637473,-116.0,-115.65150159535878,-46.0,-47.34836694430063,-116.0,-113.75511166120383,4.0,-2.2616640067806397
144,1.0,0.18,-1.0,1.0,225.0,226.0073444672333,-95.0,-97.88612737775648,130.6,129.8721555826447,60.6,61.79409830316348,130.6,129.29194120907636,15.600000000000001,17.53314136121982
230,1.0,0.1,-1.0,1.0,225.0,227.72133598939226,-95.0,-91.9527341677301,117.0,114.366318896661,47.0,41.382997636363335,117.0,118.1693609646014,22.0,21.540872289637168
291,1.0,0.26,-1.0,-1.0,-155.0,-157.06525608144963,25.0,19.155963353884033,-50.8,-49.406106602635106,-120.8,-116.00334754143242,14.200000000000003,15.466438877808699,-120.8,-124.05962066802003
33,1.0,0.38,-1.0,1.0,225.0,222.83161597149493,-95.0,-98.37736778582583,164.6,157.13070367431408,94.6,94.74378738189678,164.6,166.19298403174565,-0.3999999999999986,-0.9819124484517036
480,-1.0,0.1,-1.0,-1.0,25.0,28.922791392967913,-155.0,-151.42340258341113,-108.0,-112.83285909019425,-38.0,-34.555500464421684,-108.0,-106.73602652780941,-13.0,-5.698471602559366
172,1.0,0.48,-1.0,1.0,225.0,219.39873349508787,-95.0,-95.86020996077838,181.6,179.60487589447848,111.6,109.14035663697112,181.6,185.69639483882563,-8.400000000000006,-11.264099692291843
219,1.0,0.34,-1.0,-1.0,-155.0,-158.1138432270526,25.0,24.283030341585423,-57.2,-55.91390753035541,-127.2,-126.92670834855818,27.8,24.13337688744641,-127.2,-128.0118262922083
241,1.0,0.3,-1.0,1.0,225.0,231.64979079541177,-95.0,-94.75058616515498,151.0,151.38905393116843,81.0,84.7567281875834,151.0,153.1112268326891,6.0,6.003482168796827
120,1.0,0.5,-1.0,1.0,225.0,224.36708448869553,-95.0,-92.65797068883319,185.0,182.5471959682581,115.0,117.40240341346879,185.0,193.127939330598,-10.0,-8.019671069576114
442,1.0,0.16,-1.0,-1.0,-155.0,-155.76305081816926,25.0,30.808067708914656,-42.8,-42.70931363705227,-112.8,-116.44728865835054,-2.8000000000000007,-7.181416829570336,-112.8,-107.87687970490248
388,1.0,0.48,-1.0,-1.0,-155.0,-160.2612822543596,25.0,24.88019019927066,-68.4,-67.47923063938782,-138.4,-136.38450794920348,51.599999999999994,49.27698943084979,-138.4,-137.13865708285397
278,-1.0,0.04,-1.0,1.0,-95.0,-88.72045957334545,225.0,228.93807442255633,36.8,42.87452374770715,106.8,105.9689045701963,26.8,26.33072007095035,106.8,108.3620111029422
334,1.0,0.5,-1.0,-1.0,-155.0,-155.18684715708602,25.0,23.648368858501907,-70.0,-72.67936381869268,-140.0,-145.550037448618,55.0,49.80283970493906,-140.0,-138.42938101477213
242,1.0,0.02,-1.0,-1.0,-155.0,-155.69259892871077,25.0,21.294643329604924,-31.6,-28.740445166625666,-101.6,-104.19439395601641,-26.6,-21.736352817246562,-101.6,-104.77888067241463
476,-1.0,0.14,-1.0,-1.0,25.0,21.179739655182075,-155.0,-162.2493071658393,-111.2,-109.98172959359236,-41.2,-42.41294494872821,-111.2,-111.61271614208914,-6.199999999999999,-6.8552835734538835
16,1.0,0.38,-1.0,1.0,225.0,226.66460957300905,-95.0,-93.63435308034387,164.6,163.6220285360578,94.6,97.82502042034939,164.6,163.1398161125548,-0.3999999999999986,1.8536543202071458
176,1.0,0.1,-1.0,1.0,225.0,225.1074541015411,-95.0,-92.31243521537482,117.0,118.08773260082916,47.0,47.96042600637366,117.0,114.43983699661688,22.0,21.408922130666287
217,1.0,0.04,-1.0,1.0,225.0,226.79370533030394,-95.0,-95.17866672053624,106.8,104.46648569046374,36.8,39.997045262413764,106.8,103.13634253219509,26.8,20.581948590147142
218,1.0,0.5,-1.0,1.0,225.0,227.05508363850964,-95.0,-91.35304373132648,185.0,182.2130868648796,115.0,111.32226050647705,185.0,187.30360168096095,-10.0,-11.412895060615275
4,1.0,0.34,-1.0,1.0,225.0,229.04936921779304,-95.0,-96.29252026744155,157.8,163.00533236193434,87.8,89.72182384932391,157.8,158.77468252199589,2.799999999999997,1.1757572280863686
189,1.0,0.44,-1.0,-1.0,-155.0,-156.23525432666244,25.0,21.20220187276736,-65.2,-67.95253900319972,-135.2,-138.09716542601873,44.8,47.82263816981201,-135.2,-137.0032623785306
52,1.0,0.02,-1.0,1.0,225.0,229.74470628766383,-95.0,-92.68950823916255,103.4,104.41166241294074,33.4,29.433568943195514,103.4,99.15700178694705,28.4,26.768057417269798
400,1.0,0.16,-1.0,-1.0,-155.0,-157.90068096443906,25.0,21.569544360611175,-42.8,-40.76858313940099,-112.8,-112.4453869003673,-2.8000000000000007,-4.814011280817754,-112.8,-116.14185936354421
130,1.0,0.06,-1.0,1.0,225.0,230.89143287220426,-95.0,-97.30436796300691,110.2,108.65617884380147,40.2,46.20999535167843,110.2,111.02165100092347,25.200000000000003,20.654176937670076
472,1.0,0.1,-1.0,-1.0,-155.0,-153.2008025611136,25.0,27.149984225664586,-38.0,-32.121628516231915,-108.0,-102.43535035650362,-13.0,-12.336981330643294,-108.0,-107.55259321718312
454,1.0,0.3,-1.0,-1.0,-155.0,-154.40044365439016,25.0,19.751732670042042,-54.0,-53.685019986881215,-124.0,-121.93181843484254,21.0,19.071534210609727,-124.0,-126.30692276351517
57,1.0,0.16,-1.0,1.0,225.0,220.6544266408524,-95.0,-95.4931370129355,127.2,129.86294376535022,57.2,61.281007032502735,127.2,127.1600335330277,17.200000000000003,16.32719578041314
56,1.0,0.38,-1.0,1.0,225.0,226.0899995556522,-95.0,-96.23333457496653,164.6,169.28334518939496,94.6,94.56598032414567,164.6,162.95120211473446,-0.3999999999999986,0.9724138691491064
355,-1.0,0.12,-1.0,1.0,-95.0,-91.94453514345005,225.0,220.7170147565415,50.4,50.96352476657277,120.4,118.68338584185021,20.4,18.55614058769576,120.4,121.72079746266544
298,1.0,0.34,-1.0,-1.0,-155.0,-154.18033205423106,25.0,22.14822928409127,-57.2,-55.71876155390598,-127.2,-124.99966867669087,27.8,27.581127011633004,-127.2,-129.89454416590735
423,1.0,0.38,-1.0,-1.0,-155.0,-151.843166740132,25.0,30.380206238530924,-60.4,-56.374395798672715,-130.4,-126.9699511473123,34.6,39.9376779100709,-130.4,-128.03905400393867
269,1.0,0.4,-1.0,-1.0,-155.0,-155.57020983572912,25.0,22.708503431013234,-62.0,-60.49758892391494,-132.0,-131.42546746245614,38.0,39.14007510137289,-132.0,-141.09794592244086
394,1.0,0.28,-1.0,-1.0,-155.0,-158.05886703472413,25.0,26.668205124088033,-52.4,-53.001488603608756,-122.4,-120.36511330531863,17.6,22.08690963171006,-122.4,-122.106068368718
359,1.0,0.14,-1.0,-1.0,-155.0,-147.17608858002492,25.0,24.321353513058437,-41.2,-42.807262462351595,-111.2,-111.3345452651809,-6.199999999999999,-9.75736837872213,-111.2,-108.3792100285735
210,1.0,0.46,-1.0,1.0,225.0,227.34067728297507,-95.0,-90.57233463599276,178.2,174.77915622518023,108.2,108.34903710165764,178.2,184.38852600257002,-6.799999999999997,-10.918506493159875
392,1.0,0.44,-1.0,-1.0,-155.0,-157.75870991752132,25.0,28.04272251539874,-65.2,-66.29172980871765,-135.2,-139.9461204515946,44.8,45.8259348783347,-135.2,-134.86569019332987
35,1.0,0.04,-1.0,1.0,225.0,225.41779203481195,-95.0,-96.2207598880563,106.8,110.4527865438271,36.8,34.417372118579706,106.8,101.56031552433971,26.8,23.136944094854485
351,1.0,0.04,-1.0,-1.0,-155.0,-157.884190833855,25.0,22.54703053313239,-33.2,-29.963710597369694,-103.2,-105.49637506223036,-23.2,-25.056202870641645,-103.2,-102.2538958864658
281,1.0,0.36,-1.0,-1.0,-155.0,-153.03042815422063,25.0,21.165268629380115,-58.8,-60.04736375743622,-128.8,-131.08705360632135,31.2,36.98335480095297,-128.8,-126.75893977171744
127,1.0,0.26,-1.0,1.0,225.0,224.4882519402423,-95.0,-96.523731145531,144.2,146.68629112588803,74.2,80.72304301391677,144.2,142.52224249400075,9.200000000000003,13.026388214273766
336,1.0,0.04,-1.0,-1.0,-155.0,-154.0078563080791,25.0,29.906929398817788,-33.2,-35.47562153648685,-103.2,-102.93413554532049,-23.2,-25.599392668803535,-103.2,-105.32236133739367
377,1.0,0.14,-1.0,-1.0,-155.0,-155.72456840662628,25.0,20.80680082525674,-41.2,-44.898462693622754,-111.2,-109.43100032672385,-6.199999999999999,-2.5994791661502608,-111.2,-108.62059219503456
61,1.0,0.5,-1.0,1.0,225.0,229.47093512501618,-95.0,-98.81415479603346,185.0,185.5446344788197,115.0,115.84425047470769,185.0,181.56093771526452,-10.0,-9.183980775802338
499,-1.0,0.3,-1.0,-1.0,25.0,24.48127091539015,-155.0,-152.83435791030382,-124.0,-117.99606275203575,-54.0,-54.726329089571486,-124.0,-121.7954291351843,21.0,19.874679735441497
101,1.0,0.34,-1.0,1.0,225.0,226.42273853818776,-95.0,-98.19813144619624,157.8,162.96918145275168,87.8,89.55670480043112,157.8,153.08177091203703,2.799999999999997,7.143078477694926
464,1.0,0.04,-1.0,-1.0,-155.0,-157.76194614765666,25.0,22.750234388591547,-33.2,-36.28849648771587,-103.2,-101.69072710415143,-23.2,-25.291238509745668,-103.2,-98.24539237788774
40,1.0,0.18,-1.0,1.0,225.0,223.68261258015062,-95.0,-93.92079445878862,130.6,130.7030068810185,60.6,54.670712573096836,130.6,127.88909643847848,15.600000000000001,13.080635074464377
412,1.0,0.3,-1.0,-1.0,-155.0,-154.45898815882254,25.0,20.52534363818176,-54.0,-55.83413569856049,-124.0,-122.7466358157766,21.0,18.776008388031727,-124.0,-122.59595179279832
85,1.0,0.16,-1.0,1.0,225.0,221.95488584534164,-95.0,-95.42963132055648,127.2,128.6493684447836,57.2,63.02508645569263,127.2,128.08117557364798,17.200000000000003,11.442346852505255
247,-1.0,0.32,-1.0,1.0,-95.0,-94.42664566933779,225.0,227.96885973207102,84.4,80.79467344422127,154.4,156.7769979735508,4.399999999999999,-2.0525978387103443,154.4,156.59524382997583
487,-1.0,0.32,-1.0,-1.0,25.0,28.640715332952084,-155.0,-157.1519645959468,-125.6,-123.19126421682604,-55.6,-53.59829773833561,-125.6,-124.29029804461653,24.4,24.14536280188444
228,1.0,0.2,-1.0,-1.0,-155.0,-151.01768500366262,25.0,26.677394932818952,-46.0,-46.62726833109211,-116.0,-116.84597394703368,4.0,2.2146898100167776,-116.0,-114.22787470582014
71,1.0,0.18,-1.0,1.0,225.0,226.4250271750879,-95.0,-95.91275532574977,130.6,130.20980927447755,60.6,60.086101210993704,130.6,128.17755896623893,15.600000000000001,16.25464846872668
419,1.0,0.16,-1.0,-1.0,-155.0,-157.05048720616045,25.0,26.225161809052388,-42.8,-42.361374740628285,-112.8,-110.29260370847629,-2.8000000000000007,-7.038334476188186,-112.8,-110.16659497491722
347,1.0,0.46,-1.0,-1.0,-155.0,-155.01204229060667,25.0,25.0560211659066,-66.8,-69.84064504346105,-136.8,-140.29923893041644,48.2,48.52681337942263,-136.8,-136.0847547794182
151,1.0,0.18,-1.0,1.0,225.0,225.51502919509548,-95.0,-95.69590632840774,130.6,129.9463765556452,60.6,65.70221269724344,130.6,127.43919967912291,15.600000000000001,18.015934104346396
424,1.0,0.32,-1.0,-1.0,-155.0,-157.08385359556647,25.0,21.651619762084238,-55.6,-56.64629112810402,-125.6,-122.30351778624349,24.4,27.747007932485985,-125.6,-124.98542953752977
29,1.0,0.2,-1.0,1.0,225.0,225.40305776533467,-95.0,-91.60706336852851,134.0,142.20768188265112,64.0,65.60160190956678,134.0,134.80248180113077,14.0,10.708402742787438
383,1.0,0.16,-1.0,-1.0,-155.0,-155.0512442152548,25.0,31.094522151514916,-42.8,-39.74100858057694,-112.8,-115.49482306774394,-2.8000000000000007,-1.320210700256761,-112.8,-116.82913634853199
154,1.0,0.34,-1.0,1.0,225.0,225.23803523159714,-95.0,-98.17379609698766,157.8,155.69354204452642,87.8,85.69324283174642,157.8,160.71440219233108,2.799999999999997,4.170933563947265
190,1.0,0.2,-1.0,1.0,225.0,226.96382420340709,-95.0,-91.36052325651886,134.0,136.75062183756808,64.0,60.68523171150211,134.0,138.56723943163894,14.0,14.561918237859231
115,1.0,0.1,-1.0,1.0,225.0,219.58730211389323,-95.0,-95.46702905561338,117.0,118.76165620458215,47.0,43.33381888667312,117.0,120.9010662141093,22.0,23.12383340312436
175,1.0,0.3,-1.0,1.0,225.0,221.0801504934053,-95.0,-90.96684309218104,151.0,146.60712654400703,81.0,75.41670569589877,151.0,155.3966174836765,6.0,5.688599570835921
196,1.0,0.26,-1.0,1.0,225.0,223.63533732781005,-95.0,-90.05663191219217,144.2,141.4671013811896,74.2,63.94648219915894,144.2,140.58368521620082,9.200000000000003,9.578130101356246
11,1.0,0.4,-1.0,1.0,225.0,223.39726780992046,-95.0,-88.03684784413508,168.0,169.04751031110249,98.0,95.78486581093043,168.0,167.1672220478878,-2.0,-9.810986617997468
235,1.0,0.22,-1.0,1.0,225.0,225.9148046457586,-95.0,-89.73560918191778,137.4,139.28971549016399,67.4,67.80960035592246,137.4,138.58751662500575,12.399999999999999,9.945860804028836
140,1.0,0.34,-1.0,1.0,225.0,226.5958621546156,-95.0,-93.98202000190221,157.8,155.79395383431302,87.8,91.47567010583349,157.8,156.2581754673673,2.799999999999997,1.815851662816613
212,1.0,0.36,-1.0,1.0,225.0,223.63103663279398,-95.0,-89.10560338558817,161.2,157.6153027390654,91.2,97.33869140145576,161.2,155.8209052813151,1.2000000000000028,-0.5705744786423315
467,1.0,0.14,-1.0,-1.0,-155.0,-155.3015196516802,25.0,25.94534319350917,-41.2,-41.43933973203853,-111.2,-112.07020322711546,-6.199999999999999,-3.3258880229962147,-111.2,-111.04941184109585
253,1.0,0.26,-1.0,-1.0,-155.0,-153.89367976917399,25.0,26.53357344828351,-50.8,-47.7641134699679,-120.8,-119.52408688201321,14.200000000000003,11.73441311576673,-120.8,-122.17146560167876
231,1.0,0.08,-1.0,1.0,225.0,228.79987388733025,-95.0,-94.2146098358973,113.6,112.73377312025258,43.6,42.27955117728114,113.6,118.31681604757202,23.6,22.74402747068967
129,1.0,0.16,-1.0,1.0,225.0,222.82055661313325,-95.0,-91.23785454083267,127.2,128.85906275543823,57.2,54.07496674343268,127.2,130.7404591768891,17.200000000000003,19.809231915969267
78,1.0,0.48,-1.0,1.0,225.0,225.66912931500593,-95.0,-95.55357516254733,181.6,176.40877477943764,111.6,106.79682398045193,181.6,182.009599257447,-8.400000000000006,-4.265378192970999
432,1.0,0.3,-1.0,-1.0,-155.0,-152.68376388914982,25.0,25.63005203065289,-54.0,-50.347554261645236,-124.0,-123.8262001351621,21.0,21.085411458887016,-124.0,-128.94544483675057
5,1.0,0.02,-1.0,1.0,225.0,224.623599870452,-95.0,-95.79112293566087,103.4,102.5678531977754,33.4,36.93263135220892,103.4,108.08606837380223,28.4,28.087751569214976
65,1.0,0.32,-1.0,1.0,225.0,226.7866876957244,-95.0,-97.97893549617837,154.4,156.55061643378582,84.4,85.84866410085414,154.4,153.64643743713742,4.399999999999999,9.835793153352348
441,1.0,0.12,-1.0,-1.0,-155.0,-153.17435855149614,25.0,24.794536292949225,-39.6,-38.34078585848536,-109.6,-109.95188741589887,-9.600000000000001,-0.9347368417048703,-109.6,-105.64848581712857
410,1.0,0.08,-1.0,-1.0,-155.0,-154.27222827569753,25.0,21.820373710734348,-36.4,-34.93382254898334,-106.4,-110.28075553390127,-16.4,-15.581358156930706,-106.4,-108.88263635969521
202,1.0,0.24,-1.0,1.0,225.0,225.66909775341207,-95.0,-93.79141224429598,140.8,139.607681398998,70.8,77.63233216513109,140.8,143.88507856935453,10.799999999999997,14.846243163133678
197,1.0,0.48,-1.0,1.0,225.0,230.8688403344262,-95.0,-94.39204007654328,181.6,178.51882209734956,111.6,109.8922608890049,181.6,186.150066231803,-8.400000000000006,-8.001490913964883
433,1.0,0.12,-1.0,-1.0,-155.0,-153.69697918032088,25.0,28.935848715417492,-39.6,-38.14580829291011,-109.6,-111.73657835974629,-9.600000000000001,-10.641711583342676,-109.6,-108.0502598138937
416,1.0,0.1,-1.0,-1.0,-155.0,-155.34177218638476,25.0,29.311314565639236,-38.0,-37.443530466834275,-108.0,-110.5405070210027,-13.0,-10.248703650750505,-108.0,-105.79848626193574
215,1.0,0.26,-1.0,1.0,225.0,223.62629732819082,-95.0,-92.77228533490212,144.2,142.20757770003618,74.2,73.52127260657966,144.2,143.7370438876321,9.200000000000003,11.728252615274446
252,1.0,0.26,-1.0,-1.0,-155.0,-149.91193362722913,25.0,26.789556187074286,-50.8,-54.01608252399358,-120.8,-121.06911580836808,14.200000000000003,11.519161790144013,-120.8,-120.38879353129862
38,1.0,0.3,-1.0,1.0,225.0,225.12358769406296,-95.0,-101.10128464552774,151.0,152.6432433894698,81.0,84.39328621885423,151.0,148.49752874168553,6.0,7.96299259854121
293,1.0,0.26,-1.0,-1.0,-155.0,-153.76033929317953,25.0,21.372407230431303,-50.8,-51.10052309091723,-120.8,-115.20970863884571,14.200000000000003,13.528134829034853,-120.8,-124.53754170460275
240,1.0,0.34,-1.0,-1.0,-155.0,-158.07772212309857,25.0,24.758283720206684,-57.2,-53.04363828268271,-127.2,-127.36635719860314,27.8,28.430837176439656,-127.2,-128.26424237115106
88,1.0,0.22,-1.0,1.0,225.0,227.3509624176818,-95.0,-94.87464643571991,137.4,134.76642774065826,67.4,68.06226334101919,137.4,133.62734802710483,12.399999999999999,11.238931184691323
108,1.0,0.32,-1.0,1.0,225.0,224.91005793480392,-95.0,-92.74908135605018,154.4,155.06633342064927,84.4,82.48209842831368,154.4,152.26176336229182,4.399999999999999,3.7948714717995493
398,1.0,0.5,-1.0,-1.0,-155.0,-156.3426078268335,25.0,27.095407269735627,-70.0,-68.20449211370027,-140.0,-138.3778566887364,55.0,58.17060162493025,-140.0,-142.6129172251295
428,1.0,0.24,-1.0,-1.0,-155.0,-157.7084997159297,25.0,23.202768494874398,-49.2,-50.50480629744293,-119.2,-118.77608379741196,10.799999999999997,6.140784445907354,-119.2,-115.9403358699618
24,1.0,0.34,-1.0,1.0,225.0,227.98301286375997,-95.0,-91.11841846642339,157.8,156.94185414843676,87.8,87.32109571427038,157.8,160.01532687005732,2.799999999999997,2.1210191413207236
122,1.0,0.4,-1.0,1.0,225.0,225.69359655534768,-95.0,-96.99036674163283,168.0,167.54742778560836,98.0,96.16890363244066,168.0,171.18373065032958,-2.0,-2.3999715272415787
368,1.0,0.4,-1.0,-1.0,-155.0,-150.0564079932085,25.0,25.2139114186866,-62.0,-62.43339149398454,-132.0,-130.15982942165854,38.0,36.4111522379934,-132.0,-134.66122605294154
470,1.0,0.12,-1.0,-1.0,-155.0,-158.76266443354,25.0,28.716093424671165,-39.6,-41.868402246049726,-109.6,-115.32349021355233,-9.600000000000001,-5.737086607317154,-109.6,-112.3031342306387
374,1.0,0.08,-1.0,-1.0,-155.0,-155.351506318843,25.0,21.9592440938259,-36.4,-35.937327507316404,-106.4,-106.24274947866567,-16.4,-14.789741662111632,-106.4,-105.60015667437114
186,1.0,0.34,-1.0,1.0,225.0,223.87942554182231,-95.0,-91.27294431591477,157.8,162.19737896346308,87.8,87.01196446031297,157.8,160.7032508300703,2.799999999999997,2.732703081029053
492,-1.0,0.24,-1.0,-1.0,25.0,30.13428903735706,-155.0,-157.6126933905577,-119.2,-115.73878375160486,-49.2,-46.796424204271105,-119.2,-117.12598666291355,10.799999999999997,9.623738682607847
43,1.0,0.26,-1.0,1.0,225.0,223.20652719979122,-95.0,-96.85246418135215,144.2,145.77947544804329,74.2,73.46477515992207,144.2,150.477951049677,9.200000000000003,9.98947021947361
479,-1.0,0.04,-1.0,-1.0,25.0,25.07495340447287,-155.0,-155.31741837205325,-103.2,-102.52444837655251,-33.2,-36.02631207796634,-103.2,-107.3881262532112,-23.2,-24.91102887422288
299,-1.0,0.08,-1.0,1.0,-95.0,-91.44719542823066,225.0,222.38748949153722,43.6,44.54190844570823,113.6,111.80563166007812,23.6,25.771580200707863,113.6,115.85333489687513
207,1.0,0.22,-1.0,1.0,225.0,228.94396971391149,-95.0,-91.52805084129325,137.4,138.97296266068528,67.4,65.68988010482325,137.4,134.60642792420208,12.399999999999999,9.646305112341366
158,1.0,0.24,-1.0,1.0,225.0,224.40902186564657,-95.0,-95.67520622985066,140.8,138.52281017925338,70.8,66.45829886614275,140.8,142.6149743539288,10.799999999999997,13.884678323818065
345,1.0,0.08,-1.0,-1.0,-155.0,-155.43500537748466,25.0,22.08967930517609,-36.4,-33.609808411794845,-106.4,-105.50503846582549,-16.4,-11.761187779825898,-106.4,-105.69114779796375
213,1.0,0.46,-1.0,1.0,225.0,227.70452615026787,-95.0,-95.40790442473602,178.2,178.20237429171374,108.2,107.19224030053569,178.2,178.81620006806799,-6.799999999999997,-5.498784679592197
413,1.0,0.06,-1.0,-1.0,-155.0,-154.6502458128932,25.0,22.942473911864386,-34.8,-37.01415381003225,-104.8,-102.9031521841254,-19.8,-18.094173537876763,-104.8,-107.16697654485776
131,1.0,0.4,-1.0,1.0,225.0,219.86967440043549,-95.0,-98.35890916733659,168.0,168.89623590190243,98.0,100.4512733304713,168.0,164.3338471452299,-2.0,-7.79571714200745
483,-1.0,0.14,-1.0,-1.0,25.0,24.291693087856373,-155.0,-151.58415284190954,-111.2,-112.65997543184737,-41.2,-44.97684748390873,-111.2,-113.08131813218498,-6.199999999999999,-5.320268306992358
261,1.0,0.24,-1.0,-1.0,-155.0,-154.25675341182134,25.0,21.726891708930506,-49.2,-49.81433714589033,-119.2,-122.19041604133669,10.799999999999997,10.248287677178894,-119.2,-119.71808601927974
418,1.0,0.12,-1.0,-1.0,-155.0,-155.42125215224445,25.0,25.757330421821916,-39.6,-45.077562582819695,-109.6,-109.54744621532191,-9.600000000000001,-11.48930506710639,-109.6,-109.90213187102762
338,1.0,0.26,-1.0,-1.0,-155.0,-151.22262365841345,25.0,23.826954975425327,-50.8,-49.50688701135236,-120.8,-117.63206975918447,14.200000000000003,14.647748128319158,-120.8,-124.04312448416718
188,1.0,0.3,-1.0,1.0,225.0,225.408109465678,-95.0,-93.73445812930609,151.0,153.78221818174438,81.0,84.42112398144528,151.0,149.2047607370357,6.0,2.227662822781502
307,1.0,0.44,-1.0,-1.0,-155.0,-154.18183610142069,25.0,25.17797488092306,-65.2,-63.90683644648405,-135.2,-130.9373615166331,44.8,47.37428607481966,-135.2,-137.01080931010006
254,1.0,0.36,-1.0,-1.0,-155.0,-156.5701938911494,25.0,27.4116723140795,-58.8,-59.611129368414055,-128.8,-128.84379737628774,31.2,31.683467563768243,-128.8,-124.81499194296619
83,1.0,0.48,-1.0,1.0,225.0,223.55069243334597,-95.0,-96.62297843727481,181.6,182.95552477485643,111.6,111.20307167428217,181.6,184.05992814166612,-8.400000000000006,-15.285622689487468
156,1.0,0.02,-1.0,1.0,225.0,223.7834836310022,-95.0,-93.25679181197569,103.4,107.76526245910186,33.4,34.66325314432206,103.4,106.03880406767617,28.4,34.479324897593266
450,1.0,0.08,-1.0,-1.0,-155.0,-152.53302825399768,25.0,27.625618627061037,-36.4,-34.83155173091841,-106.4,-102.84084184667822,-16.4,-16.174833469771833,-106.4,-102.53663995925405
407,1.0,0.5,-1.0,-1.0,-155.0,-154.6368458774065,25.0,20.130851465056836,-70.0,-73.35364822829372,-140.0,-138.97199425918328,55.0,53.970226111027216,-140.0,-144.1528225008094
193,1.0,0.2,-1.0,1.0,225.0,225.20234394357482,-95.0,-94.3445715165781,134.0,130.06682375591632,64.0,68.3100082432733,134.0,137.35437158725426,14.0,11.23327074151937
449,1.0,0.08,-1.0,-1.0,-155.0,-152.1168867028088,25.0,25.226107073008162,-36.4,-34.262756829666806,-106.4,-106.2592225479319,-16.4,-17.76362487924023,-106.4,-107.50262306919024
372,1.0,0.08,-1.0,-1.0,-155.0,-152.11257739020073,25.0,25.247373859237303,-36.4,-38.05067264108405,-106.4,-104.34190829146215,-16.4,-21.764922850888958,-106.4,-102.50237782560434
68,1.0,0.14,-1.0,1.0,225.0,220.1394794525752,-95.0,-92.45291690539347,123.8,118.94563973236916,53.8,53.58672137966872,123.8,124.76664920481127,18.799999999999997,17.889150983286534
363,1.0,0.12,-1.0,-1.0,-155.0,-152.26578600950788,25.0,26.353335067221987,-39.6,-44.40012078702468,-109.6,-117.29119702709878,-9.600000000000001,-10.870138798866302,-109.6,-106.70218698008254
47,1.0,0.06,-1.0,1.0,225.0,222.85642745002264,-95.0,-96.96092055582352,110.2,105.08212806692737,40.2,40.34506814219604,110.2,114.60842965161116,25.200000000000003,26.003325095423193
54,1.0,0.24,-1.0,1.0,225.0,226.6047776044186,-95.0,-91.5761814714989,140.8,135.57051196856696,70.8,71.28370727745737,140.8,139.7855286147434,10.799999999999997,9.14196357276754
295,-1.0,0.08,-1.0,1.0,-95.0,-96.19555650268417,225.0,228.52098208640277,43.6,47.068341592181156,113.6,117.8304161435235,23.6,18.901650440973206,113.6,111.7362509298626
63,1.0,0.28,-1.0,1.0,225.0,228.5837753464312,-95.0,-95.64241745512105,147.6,150.4715322467877,77.6,73.73324440095223,147.6,149.23607466698206,7.600000000000001,6.8276909620066295
451,1.0,0.04,-1.0,-1.0,-155.0,-156.12671992246044,25.0,21.037422669319575,-33.2,-32.82508265204668,-103.2,-105.89137445355229,-23.2,-25.07143111449604,-103.2,-108.43094034075186
378,1.0,0.34,-1.0,-1.0,-155.0,-156.34743343583264,25.0,27.511625779592723,-57.2,-57.750386813853424,-127.2,-126.88539648349602,27.8,30.802935236163897,-127.2,-124.34532734258708
199,1.0,0.2,-1.0,1.0,225.0,224.33538839432342,-95.0,-94.48157752162199,134.0,130.5541107264354,64.0,62.65547359846246,134.0,132.2437051668995,14.0,13.2734624396085
161,1.0,0.44,-1.0,1.0,225.0,226.58229000078623,-95.0,-93.89763363828662,174.8,178.80443327618792,104.8,101.83248231934797,174.8,173.77006543261209,-5.200000000000003,-15.118440416003192
414,1.0,0.12,-1.0,-1.0,-155.0,-154.86877789740637,25.0,22.577666241908076,-39.6,-40.14751056845498,-109.6,-108.54948689444615,-9.600000000000001,-8.855339575114211,-109.6,-106.1788309355193
143,1.0,0.2,-1.0,1.0,225.0,222.90259321081172,-95.0,-93.30886768124812,134.0,140.18676762346314,64.0,58.90659938971176,134.0,135.8643921395526,14.0,15.847225721703479
86,1.0,0.26,-1.0,1.0,225.0,227.7393226992815,-95.0,-97.0945180185519,144.2,147.23935849891686,74.2,73.4826724936727,144.2,144.30341757875374,9.200000000000003,10.411071599473914
460,1.0,0.18,-1.0,-1.0,-155.0,-153.10861545187157,25.0,25.164265348126055,-44.4,-46.30043383566917,-114.4,-112.66543919684509,0.6000000000000014,1.1461742640069525,-114.4,-114.86865652016982
157,1.0,0.44,-1.0,1.0,225.0,219.5709241454693,-95.0,-93.35735175934906,174.8,176.83866100674564,104.8,103.84811190812668,174.8,179.2605309526799,-5.200000000000003,-9.500173829094233
447,1.0,0.02,-1.0,-1.0,-155.0,-155.90708340401267,25.0,24.84397726595529,-31.6,-33.854472037678605,-101.6,-101.45041724638284,-26.6,-25.553692282041183,-101.6,-95.30275251655496
397,1.0,0.02,-1.0,-1.0,-155.0,-155.446237782474,25.0,24.196735941571596,-31.6,-28.44533989141946,-101.6,-101.25287470972995,-26.6,-23.621738457751174,-101.6,-105.9920908107169
386,1.0,0.18,-1.0,-1.0,-155.0,-157.26505757349,25.0,23.189327167600922,-44.4,-47.46309538267856,-114.4,-118.71263665868389,0.6000000000000014,-0.5255752780999949,-114.4,-120.6276092091178
37,1.0,0.18,-1.0,1.0,225.0,219.40345566485107,-95.0,-95.97777969640103,130.6,129.91151549046498,60.6,55.885612403219056,130.6,131.55297125157284,15.600000000000001,17.56767490503883
44,1.0,0.48,-1.0,1.0,225.0,223.96470288158986,-95.0,-92.37432407168161,181.6,183.56941632509265,111.6,111.1243788132579,181.6,181.92746229488142,-8.400000000000006,-5.916163604034059
98,1.0,0.44,-1.0,1.0,225.0,226.36359491361875,-95.0,-99.02242896627234,174.8,173.3583925089915,104.8,101.47049929028448,174.8,175.99634462199444,-5.200000000000003,-4.786746931113017
477,-1.0,0.28,-1.0,-1.0,25.0,25.478412571039694,-155.0,-153.01726545839924,-122.4,-125.31723415986221,-52.4,-48.37635069193866,-122.4,-118.10725825051543,17.6,15.51780819071665
167,1.0,0.34,-1.0,1.0,225.0,222.4644282861163,-95.0,-96.63479772707532,157.8,159.12482981297737,87.8,85.40701728029038,157.8,157.0741166191034,2.799999999999997,2.503925292542549
305,-1.0,0.04,-1.0,1.0,-95.0,-93.27161145954678,225.0,223.55500164676326,36.8,39.56733448805334,106.8,110.89374279916858,26.8,23.1657744402614,106.8,105.72552826510523
169,1.0,0.1,-1.0,1.0,225.0,227.42145116835758,-95.0,-96.74027544026633,117.0,114.36268768473148,47.0,49.517104777155176,117.0,119.8605547773501,22.0,21.32740282501103
92,1.0,0.3,-1.0,1.0,225.0,219.12643973970938,-95.0,-94.78719253448564,151.0,154.42943262416424,81.0,80.55978375130485,151.0,155.3193783609403,6.0,6.53474605825547
330,1.0,0.22,-1.0,-1.0,-155.0,-150.63869718058172,25.0,25.54023110191631,-47.6,-48.84624479430905,-117.6,-120.90429217660918,7.399999999999999,9.668997806912934,-117.6,-118.44681280576813
320,-1.0,0.12,-1.0,1.0,-95.0,-95.33084711728151,225.0,225.05631363953145,50.4,49.1618524278329,120.4,125.6177000537583,20.4,18.23212946397723,120.4,121.68383111089318
22,1.0,0.42,-1.0,1.0,225.0,223.20413284458468,-95.0,-95.48769768121011,171.4,166.43730728548672,101.4,106.42302942184769,171.4,168.03055822016074,-3.6000000000000014,-5.899535046489078
114,1.0,0.06,-1.0,1.0,225.0,226.50103716331938,-95.0,-91.55781575767983,110.2,112.00539115805542,40.2,38.71210364681101,110.2,112.80040808187252,25.200000000000003,25.684163218581453
74,1.0,0.28,-1.0,1.0,225.0,227.17194484483633,-95.0,-95.75101347801692,147.6,144.53479055836766,77.6,77.51093913452483,147.6,146.12476068200897,7.600000000000001,6.058419448319555
285,1.0,0.32,-1.0,-1.0,-155.0,-159.19971315414773,25.0,25.543506892650434,-55.6,-58.289039574379245,-125.6,-125.23213389122553,24.4,25.745543127130396,-125.6,-128.87089115600136
443,1.0,0.3,-1.0,-1.0,-155.0,-151.42776608872407,25.0,23.873358417176192,-54.0,-55.54670387398077,-124.0,-127.4062519787609,21.0,25.771509457347044,-124.0,-128.10092485320297
198,1.0,0.14,-1.0,1.0,225.0,217.6115922542389,-95.0,-90.9411472412363,123.8,123.96036152163383,53.8,55.481344476811486,123.8,124.70580564105538,18.799999999999997,19.63423951537694
77,1.0,0.36,-1.0,1.0,225.0,223.91051525758238,-95.0,-95.64214907429995,161.2,158.74362583286023,91.2,89.20905466633397,161.2,160.11410513665263,1.2000000000000028,-5.126040089704363
14,1.0,0.16,-1.0,1.0,225.0,225.1723165973752,-95.0,-93.47190737072894,127.2,129.05733927734494,57.2,58.215929035896856,127.2,131.16784808829138,17.200000000000003,18.848832117812627
282,1.0,0.2,-1.0,-1.0,-155.0,-155.80898638890275,25.0,27.687026648503203,-46.0,-47.97493688085097,-116.0,-110.7500506018537,4.0,1.9757607661154535,-116.0,-120.62729385757908
315,1.0,0.48,-1.0,-1.0,-155.0,-154.4559175050644,25.0,25.85810416697001,-68.4,-65.57157642435392,-138.4,-138.7792039249579,51.599999999999994,49.10321254258288,-138.4,-135.96313365518586
488,-1.0,0.38,-1.0,-1.0,25.0,23.262758803703726,-155.0,-152.02983076306217,-130.4,-121.98014343469177,-60.4,-63.69876981784324,-130.4,-130.88012748093078,34.6,38.045368328818824
333,1.0,0.38,-1.0,-1.0,-155.0,-154.4521547459965,25.0,25.626854236460016,-60.4,-62.76538719300164,-130.4,-130.54832906072517,34.6,32.82807658074194,-130.4,-125.56200828454027
332,1.0,0.24,-1.0,-1.0,-155.0,-158.67246041497444,25.0,23.28762037306199,-49.2,-54.61159126255302,-119.2,-117.56058544412241,10.799999999999997,9.388345826130179,-119.2,-121.1231862571494
316,1.0,0.32,-1.0,-1.0,-155.0,-149.68318691845826,25.0,31.813922722145833,-55.6,-56.69831220824147,-125.6,-126.32030088675816,24.4,25.996839869728618,-125.6,-123.73312647311346
50,1.0,0.14,-1.0,1.0,225.0,221.5937958008761,-95.0,-96.18251508773088,123.8,124.3787431455315,53.8,51.723106936375096,123.8,122.87131968070719,18.799999999999997,19.60026426163946
318,1.0,0.36,-1.0,-1.0,-155.0,-160.13507298496913,25.0,22.008252279677414,-58.8,-55.30462168928481,-128.8,-127.46836307115055,31.2,33.76874156442918,-128.8,-125.57870382397977
236,1.0,0.4,-1.0,-1.0,-155.0,-156.31423854889485,25.0,19.266401987324237,-62.0,-62.319885255719335,-132.0,-136.13366687745147,38.0,40.50424939467883,-132.0,-133.0705472323424
204,1.0,0.18,-1.0,1.0,225.0,219.4291874367315,-95.0,-95.71323157192742,130.6,125.30359035459031,60.6,61.2186993437117,130.6,124.50898462099511,15.600000000000001,12.684100791273332
195,1.0,0.46,-1.0,1.0,225.0,227.272990281358,-95.0,-94.1582819020522,178.2,169.866515435066,108.2,109.19036120660712,178.2,177.43973073031003,-6.799999999999997,-8.047080115672845
321,1.0,0.08,-1.0,-1.0,-155.0,-155.4923324443574,25.0,22.971044046520454,-36.4,-35.83565020534788,-106.4,-106.66276062770774,-16.4,-19.693028790985345,-106.4,-104.96662301935793
385,1.0,0.42,-1.0,-1.0,-155.0,-155.4044521781671,25.0,25.232790747023593,-63.6,-62.34445111704358,-133.6,-132.62083049509334,41.4,37.07653416988466,-133.6,-139.3060816581536
113,1.0,0.46,-1.0,1.0,225.0,225.8790540474571,-95.0,-94.82882926699489,178.2,172.07707450304028,108.2,110.0802980534308,178.2,179.0819288091515,-6.799999999999997,-5.91875890790922
0,1.0,0.14,-1.0,1.0,225.0,229.73682932713083,-95.0,-94.15843446618892,123.8,126.61831689722305,53.8,55.91334765140356,123.8,127.61110846935347,18.799999999999997,20.481727421475206
107,1.0,0.34,-1.0,1.0,225.0,218.93537030814295,-95.0,-98.23894775924364,157.8,156.7537658962255,87.8,88.57233092631769,157.8,158.99777028024846,2.799999999999997,2.8222758385133857
390,1.0,0.06,-1.0,-1.0,-155.0,-153.99619213072168,25.0,26.93014244980891,-34.8,-39.93667923959142,-104.8,-106.08843682354268,-19.8,-18.917024206910057,-104.8,-106.1647278869641
184,1.0,0.38,-1.0,1.0,225.0,225.28931142425395,-95.0,-92.02392050592502,164.6,164.19725399061832,94.6,93.1785637424132,164.6,161.05475347961843,-0.3999999999999986,-4.21709850796859
339,1.0,0.04,-1.0,-1.0,-155.0,-155.11932593451505,25.0,24.511451010994673,-33.2,-34.44541608009311,-103.2,-103.35798136379582,-23.2,-26.26054892597908,-103.2,-101.16704476615354
102,1.0,0.22,-1.0,1.0,225.0,223.03475456217396,-95.0,-99.95401845873837,137.4,137.43538361877415,67.4,64.79996173938284,137.4,135.14628062296387,12.399999999999999,17.22704473903115
453,1.0,0.04,-1.0,-1.0,-155.0,-157.37750474815422,25.0,24.54526306634114,-33.2,-35.634574021877626,-103.2,-100.21570285940429,-23.2,-19.159142120262132,-103.2,-102.99072588158043
15,1.0,0.48,-1.0,1.0,225.0,225.2603112813252,-95.0,-91.18219085171484,181.6,180.53601057929788,111.6,112.21805735852047,181.6,182.66778127132022,-8.400000000000006,-9.392923875185938
201,1.0,0.32,-1.0,1.0,225.0,227.27790010937377,-95.0,-88.09269328709523,154.4,156.23704680323172,84.4,84.57906592995184,154.4,149.75164837738672,4.399999999999999,0.08402304049577669
395,1.0,0.42,-1.0,-1.0,-155.0,-158.30387734213204,25.0,24.16651642172468,-63.6,-64.27127235734092,-133.6,-135.0006863899281,41.4,40.99399261784998,-133.6,-131.19120117186554
277,1.0,0.28,-1.0,-1.0,-155.0,-152.851360975432,25.0,22.761722082649428,-52.4,-54.60080086735606,-122.4,-129.47594364481898,17.6,25.002997109251567,-122.4,-120.62223130192235
90,1.0,0.5,-1.0,1.0,225.0,225.94305241310684,-95.0,-91.3634638198442,185.0,182.4990857597908,115.0,114.41830533657357,185.0,186.2971129501719,-10.0,-11.149728407603455
36,1.0,0.4,-1.0,1.0,225.0,224.2362334998015,-95.0,-87.79587029823097,168.0,171.73894567396923,98.0,94.67732141020208,168.0,175.87905731094926,-2.0,3.2024491017997905
437,1.0,0.18,-1.0,-1.0,-155.0,-155.13481135733534,25.0,27.02604068484805,-44.4,-47.24330887645196,-114.4,-113.21445746122446,0.6000000000000014,3.696257681857503,-114.4,-113.70015740719494
427,1.0,0.28,-1.0,-1.0,-155.0,-155.25839437503487,25.0,26.829994616620553,-52.4,-51.42039691863542,-122.4,-122.99007297708314,17.6,19.297493007495476,-122.4,-124.93387834896384
358,1.0,0.38,-1.0,-1.0,-155.0,-153.5832958686614,25.0,23.529845749573752,-60.4,-56.06314773515457,-130.4,-123.13415410639742,34.6,35.93733067342917,-130.4,-130.81256467677238
145,1.0,0.48,-1.0,1.0,225.0,226.44318770497605,-95.0,-95.17338483228214,181.6,179.3995897629314,111.6,115.32403572700588,181.6,185.15467862486767,-8.400000000000006,-8.846156950237312
76,1.0,0.5,-1.0,1.0,225.0,225.27048558854347,-95.0,-91.98836968325104,185.0,181.29787480213236,115.0,112.41212641033547,185.0,185.29067193763774,-10.0,-7.208475385810194
474,1.0,0.42,-1.0,-1.0,-155.0,-149.44451742939017,25.0,22.63855874756368,-63.6,-61.49088939684557,-133.6,-133.20055195460702,41.4,39.157279576626685,-133.6,-127.98919531273351
286,1.0,0.22,-1.0,-1.0,-155.0,-156.09779416563904,25.0,30.786923448855454,-47.6,-53.10667563773881,-117.6,-117.86264305211425,7.399999999999999,8.333748287263482,-117.6,-121.586198234708
183,1.0,0.22,-1.0,1.0,225.0,225.16869578316866,-95.0,-90.73957138752976,137.4,139.1676789209205,67.4,73.12210246057047,137.4,137.36525867267102,12.399999999999999,13.36794664851902
132,1.0,0.08,-1.0,1.0,225.0,223.02111565695327,-95.0,-90.87495113655432,113.6,114.1092816704729,43.6,40.678357167957046,113.6,110.55973589900485,23.6,20.15636481974442
62,1.0,0.42,-1.0,1.0,225.0,225.56685151263713,-95.0,-93.0722244465887,171.4,170.62244297567761,101.4,98.97832629214896,171.4,170.3593078277932,-3.6000000000000014,-4.4038184008486505
317,1.0,0.36,-1.0,-1.0,-155.0,-150.64469825576512,25.0,27.31831696940761,-58.8,-56.75147494350687,-128.8,-122.8528324535482,31.2,29.698234933996737,-128.8,-128.22886776458054
319,1.0,0.3,-1.0,-1.0,-155.0,-158.36145823840582,25.0,25.263582646881602,-54.0,-51.421954018543225,-124.0,-128.89994893190573,21.0,23.951082191252322,-124.0,-125.35108353467555
168,1.0,0.14,-1.0,1.0,225.0,222.4922502923204,-95.0,-96.35309219818467,123.8,127.7609755627841,53.8,53.94715340543541,123.8,120.60339869229614,18.799999999999997,24.612705630389936
53,1.0,0.44,-1.0,1.0,225.0,227.8291250191572,-95.0,-91.32988584636666,174.8,174.91025400550086,104.8,103.16553285039645,174.8,176.6893787122691,-5.200000000000003,-10.217790959246702
264,-1.0,0.12,-1.0,1.0,-95.0,-94.95352255306612,225.0,224.15717895744518,50.4,50.33415187130193,120.4,117.52251431143969,20.4,22.99355010354589,120.4,123.34805904711914
256,1.0,0.26,-1.0,-1.0,-155.0,-159.37726143378765,25.0,22.237658615944767,-50.8,-58.0127696147528,-120.8,-121.63712994874041,14.200000000000003,11.362979713175076,-120.8,-125.29142060075972
116,1.0,0.24,-1.0,1.0,225.0,224.35474830437448,-95.0,-93.10132527880785,140.8,140.6774077109491,70.8,68.45859880628089,140.8,142.2207913665551,10.799999999999997,10.719697293640769
232,1.0,0.24,-1.0,1.0,225.0,225.54037228416195,-95.0,-97.75491665690397,140.8,139.56982813445924,70.8,67.7865800590083,140.8,140.06473901434197,10.799999999999997,10.415738204490967
309,1.0,0.46,-1.0,-1.0,-155.0,-154.12195354137182,25.0,26.678299078012802,-66.8,-66.54816676223369,-136.8,-137.38949864059103,48.2,47.63698423192169,-136.8,-135.90481533867708
72,1.0,0.12,-1.0,1.0,225.0,227.32586702291155,-95.0,-99.14011415492888,120.4,121.48380966826616,50.4,53.20365087764349,120.4,120.55617045041815,20.4,12.388133675712591
97,1.0,0.34,-1.0,1.0,225.0,223.83542661812052,-95.0,-92.90341197193166,157.8,154.8132686832571,87.8,87.78173477864904,157.8,159.53426577618828,2.799999999999997,-2.5820176652088813
327,1.0,0.42,-1.0,-1.0,-155.0,-152.98264438786907,25.0,20.16678025210666,-63.6,-63.7389631191645,-133.6,-138.1978855630575,41.4,38.295436750558224,-133.6,-136.11102699323507
314,1.0,0.22,-1.0,-1.0,-155.0,-153.50701679268457,25.0,26.92680512956239,-47.6,-41.583141979038565,-117.6,-116.77342794978026,7.399999999999999,1.9214324967231056,-117.6,-118.8673581496706
28,1.0,0.38,-1.0,1.0,225.0,222.30855549759244,-95.0,-98.40365606819049,164.6,162.71268261371577,94.6,101.78154493040458,164.6,168.08429045987788,-0.3999999999999986,-0.7523343007109068
389,1.0,0.46,-1.0,-1.0,-155.0,-150.4096390813468,25.0,26.570138161081914,-66.8,-66.00295200771306,-136.8,-138.81587213758078,48.2,50.63792082760802,-136.8,-133.51523701109102
268,1.0,0.44,-1.0,-1.0,-155.0,-156.34393080725525,25.0,24.219220501108026,-65.2,-66.25922385128553,-135.2,-133.64440831759094,44.8,45.33030502327693,-135.2,-138.12186357681566
469,1.0,0.12,-1.0,-1.0,-155.0,-155.29796137575903,25.0,23.721176210849315,-39.6,-42.087804065046335,-109.6,-112.40090427379137,-9.600000000000001,-7.537203979986202,-109.6,-111.48355813380236
171,1.0,0.02,-1.0,1.0,225.0,223.43063575596003,-95.0,-93.26924493817796,103.4,101.96597260072274,33.4,33.07619095576693,103.4,104.03861032381282,28.4,25.29381132071029
369,1.0,0.22,-1.0,-1.0,-155.0,-155.31671959973633,25.0,24.19601306856513,-47.6,-48.51850296118279,-117.6,-121.32244305501106,7.399999999999999,6.8912908047094295,-117.6,-115.27092487120136
310,1.0,0.14,-1.0,-1.0,-155.0,-157.91637261296705,25.0,30.594083217926297,-41.2,-37.2850634405404,-111.2,-114.22321652629508,-6.199999999999999,-4.806156113957719,-111.2,-113.59353794705315
99,1.0,0.42,-1.0,1.0,225.0,226.45379000268483,-95.0,-96.01010590889015,171.4,169.05144719699138,101.4,104.06454085812557,171.4,165.40399159185708,-3.6000000000000014,0.664654953170543
250,1.0,0.24,-1.0,-1.0,-155.0,-153.64470276696497,25.0,22.665431181172043,-49.2,-54.75914583245342,-119.2,-116.68870449551532,10.799999999999997,8.196399294195782,-119.2,-116.70252471155533
2,1.0,0.14,-1.0,1.0,225.0,222.11632562632505,-95.0,-97.16927063514264,123.8,122.907198513241,53.8,57.90270303818757,123.8,121.0071064954515,18.799999999999997,15.907404414063084
51,1.0,0.4,-1.0,1.0,225.0,224.24056311791756,-95.0,-94.37713294143097,168.0,172.24679177918887,98.0,97.79398652634251,168.0,175.89928215215014,-2.0,2.5048592358036155
238,1.0,0.42,-1.0,1.0,225.0,229.25182667022818,-95.0,-96.40687591942216,171.4,169.80090868396033,101.4,98.92181160233392,171.4,172.75945669717504,-3.6000000000000014,-5.955405815895679
465,1.0,0.04,-1.0,-1.0,-155.0,-154.7946734553925,25.0,27.435482736013494,-33.2,-38.512805453358325,-103.2,-102.22350624515072,-23.2,-25.678834091242624,-103.2,-104.39264343046823
283,1.0,0.36,-1.0,-1.0,-155.0,-159.89442921136742,25.0,29.65855440397453,-58.8,-60.60202882374072,-128.8,-130.13864051543175,31.2,26.740630931899013,-128.8,-128.59576695462644
260,-1.0,0.16,-1.0,1.0,-95.0,-94.42130520422356,225.0,225.51247413901527,57.2,53.425823212210496,127.2,131.4852801317542,17.200000000000003,18.61967277733235,127.2,123.22255017463414
